dept,div,pmr_cycle_id,oper_num,workflow_typ_nm,workflow_id,workflow_sts,usr_nm,usr_prof,task_id,task_sts,clssfctn,usr_cmnt,mod,dw_crte_ts,dw_updt_ts,valdtn_stg_cd,valdtn_stg_engl_nm,valdtn_stg_spanish_nm,valdtn_stg_portuguese_nm,valdtn_stg_french_nm
IFD,IFD/FMM,29,BR-L1501,Progress Monitoring Report March Validation Workflow,83411,Approved,patriciagb,Team Leader,179392,Approved-PMI_TL,Satisfactory,,3/19/2019 11:40,6/15/2026 23:04,6/15/2026 23:04,PMI_TL,Completed by Team Leader,Completado por el Líder de Equipo,Completado pelo(a) Líder de Equipe,Complété par le Chef d’équipe
IFD,IFD/FMM,42,CO-L1164,Progress Monitoring Report March Validation Workflow,223709,Aprobado,kelvins,Representative,582496,Approved-PMI_CR,Satisfactory,,4/27/2023 16:10,6/15/2026 23:04,6/15/2026 23:04,PMI_CR,Validated by Representative,Validada por el Representante de País,Validado pelo(a) Representante do País,Validé par le Représentant de pays
IFD,IFD/FMM,42,BR-L1377,Progress Monitoring Report March Validation Workflow,223543,Approved,mmacdowell,Team Leader,569199,Approved-PMI_TL,Satisfactory,,3/27/2023 18:57,6/15/2026 23:04,6/15/2026 23:04,PMI_TL,Completed by Team Leader,Completado por el Líder de Equipo,Completado pelo(a) Líder de Equipe,Complété par le Chef d’équipe
IFD,IFD/FMM,42,AR-L1285,Progress Monitoring Report March Validation Workflow,225500,Approved,jgomezreino,Team Leader,575219,Approved-PMI_TL,Problem,,4/11/2023 17:32,6/15/2026 23:04,6/15/2026 23:04,PMI_TL,Completed by Team Leader,Completado por el Líder de Equipo,Completado pelo(a) Líder de Equipe,Complété par le Chef d’équipe
IFD,IFD/FMM,42,AR-L1285,Progress Monitoring Report March Validation Workflow,225500,Approved,marianac,Division Chief,590794,Approved-PMI_DC,ALERT,"Se aprueba el flujo con el visto bueno de Axel Radics, como punto focal de FMM.",5/15/2023 10:00,6/15/2026 23:04,6/15/2026 23:04,PMI_DC,Validated by Division Chief,Validada por el Jefe de División,Validado pelo(a) Chefe de Divisão,Validé par le Chef de Division
IFD,IFD/FMM,40,AR-L1248,Progress Monitoring Report September Validation Workflow,196743,Approved-PMI_COO,DOBARA,Chief of Operations,487331,Approved-PMI_COO,Alert,,10/14/2022 19:21,6/15/2026 23:04,6/15/2026 23:04,PMI_COO,Validated by Chief of Operations,Validado por los Jefes de Operaciones,Validado pelo(a) Chefe de Operações,Validé par le Chef des opérations
IFD,IFD/FMM,42,PN-L1161,Progress Monitoring Report March Validation Workflow,225546,Approved,GermanZ,Representative,582296,Approved-PMI_CR,Problem,,4/26/2023 12:49,6/15/2026 23:04,6/15/2026 23:04,PMI_CR,Validated by Representative,Validada por el Representante de País,Validado pelo(a) Representante do País,Validé par le Représentant de pays
IFD,IFD/FMM,54,BR-L1643,Progress Monitoring Report March Validation Workflow,398570,Approved,YUDYB,Chief of Operations,1122555,Approved-PMI_COO,Satisfactory,,4/8/2026 22:07,6/15/2026 23:04,6/15/2026 23:04,PMI_COO,Validated by Chief of Operations,Validado por los Jefes de Operaciones,Validado pelo(a) Chefe de Operações,Validé par le Chef des opérations
IFD,IFD/FMM,54,BR-L1643,Progress Monitoring Report March Validation Workflow,398570,Approved,ANNETTEK,Representative,1139521,Approved-PMI_CR,Satisfactory,,5/15/2026 18:06,6/15/2026 23:04,6/15/2026 23:04,PMI_CR,Validated by Representative,Validada por el Representante de País,Validado pelo(a) Representante do País,Validé par le Représentant de pays
IFD,IFD/FMM,54,PE-L1239,Progress Monitoring Report March Validation Workflow,400436,Approved,rhinac,Representative,1139538,Approved-PMI_CR,Satisfactory,,5/15/2026 12:22,6/15/2026 23:04,6/15/2026 23:04,PMI_CR,Validated by Representative,Validada por el Representante de País,Validado pelo(a) Representante do País,Validé par le Représentant de pays
IFD,IFD/FMM,54,PE-L1288,Progress Monitoring Report March Validation Workflow,400441,Approved,VeronicaG,Chief of Operations,1128705,Approved-PMI_COO,N/A,,4/17/2026 22:08,6/15/2026 23:04,6/15/2026 23:04,PMI_COO,Validated by Chief of Operations,Validado por los Jefes de Operaciones,Validado pelo(a) Chefe de Operações,Validé par le Chef des opérations
IFD,IFD/FMM,54,PE-L1266,Progress Monitoring Report March Validation Workflow,400443,Approved,susanar,Division Chief,1133122,Approved-PMI_DC,Satisfactory,On behalf of Marta Ruiz Arranz: Se solicita al equipo mantener actualizado los campos del verificador de contenido.,4/29/2026 11:41,6/15/2026 23:04,6/15/2026 23:04,PMI_DC,Validated by Division Chief,Validada por el Jefe de División,Validado pelo(a) Chefe de Divisão,Validé par le Chef de Division
IFD,IFD/FMM,50,BR-L1533,Progress Monitoring Report March Validation Workflow,334630,Approved,PAOLAA,Chief of Operations,918886,Approved-PMI_COO,Satisfactory,,4/4/2025 15:17,6/15/2026 23:04,6/15/2026 23:04,PMI_COO,Validated by Chief of Operations,Validado por los Jefes de Operaciones,Validado pelo(a) Chefe de Operações,Validé par le Chef des opérations
IFD,IFD/FMM,50,BR-L1533,Progress Monitoring Report March Validation Workflow,334630,Approved,mruizarranz,Division Chief,923100,Approved-PMI_DC,Satisfactory,,4/30/2025 9:09,6/15/2026 23:04,6/15/2026 23:04,PMI_DC,Validated by Division Chief,Validada por el Jefe de División,Validado pelo(a) Chefe de Divisão,Validé par le Chef de Division
IFD,IFD/FMM,50,BR-L1533,Progress Monitoring Report March Validation Workflow,334630,Approved,PAOLAA,Representative,933854,Approved-PMI_CR,Satisfactory,,4/30/2025 15:31,6/15/2026 23:04,6/15/2026 23:04,PMI_CR,Validated by Representative,Validada por el Representante de País,Validado pelo(a) Representante do País,Validé par le Représentant de pays
IFD,IFD/FMM,50,BR-L1550,Progress Monitoring Report March Validation Workflow,334632,Approved,RMOTTACAFE,Team Leader,918898,Approved-PMI_TL,Satisfactory,,3/28/2025 10:15,6/15/2026 23:04,6/15/2026 23:04,PMI_TL,Completed by Team Leader,Completado por el Líder de Equipo,Completado pelo(a) Líder de Equipe,Complété par le Chef d’équipe
IFD,IFD/FMM,53,BR-L1501,Progress Monitoring Report September Validation Workflow,363081,Approved-PMI_COO,mmacdowell,Team Leader,1010612,Approved-PMI_TL,Satisfactory,,10/2/2025 13:40,6/15/2026 23:04,6/15/2026 23:04,PMI_TL,Completed by Team Leader,Completado por el Líder de Equipo,Completado pelo(a) Líder de Equipe,Complété par le Chef d’équipe
IFD,IFD/FMM,54,EC-L1230,Progress Monitoring Report March Validation Workflow,399419,Approved,teodoroz,Team Leader,1124936,Approved-PMI_TL,Alert,,4/2/2026 19:31,6/15/2026 23:04,6/15/2026 23:04,PMI_TL,Completed by Team Leader,Completado por el Líder de Equipo,Completado pelo(a) Líder de Equipe,Complété par le Chef d’équipe
IFD,IFD/FMM,50,PE-L1278,Progress Monitoring Report March Validation Workflow,336053,Approved,ecambiasso,Chief of Operations,923095,Approved-PMI_COO,Problem,,4/14/2025 17:47,6/15/2026 23:04,6/15/2026 23:04,PMI_COO,Validated by Chief of Operations,Validado por los Jefes de Operaciones,Validado pelo(a) Chefe de Operações,Validé par le Chef des opérations
IFD,IFD/FMM,54,BR-L1540,Progress Monitoring Report March Validation Workflow,398778,Approved,YUDYB,Chief of Operations,1123261,Approved-PMI_COO,Satisfactory,,4/8/2026 22:10,6/15/2026 23:04,6/15/2026 23:04,PMI_COO,Validated by Chief of Operations,Validado por los Jefes de Operaciones,Validado pelo(a) Chefe de Operações,Validé par le Chef des opérations
IFD,IFD/FMM,54,BR-L1614,Progress Monitoring Report March Validation Workflow,398779,Approved,susanar,Division Chief,1127391,Approved-PMI_DC,Problem,On behalf of Marta Ruiz Arranz: Se solicita a los equipos mantener actualizado los campos del verificador de contenido.,4/29/2026 11:19,6/15/2026 23:04,6/15/2026 23:04,PMI_DC,Validated by Division Chief,Validada por el Jefe de División,Validado pelo(a) Chefe de Divisão,Validé par le Chef de Division
IFD,IFD/FMM,54,CH-L1178,Progress Monitoring Report March Validation Workflow,399245,Approved,LeslieHa,Team Leader,1124472,Approved-PMI_TL,Satisfactory,,4/1/2026 17:48,6/15/2026 23:04,6/15/2026 23:04,PMI_TL,Completed by Team Leader,Completado por el Líder de Equipo,Completado pelo(a) Líder de Equipe,Complété par le Chef d’équipe
IFD,IFD/FMM,38,BR-L1527,Progress Monitoring Report March Validation Workflow,174695,Approved,mmacdowell,Team Leader,415159,Approved-PMI_TL,Satisfactory,,3/25/2022 7:41,6/15/2026 23:04,6/15/2026 23:04,PMI_TL,Completed by Team Leader,Completado por el Líder de Equipo,Completado pelo(a) Líder de Equipe,Complété par le Chef d’équipe
IFD,IFD/FMM,38,BR-L1527,Progress Monitoring Report March Validation Workflow,174695,Approved,emiliopi,Division Chief,423874,Approved-PMI_DC,Satisfactory,,4/19/2022 14:17,6/15/2026 23:04,6/15/2026 23:04,PMI_DC,Validated by Division Chief,Validada por el Jefe de División,Validado pelo(a) Chefe de Divisão,Validé par le Chef de Division
IFD,IFD/FMM,54,PR-L1192,PMR Cycle & Startup Plan validation,405078,Approved,manuelfe,Representative,1146049,Approved-PMI_CR,Satisfactory,,5/11/2026 8:47,6/15/2026 23:04,6/15/2026 23:04,PMI_CR,Validated by Representative,Validada por el Representante de País,Validado pelo(a) Representante do País,Validé par le Représentant de pays
IFD,IFD/FMM,42,BL-L1038,PMR Cycle & Startup Plan validation,225659,Approved,JulianB,Chief of Operations,575777,Approved-PMI_COO,Satisfactory,,4/13/2023 14:23,6/15/2026 23:04,6/15/2026 23:04,PMI_COO,Validated by Chief of Operations,Validado por los Jefes de Operaciones,Validado pelo(a) Chefe de Operações,Validé par le Chef des opérations
IFD,IFD/FMM,29,BR-L1501,Progress Monitoring Report March Validation Workflow,83411,Approved,hugof,Representative,182229,Approved-PMI_CR,Satisfactory,,4/1/2019 16:12,6/15/2026 23:04,6/15/2026 23:04,PMI_CR,Validated by Representative,Validada por el Representante de País,Validado pelo(a) Representante do País,Validé par le Représentant de pays
IFD,IFD/FMM,35,EC-L1230,Progress Monitoring Report March Validation Workflow,132760,Aprobado,AdrianaLV,Representative,293606,Approved-PMI_CR,Satisfactory,,4/14/2021 13:15,6/15/2026 23:04,6/15/2026 23:04,PMI_CR,Validated by Representative,Validada por el Representante de País,Validado pelo(a) Representante do País,Validé par le Représentant de pays
IFD,IFD/FMM,35,EC-L1251,Progress Monitoring Report March Validation Workflow,132761,Aprobado,AdrianaLV,Representative,293802,Approved-PMI_CR,N/A,,4/14/2021 13:15,6/15/2026 23:04,6/15/2026 23:04,PMI_CR,Validated by Representative,Validada por el Representante de País,Validado pelo(a) Representante do País,Validé par le Représentant de pays
IFD,IFD/FMM,50,BR-L1377,Progress Monitoring Report March Validation Workflow,335670,Approved,mmacdowell,Team Leader,921885,Approved-PMI_TL,Satisfactory,,4/3/2025 9:11,6/15/2026 23:04,6/15/2026 23:04,PMI_TL,Completed by Team Leader,Completado por el Líder de Equipo,Completado pelo(a) Líder de Equipe,Complété par le Chef d’équipe
IFD,IFD/FMM,50,BR-L1599,Progress Monitoring Report March Validation Workflow,335673,Approved,PAOLAA,Chief of Operations,921897,Approved-PMI_COO,Satisfactory,,4/4/2025 15:17,6/15/2026 23:04,6/15/2026 23:04,PMI_COO,Validated by Chief of Operations,Validado por los Jefes de Operaciones,Validado pelo(a) Chefe de Operações,Validé par le Chef des opérations
IFD,IFD/FMM,31,BR-L1501,Progress Monitoring Report September Validation Workflow,93754,Approved-PMI_COO,paolaa,Chief of Operations,197150,Approved-PMI_COO,Alert,,10/7/2019 8:59,6/15/2026 23:04,6/15/2026 23:04,PMI_COO,Validated by Chief of Operations,Validado por los Jefes de Operaciones,Validado pelo(a) Chefe de Operações,Validé par le Chef des opérations
IFD,IFD/FMM,38,PE-L1231,Progress Monitoring Report March Validation Workflow,174862,Aprobado,emiliopi,Division Chief,421437,Approved-PMI_DC,SATISFACTORY,,4/13/2022 9:56,6/15/2026 23:04,6/15/2026 23:04,PMI_DC,Validated by Division Chief,Validada por el Jefe de División,Validado pelo(a) Chefe de Divisão,Validé par le Chef de Division
IFD,IFD/FMM,54,ME-L1309,Progress Monitoring Report March Validation Workflow,400787,Approved,susanar,Division Chief,1132699,Approved-PMI_DC,Satisfactory,On behalf of Marta Ruiz Arranz: Se solicita al equipo mantener actualizado los campos del verificador de contenido.,4/29/2026 11:32,6/15/2026 23:04,6/15/2026 23:04,PMI_DC,Validated by Division Chief,Validada por el Jefe de División,Validado pelo(a) Chefe de Divisão,Validé par le Chef de Division
IFD,IFD/FMM,37,BR-L1517,Progress Monitoring Report September Validation Workflow,151912,Approved-PMI_COO,PAOLAA,Chief of Operations,349541,Approved-PMI_COO,Problem,,10/13/2021 15:14,6/15/2026 23:04,6/15/2026 23:04,PMI_COO,Validated by Chief of Operations,Validado por los Jefes de Operaciones,Validado pelo(a) Chefe de Operações,Validé par le Chef des opérations
IFD,IFD/FMM,42,SU-L1060,Progress Monitoring Report March Validation Workflow,223758,Approved,emiliopi,Division Chief,570164,Approved-PMI_DC,Satisfactory,,4/25/2023 10:38,6/15/2026 23:04,6/15/2026 23:04,PMI_DC,Validated by Division Chief,Validada por el Jefe de División,Validado pelo(a) Chefe de Divisão,Validé par le Chef de Division
IFD,IFD/FMM,45,EC-L1251,Progress Monitoring Report March Validation Workflow,282393,Rejected,VinicioR,Chief of Operations,754602,Approved-PMI_COO,Problem,,4/22/2024 15:57,6/15/2026 23:04,6/15/2026 23:04,PMI_COO,Validated by Chief of Operations,Validado por los Jefes de Operaciones,Validado pelo(a) Chefe de Operações,Validé par le Chef des opérations
IFD,IFD/FMM,50,BR-L1540,Progress Monitoring Report March Validation Workflow,334680,Approved,PAOLAA,Representative,933858,Approved-PMI_CR,Satisfactory,,4/30/2025 15:31,6/15/2026 23:04,6/15/2026 23:04,PMI_CR,Validated by Representative,Validada por el Representante de País,Validado pelo(a) Representante do País,Validé par le Représentant de pays
IFD,IFD/FMM,53,BR-L1513,Progress Monitoring Report September Validation Workflow,361957,Approved-PMI_COO,PAOLAA,Chief of Operations,1007124,Approved-PMI_COO,Alert,,10/15/2025 18:56,6/15/2026 23:04,6/15/2026 23:04,PMI_COO,Validated by Chief of Operations,Validado por los Jefes de Operaciones,Validado pelo(a) Chefe de Operações,Validé par le Chef des opérations
IFD,IFD/FMM,32,BR-L1511,PMR Cycle & Startup Plan validation,103257,Approved,paolaa,Representative,214958,Approved-PMI_CR,Satisfactory,,4/9/2020 13:43,6/15/2026 23:04,6/15/2026 23:04,PMI_CR,Validated by Representative,Validada por el Representante de País,Validado pelo(a) Representante do País,Validé par le Représentant de pays
IFD,IFD/FMM,34,BR-L1511,Progress Monitoring Report September Validation Workflow,112402,Approved-PMI_COO,PAOLAA,Chief of Operations,232123,Approved-PMI_COO,Problem,,10/23/2020 21:25,6/15/2026 23:04,6/15/2026 23:04,PMI_COO,Validated by Chief of Operations,Validado por los Jefes de Operaciones,Validado pelo(a) Chefe de Operações,Validé par le Chef des opérations
IFD,IFD/FMM,38,PN-L1161,Progress Monitoring Report March Validation Workflow,174927,Approved,josel,Team Leader,415756,Approved-PMI_TL,Satisfactory,,3/25/2022 17:13,6/15/2026 23:04,6/15/2026 23:04,PMI_TL,Completed by Team Leader,Completado por el Líder de Equipo,Completado pelo(a) Líder de Equipe,Complété par le Chef d’équipe
IFD,IFD/FMM,45,UR-L1164,PMR Cycle & Startup Plan validation,287764,Approved,FERNANDOCU,Representative,770873,Approved-PMI_CR,Satisfactory,,5/22/2024 10:24,6/15/2026 23:04,6/15/2026 23:04,PMI_CR,Validated by Representative,Validada por el Representante de País,Validado pelo(a) Representante do País,Validé par le Représentant de pays
IFD,IFD/FMM,34,BL-L1031,PMR Cycle & Startup Plan validation,113249,Aprobado,MONICASC,Team Leader,234572,Approved-PMI_TL,Problem,,10/16/2020 9:07,6/15/2026 23:04,6/15/2026 23:04,PMI_TL,Completed by Team Leader,Completado por el Líder de Equipo,Completado pelo(a) Líder de Equipe,Complété par le Chef d’équipe
IFD,IFD/FMM,34,BL-L1031,PMR Cycle & Startup Plan validation,113249,Aprobado,emiliopi,Division Chief,234893,Approved-PMI_DC,Problem,,10/20/2020 13:16,6/15/2026 23:04,6/15/2026 23:04,PMI_DC,Validated by Division Chief,Validada por el Jefe de División,Validado pelo(a) Chefe de Divisão,Validé par le Chef de Division
IFD,IFD/FMM,38,BR-L1539,Progress Monitoring Report March Validation Workflow,174557,Approved,PAOLAA,Chief of Operations,414814,Approved-PMI_COO,Satisfactory,,4/7/2022 10:37,6/15/2026 23:04,6/15/2026 23:04,PMI_COO,Validated by Chief of Operations,Validado por los Jefes de Operaciones,Validado pelo(a) Chefe de Operações,Validé par le Chef des opérations
IFD,IFD/FMM,38,BR-L1511,Progress Monitoring Report March Validation Workflow,174560,Approved,anapa,Team Leader,414820,Approved-PMI_TL,Alert,"Solicitamos a reclassificação do projeto para SATISFATÓRIO, mediante a justificativas e evidências encaminhadas por e-mail.",3/24/2022 13:46,6/15/2026 23:04,6/15/2026 23:04,PMI_TL,Completed by Team Leader,Completado por el Líder de Equipo,Completado pelo(a) Líder de Equipe,Complété par le Chef d’équipe
IFD,IFD/FMM,40,PE-L1231,Progress Monitoring Report September Validation Workflow,196954,Approved-PMI_COO,ecambiasso,Chief of Operations,487938,Approved-PMI_COO,Satisfactory,,10/17/2022 16:47,6/15/2026 23:04,6/15/2026 23:04,PMI_COO,Validated by Chief of Operations,Validado por los Jefes de Operaciones,Validado pelo(a) Chefe de Operações,Validé par le Chef des opérations
IFD,IFD/FMM,45,BR-L1377,Progress Monitoring Report March Validation Workflow,283750,Approved,marianac,Division Chief,760487,Approved-PMI_DC,Satisfactory,,5/2/2024 11:01,6/15/2026 23:04,6/15/2026 23:04,PMI_DC,Validated by Division Chief,Validada por el Jefe de División,Validado pelo(a) Chefe de Divisão,Validé par le Chef de Division
IFD,IFD/FMM,45,PE-L1231,Progress Monitoring Report March Validation Workflow,284262,Approved,ecambiasso,Representative,763797,Approved-PMI_CR,Satisfactory,,5/8/2024 12:44,6/15/2026 23:04,6/15/2026 23:04,PMI_CR,Validated by Representative,Validada por el Representante de País,Validado pelo(a) Representante do País,Validé par le Représentant de pays
IFD,IFD/FMM,45,CO-L1164,Progress Monitoring Report March Validation Workflow,284719,Aprobado,kelvins,Representative,763793,Approved-PMI_CR,Satisfactory,,5/8/2024 17:12,6/15/2026 23:04,6/15/2026 23:04,PMI_CR,Validated by Representative,Validada por el Representante de País,Validado pelo(a) Representante do País,Validé par le Représentant de pays
IFD,IFD/FMM,23,BR-L1377,Progress Monitoring Report March Validation Workflow,47588,Approved,jtostes,Team Leader,106029,Approved-PMI_TL,PROBLEM,,3/23/2017 17:38,6/15/2026 23:04,6/15/2026 23:04,PMI_TL,Completed by Team Leader,Completado por el Líder de Equipo,Completado pelo(a) Líder de Equipe,Complété par le Chef d’équipe
IFD,IFD/FMM,54,BL-L1031,Progress Monitoring Report March Validation Workflow,398826,Approved,JESSICACH,Team Leader,1123367,Approved-PMI_TL,Satisfactory,,3/31/2026 13:47,6/15/2026 23:04,6/15/2026 23:04,PMI_TL,Completed by Team Leader,Completado por el Líder de Equipo,Completado pelo(a) Líder de Equipe,Complété par le Chef d’équipe
IFD,IFD/FMM,42,EC-L1251,Progress Monitoring Report March Validation Workflow,224304,Aprobado,VinicioR,Representative,582499,Approved-PMI_CR,Problem,,4/26/2023 15:58,6/15/2026 23:04,6/15/2026 23:04,PMI_CR,Validated by Representative,Validada por el Representante de País,Validado pelo(a) Representante do País,Validé par le Représentant de pays
IFD,IFD/FMM,44,EC-L1253,PMR Cycle & Startup Plan validation,251423,Aprobado,VinicioR,Representative,665177,Approved-PMI_CR,Satisfactory,,10/23/2023 18:42,6/15/2026 23:04,6/15/2026 23:04,PMI_CR,Validated by Representative,Validada por el Representante de País,Validado pelo(a) Representante do País,Validé par le Représentant de pays
IFD,IFD/FMM,38,BR-L1540,Progress Monitoring Report March Validation Workflow,175146,Approved,PAOLAA,Representative,424607,Approved-PMI_CR,Satisfactory,,4/19/2022 20:14,6/15/2026 23:04,6/15/2026 23:04,PMI_CR,Validated by Representative,Validada por el Representante de País,Validado pelo(a) Representante do País,Validé par le Représentant de pays
IFD,IFD/FMM,35,BR-L1527,Progress Monitoring Report March Validation Workflow,132158,Approved,mmacdowell,Team Leader,289415,Approved-PMI_TL,Satisfactory,,3/26/2021 18:09,6/15/2026 23:04,6/15/2026 23:04,PMI_TL,Completed by Team Leader,Completado por el Líder de Equipo,Completado pelo(a) Líder de Equipe,Complété par le Chef d’équipe
IFD,IFD/FMM,35,BR-L1527,Progress Monitoring Report March Validation Workflow,132158,Approved,PAOLAA,Representative,293014,Approved-PMI_CR,Satisfactory,,4/8/2021 22:05,6/15/2026 23:04,6/15/2026 23:04,PMI_CR,Validated by Representative,Validada por el Representante de País,Validado pelo(a) Representante do País,Validé par le Représentant de pays
IFD,IFD/FMM,38,BR-L1540,Progress Monitoring Report March Validation Workflow,175146,Approved,PAOLAA,Chief of Operations,416355,Approved-PMI_COO,Satisfactory,,4/7/2022 10:37,6/15/2026 23:04,6/15/2026 23:04,PMI_COO,Validated by Chief of Operations,Validado por los Jefes de Operaciones,Validado pelo(a) Chefe de Operações,Validé par le Chef des opérations
IFD,IFD/FMM,40,BR-L1533,PMR Cycle & Startup Plan validation,197007,Rejected,PAOLAA,Chief of Operations,488077,Rejected,Problem,"Originalmente o programa termina em abril de 2027. Como é um programa de inversões específicas e os indicadores CPI e SPI contam na avaliação do PMR, sugirimos revisar as metas físicas e financeiras do programa e considerar os quatro meses do exercício de 2027 no planejamento. Depois de realizar os ajustes, reenviar o fluxo.  QQ duvidas podem contactar a nosso ponto focal de PMR em CBR (Higor G.) ",10/7/2022 20:42,6/15/2026 23:04,6/15/2026 23:04,,Rejected,,,
IFD,IFD/FMM,44,PE-L1239,Progress Monitoring Report September Validation Workflow,249370,Approved-PMI_COO,ecambiasso,Chief of Operations,654724,Approved-PMI_COO,Problem,,10/19/2023 8:27,6/15/2026 23:04,6/15/2026 23:04,PMI_COO,Validated by Chief of Operations,Validado por los Jefes de Operaciones,Validado pelo(a) Chefe de Operações,Validé par le Chef des opérations
IFD,IFD/FMM,44,EC-L1253,PMR Cycle & Startup Plan validation,251423,Aprobado,UBALDOG,Team Leader,661209,Approved-PMI_TL,Satisfactory,,10/13/2023 15:10,6/15/2026 23:04,6/15/2026 23:04,PMI_TL,Completed by Team Leader,Completado por el Líder de Equipo,Completado pelo(a) Líder de Equipe,Complété par le Chef d’équipe
IFD,IFD/FMM,44,EC-L1253,PMR Cycle & Startup Plan validation,251423,Aprobado,VinicioR,Chief of Operations,661210,Approved-PMI_COO,Satisfactory,,10/17/2023 16:36,6/15/2026 23:04,6/15/2026 23:04,PMI_COO,Validated by Chief of Operations,Validado por los Jefes de Operaciones,Validado pelo(a) Chefe de Operações,Validé par le Chef des opérations
IFD,IFD/FMM,32,EC-L1230,PMR Cycle & Startup Plan validation,103082,Approved,UBALDOG,Team Leader,212017,Approved-PMI_TL,Satisfactory,,3/19/2020 14:18,6/15/2026 23:04,6/15/2026 23:04,PMI_TL,Completed by Team Leader,Completado por el Líder de Equipo,Completado pelo(a) Líder de Equipe,Complété par le Chef d’équipe
IFD,IFD/FMM,32,EC-L1251,Progress Monitoring Report March Validation Workflow,103089,Approved,fernandoq,Representative,215183,Approved-PMI_CR,Satisfactory,,4/27/2020 19:16,6/15/2026 23:04,6/15/2026 23:04,PMI_CR,Validated by Representative,Validada por el Representante de País,Validado pelo(a) Representante do País,Validé par le Représentant de pays
IFD,IFD/FMM,34,BR-L1516,PMR Cycle & Startup Plan validation,112205,Approved,emiliopi,Division Chief,236833,Approved-PMI_DC,Problem,,10/23/2020 9:17,6/15/2026 23:04,6/15/2026 23:04,PMI_DC,Validated by Division Chief,Validada por el Jefe de División,Validado pelo(a) Chefe de Divisão,Validé par le Chef de Division
IFD,IFD/FMM,34,BR-L1516,PMR Cycle & Startup Plan validation,112205,Approved,PAOLAA,Representative,237481,Approved-PMI_CR,Problem,,10/23/2020 21:25,6/15/2026 23:04,6/15/2026 23:04,PMI_CR,Validated by Representative,Validada por el Representante de País,Validado pelo(a) Representante do País,Validé par le Représentant de pays
IFD,IFD/FMM,25,UR-L1111,PMR Startup Plan Validation,59287,Approved,miguelt,Chief of Operations,132246,Approved-PMI_COO,,,1/3/2018 10:04,6/15/2026 23:04,6/15/2026 23:04,PMI_COO,Validated by Chief of Operations,Validado por los Jefes de Operaciones,Validado pelo(a) Chefe de Operações,Validé par le Chef des opérations
IFD,IFD/FMM,25,UR-L1111,Progress Monitoring Report September Validation Workflow,56552,Approved,axelradics,Team Leader,125916,Approved-PMI_TL,N/A,,10/9/2017 16:11,6/15/2026 23:04,6/15/2026 23:04,PMI_TL,Completed by Team Leader,Completado por el Líder de Equipo,Completado pelo(a) Líder de Equipe,Complété par le Chef d’équipe
IFD,IFD/FMM,32,BR-L1377,Progress Monitoring Report March Validation Workflow,102839,Approved,paolaa,Chief of Operations,211555,Approved-PMI_COO,Satisfactory,,3/27/2020 10:39,6/15/2026 23:04,6/15/2026 23:04,PMI_COO,Validated by Chief of Operations,Validado por los Jefes de Operaciones,Validado pelo(a) Chefe de Operações,Validé par le Chef des opérations
IFD,IFD/FMM,32,BR-L1377,Progress Monitoring Report March Validation Workflow,102839,Approved,marianac,Division Chief,213333,Approved-PMI_DC,Satisfactory,,4/7/2020 18:28,6/15/2026 23:04,6/15/2026 23:04,PMI_DC,Validated by Division Chief,Validada por el Jefe de División,Validado pelo(a) Chefe de Divisão,Validé par le Chef de Division
IFD,IFD/FMM,32,BR-L1377,Progress Monitoring Report March Validation Workflow,102839,Approved,paolaa,Representative,214956,Approved-PMI_CR,Satisfactory,,4/9/2020 13:43,6/15/2026 23:04,6/15/2026 23:04,PMI_CR,Validated by Representative,Validada por el Representante de País,Validado pelo(a) Representante do País,Validé par le Représentant de pays
IFD,IFD/FMM,32,BR-L1525,Progress Monitoring Report March Validation Workflow,102843,Approved,patriciagb,Team Leader,211561,Approved-PMI_TL,Satisfactory,,3/17/2020 10:29,6/15/2026 23:04,6/15/2026 23:04,PMI_TL,Completed by Team Leader,Completado por el Líder de Equipo,Completado pelo(a) Líder de Equipe,Complété par le Chef d’équipe
IFD,IFD/FMM,32,EC-L1251,Progress Monitoring Report March Validation Workflow,103089,Approved,UBALDOG,Team Leader,212030,Approved-PMI_TL,Satisfactory,,3/19/2020 14:44,6/15/2026 23:04,6/15/2026 23:04,PMI_TL,Completed by Team Leader,Completado por el Líder de Equipo,Completado pelo(a) Líder de Equipe,Complété par le Chef d’équipe
IFD,IFD/FMM,34,BR-L1501,Progress Monitoring Report September Validation Workflow,112207,Approved-PMI_COO,mmacdowell,Team Leader,231642,Approved-PMI_TL,Satisfactory,,10/9/2020 10:41,6/15/2026 23:04,6/15/2026 23:04,PMI_TL,Completed by Team Leader,Completado por el Líder de Equipo,Completado pelo(a) Líder de Equipe,Complété par le Chef d’équipe
IFD,IFD/FMM,16,BR-L1377,Progress Monitoring Report September Validation Workflow,24547,Approved,juancarlosh,Chief of Operations,53060,Approved-PMI_COO,,,11/17/2015 13:19,6/15/2026 23:04,6/15/2026 23:04,PMI_COO,Validated by Chief of Operations,Validado por los Jefes de Operaciones,Validado pelo(a) Chefe de Operações,Validé par le Chef des opérations
IFD,IFD/FMM,32,PE-L1239,PMR Cycle & Startup Plan validation,104834,Approved,marianac,Division Chief,216238,Approved-PMI_DC,Satisfactory,,4/24/2020 17:34,6/15/2026 23:04,6/15/2026 23:04,PMI_DC,Validated by Division Chief,Validada por el Jefe de División,Validado pelo(a) Chefe de Divisão,Validé par le Chef de Division
IFD,IFD/FMM,35,BR-L1501,Progress Monitoring Report March Validation Workflow,132156,Approved,mmacdowell,Team Leader,289411,Approved-PMI_TL,Satisfactory,,3/26/2021 18:07,6/15/2026 23:04,6/15/2026 23:04,PMI_TL,Completed by Team Leader,Completado por el Líder de Equipo,Completado pelo(a) Líder de Equipe,Complété par le Chef d’équipe
IFD,IFD/FMM,38,BR-L1540,Progress Monitoring Report March Validation Workflow,175146,Approved,emiliopi,Division Chief,421124,Approved-PMI_DC,Satisfactory,,4/19/2022 14:18,6/15/2026 23:04,6/15/2026 23:04,PMI_DC,Validated by Division Chief,Validada por el Jefe de División,Validado pelo(a) Chefe de Divisão,Validé par le Chef de Division
IFD,IFD/FMM,40,PE-L1266,PMR Cycle & Startup Plan validation,202474,Aprobado,ecambiasso,Chief of Operations,506926,Approved-PMI_COO,Problem,,11/8/2022 17:50,6/15/2026 23:04,6/15/2026 23:04,PMI_COO,Validated by Chief of Operations,Validado por los Jefes de Operaciones,Validado pelo(a) Chefe de Operações,Validé par le Chef des opérations
IFD,IFD/FMM,38,EC-L1251,Progress Monitoring Report March Validation Workflow,179009,Aprobado,AdrianaLV,Chief of Operations,429355,Approved-PMI_COO,Problem,,5/4/2022 11:33,6/15/2026 23:04,6/15/2026 23:04,PMI_COO,Validated by Chief of Operations,Validado por los Jefes de Operaciones,Validado pelo(a) Chefe de Operações,Validé par le Chef des opérations
IFD,IFD/FMM,44,BR-L1513,Progress Monitoring Report September Validation Workflow,249339,Approved-PMI_COO,ANDREMA,Team Leader,654662,Approved-PMI_TL,Satisfactory,,9/29/2023 10:24,6/15/2026 23:04,6/15/2026 23:04,PMI_TL,Completed by Team Leader,Completado por el Líder de Equipo,Completado pelo(a) Líder de Equipe,Complété par le Chef d’équipe
IFD,IFD/FMM,35,AR-L1248,Progress Monitoring Report March Validation Workflow,132069,Approved,emiliopi,Division Chief,296148,Approved-PMI_DC,Alert,,4/22/2021 9:32,6/15/2026 23:04,6/15/2026 23:04,PMI_DC,Validated by Division Chief,Validada por el Jefe de División,Validado pelo(a) Chefe de Divisão,Validé par le Chef de Division
IFD,IFD/FMM,35,BR-L1377,Progress Monitoring Report March Validation Workflow,132619,Approved,PAOLAA,Chief of Operations,290601,Approved-PMI_COO,Satisfactory,,4/5/2021 23:57,6/15/2026 23:04,6/15/2026 23:04,PMI_COO,Validated by Chief of Operations,Validado por los Jefes de Operaciones,Validado pelo(a) Chefe de Operações,Validé par le Chef des opérations
IFD,IFD/FMM,32,PE-L1231,Progress Monitoring Report March Validation Workflow,103735,Approved,javierga,Chief of Operations,213270,Approved-PMI_COO,Satisfactory,,3/31/2020 13:21,6/15/2026 23:04,6/15/2026 23:04,PMI_COO,Validated by Chief of Operations,Validado por los Jefes de Operaciones,Validado pelo(a) Chefe de Operações,Validé par le Chef des opérations
IFD,IFD/FMM,35,BR-L1516,Progress Monitoring Report March Validation Workflow,132157,Approved,mmacdowell,Team Leader,289413,Approved-PMI_TL,Satisfactory,,3/26/2021 18:08,6/15/2026 23:04,6/15/2026 23:04,PMI_TL,Completed by Team Leader,Completado por el Líder de Equipo,Completado pelo(a) Líder de Equipe,Complété par le Chef d’équipe
IFD,IFD/FMM,15,BR-L1377,Progress Monitoring Report March Validation Workflow,12563,Approved,anapa,Alternate Team Leader,29744,Approved-PMI_TL,SATISFACTORY,,4/24/2015 15:20,6/15/2026 23:04,6/15/2026 23:04,PMI_TL,Completed by Team Leader,Completado por el Líder de Equipo,Completado pelo(a) Líder de Equipe,Complété par le Chef d’équipe
IFD,IFD/FMM,34,BL-L1031,PMR Cycle & Startup Plan validation,112770,Rejected,JulianB,Chief of Operations,233087,Rejected,Problem,Returned at the request of the PTL to include additional information.,10/15/2020 13:16,6/15/2026 23:04,6/15/2026 23:04,,Rejected,,,
IFD,IFD/FMM,23,AR-L1248,Progress Monitoring Report March Validation Workflow,47305,Approved,emiliopi,Team Leader,105549,Approved-PMI_TL,SATISFACTORY,,3/22/2017 11:50,6/15/2026 23:04,6/15/2026 23:04,PMI_TL,Completed by Team Leader,Completado por el Líder de Equipo,Completado pelo(a) Líder de Equipe,Complété par le Chef d’équipe
IFD,IFD/FMM,31,PR-L1150,Progress Monitoring Report September Validation Workflow,93722,Approved-PMI_COO,pablot,Chief of Operations,197091,Approved-PMI_COO,Satisfactory,,10/16/2019 15:05,6/15/2026 23:04,6/15/2026 23:04,PMI_COO,Validated by Chief of Operations,Validado por los Jefes de Operaciones,Validado pelo(a) Chefe de Operações,Validé par le Chef des opérations
IFD,IFD/FMM,29,PE-L1231,Progress Monitoring Report March Validation Workflow,85416,Approved,javierga,Chief of Operations,182364,Approved-PMI_COO,SATISFACTORY,"Se cambia la clasificación a satisfactorio, a pesar de que la nueva metodología no requiere clasificación en esta etapa. Esto en función de que ya se cumplio la elegibilidad para desembolsos.",4/10/2019 15:00,6/15/2026 23:04,6/15/2026 23:04,PMI_COO,Validated by Chief of Operations,Validado por los Jefes de Operaciones,Validado pelo(a) Chefe de Operações,Validé par le Chef des opérations
IFD,IFD/FMM,35,AR-L1285,Progress Monitoring Report March Validation Workflow,132068,Approved,jgomezreino,Team Leader,289178,Approved-PMI_TL,Satisfactory,,3/26/2021 14:27,6/15/2026 23:04,6/15/2026 23:04,PMI_TL,Completed by Team Leader,Completado por el Líder de Equipo,Completado pelo(a) Líder de Equipe,Complété par le Chef d’équipe
IFD,IFD/FMM,35,BR-L1534,Progress Monitoring Report March Validation Workflow,132528,Approved,PAOLAA,Chief of Operations,290355,Approved-PMI_COO,Satisfactory,,4/6/2021 0:02,6/15/2026 23:04,6/15/2026 23:04,PMI_COO,Validated by Chief of Operations,Validado por los Jefes de Operaciones,Validado pelo(a) Chefe de Operações,Validé par le Chef des opérations
IFD,IFD/FMM,32,BR-L1501,PMR Cycle & Startup Plan validation,103232,Approved,paolaa,Chief of Operations,212288,Approved-PMI_COO,Satisfactory,"Validado. Sugerencia: dado que es el PMR Startup Plan, sería recomendable revisar y validar los indicadores CRF con la División.",3/26/2020 11:09,6/15/2026 23:04,6/15/2026 23:04,PMI_COO,Validated by Chief of Operations,Validado por los Jefes de Operaciones,Validado pelo(a) Chefe de Operações,Validé par le Chef des opérations
IFD,IFD/FMM,23,AR-L1248,Progress Monitoring Report March Validation Workflow,47305,Approved,vicentef,Division Chief,110805,Approved-PMI_DC,SATISFACTORY,,4/17/2017 16:01,6/15/2026 23:04,6/15/2026 23:04,PMI_DC,Validated by Division Chief,Validada por el Jefe de División,Validado pelo(a) Chefe de Divisão,Validé par le Chef de Division
IFD,IFD/FMM,50,EC-L1230,Progress Monitoring Report March Validation Workflow,335187,Approved,ZOILAN,Team Leader,920366,Approved-PMI_TL,Satisfactory,,4/1/2025 12:56,6/15/2026 23:04,6/15/2026 23:04,PMI_TL,Completed by Team Leader,Completado por el Líder de Equipo,Completado pelo(a) Líder de Equipe,Complété par le Chef d’équipe
IFD,IFD/FMM,53,BR-L1534,Progress Monitoring Report September Validation Workflow,363085,Approved-PMI_COO,mmacdowell,Team Leader,1010620,Approved-PMI_TL,Problem,,10/2/2025 13:49,6/15/2026 23:04,6/15/2026 23:04,PMI_TL,Completed by Team Leader,Completado por el Líder de Equipo,Completado pelo(a) Líder de Equipe,Complété par le Chef d’équipe
IFD,IFD/FMM,34,BR-L1377,Progress Monitoring Report September Validation Workflow,111891,Approved-PMI_COO,mmacdowell,Team Leader,230841,Approved-PMI_TL,Satisfactory,,10/7/2020 16:37,6/15/2026 23:04,6/15/2026 23:04,PMI_TL,Completed by Team Leader,Completado por el Líder de Equipo,Completado pelo(a) Líder de Equipe,Complété par le Chef d’équipe
IFD,IFD/FMM,34,EC-L1251,PMR Cycle & Startup Plan validation,114096,Rejected,AdrianaLV,Chief of Operations,237352,Approved-PMI_COO,Satisfactory,,10/23/2020 13:58,6/15/2026 23:04,6/15/2026 23:04,PMI_COO,Validated by Chief of Operations,Validado por los Jefes de Operaciones,Validado pelo(a) Chefe de Operações,Validé par le Chef des opérations
IFD,IFD/FMM,34,BR-L1517,Progress Monitoring Report September Validation Workflow,112406,Approved-PMI_COO,PAOLAA,Chief of Operations,232135,Approved-PMI_COO,Problem,,10/20/2020 23:01,6/15/2026 23:04,6/15/2026 23:04,PMI_COO,Validated by Chief of Operations,Validado por los Jefes de Operaciones,Validado pelo(a) Chefe de Operações,Validé par le Chef des opérations
IFD,IFD/FMM,45,BR-L1534,Progress Monitoring Report March Validation Workflow,278064,Rejected,anapa,Team Leader,743091,Approved-PMI_TL,Satisfactory,,3/27/2024 16:01,6/15/2026 23:04,6/15/2026 23:04,PMI_TL,Completed by Team Leader,Completado por el Líder de Equipo,Completado pelo(a) Líder de Equipe,Complété par le Chef d’équipe
IFD,IFD/FMM,35,BR-L1533,Progress Monitoring Report March Validation Workflow,132077,Approved,emiliopi,Division Chief,292605,Approved-PMI_DC,Alert,,4/8/2021 16:27,6/15/2026 23:04,6/15/2026 23:04,PMI_DC,Validated by Division Chief,Validada por el Jefe de División,Validado pelo(a) Chefe de Divisão,Validé par le Chef de Division
IFD,IFD/FMM,35,BR-L1533,Progress Monitoring Report March Validation Workflow,132077,Approved,PAOLAA,Representative,293602,Approved-PMI_CR,Alert,,4/8/2021 22:07,6/15/2026 23:04,6/15/2026 23:04,PMI_CR,Validated by Representative,Validada por el Representante de País,Validado pelo(a) Representante do País,Validé par le Représentant de pays
IFD,IFD/FMM,38,BR-L1539,Progress Monitoring Report March Validation Workflow,174557,Approved,emiliopi,Division Chief,421123,Approved-PMI_DC,Satisfactory,,4/19/2022 14:18,6/15/2026 23:04,6/15/2026 23:04,PMI_DC,Validated by Division Chief,Validada por el Jefe de División,Validado pelo(a) Chefe de Divisão,Validé par le Chef de Division
IFD,IFD/FMM,50,SU-L1060,Progress Monitoring Report March Validation Workflow,335043,Approved,ZOILAL,Team Leader,919996,Approved-PMI_TL,Alert,,3/31/2025 17:38,6/15/2026 23:04,6/15/2026 23:04,PMI_TL,Completed by Team Leader,Completado por el Líder de Equipo,Completado pelo(a) Líder de Equipe,Complété par le Chef d’équipe
IFD,IFD/FMM,54,BL-L1031,Progress Monitoring Report March Validation Workflow,398826,Approved,susanar,Division Chief,1126731,Approved-PMI_DC,Satisfactory,,4/22/2026 10:52,6/15/2026 23:04,6/15/2026 23:04,PMI_DC,Validated by Division Chief,Validada por el Jefe de División,Validado pelo(a) Chefe de Divisão,Validé par le Chef de Division
IFD,IFD/FMM,54,BL-L1038,Progress Monitoring Report March Validation Workflow,400230,Approved,susanar,Division Chief,1128327,Approved-PMI_DC,Satisfactory,,4/22/2026 10:55,6/15/2026 23:04,6/15/2026 23:04,PMI_DC,Validated by Division Chief,Validada por el Jefe de División,Validado pelo(a) Chefe de Divisão,Validé par le Chef de Division
IFD,IFD/FMM,54,BR-L1535,Progress Monitoring Report March Validation Workflow,401592,Approved,ANNETTEK,Representative,1135151,Approved-PMI_CR,Satisfactory,,5/15/2026 18:05,6/15/2026 23:04,6/15/2026 23:04,PMI_CR,Validated by Representative,Validada por el Representante de País,Validado pelo(a) Representante do País,Validé par le Représentant de pays
IFD,IFD/FMM,29,BR-L1516,Progress Monitoring Report March Validation Workflow,83866,Approved,mmacdowell,Team Leader,180139,Approved-PMI_TL,Satisfactory,,3/22/2019 12:57,6/15/2026 23:04,6/15/2026 23:04,PMI_TL,Completed by Team Leader,Completado por el Líder de Equipo,Completado pelo(a) Líder de Equipe,Complété par le Chef d’équipe
IFD,IFD/FMM,35,AR-L1285,Progress Monitoring Report March Validation Workflow,132068,Approved,vivianaa,Representative,295022,Approved-PMI_CR,Satisfactory,,4/28/2021 17:06,6/15/2026 23:04,6/15/2026 23:04,PMI_CR,Validated by Representative,Validada por el Representante de País,Validado pelo(a) Representante do País,Validé par le Représentant de pays
IFD,IFD/FMM,37,BR-L1534,PMR Cycle & Startup Plan validation,153672,Approved,anapa,Team Leader,354560,Approved-PMI_TL,Alert,,10/14/2021 12:38,6/15/2026 23:04,6/15/2026 23:04,PMI_TL,Completed by Team Leader,Completado por el Líder de Equipo,Completado pelo(a) Líder de Equipe,Complété par le Chef d’équipe
IFD,IFD/FMM,37,AR-L1285,Progress Monitoring Report September Validation Workflow,152091,Approved-PMI_COO,DOBARA,Chief of Operations,350008,Approved-PMI_COO,Problem,,10/21/2021 0:20,6/15/2026 23:04,6/15/2026 23:04,PMI_COO,Validated by Chief of Operations,Validado por los Jefes de Operaciones,Validado pelo(a) Chefe de Operações,Validé par le Chef des opérations
IFD,IFD/FMM,37,AR-L1248,Progress Monitoring Report September Validation Workflow,152093,Approved-PMI_COO,DOBARA,Chief of Operations,350016,Approved-PMI_COO,Alert,,10/21/2021 0:20,6/15/2026 23:04,6/15/2026 23:04,PMI_COO,Validated by Chief of Operations,Validado por los Jefes de Operaciones,Validado pelo(a) Chefe de Operações,Validé par le Chef des opérations
IFD,IFD/FMM,29,PR-L1150,Progress Monitoring Report March Validation Workflow,83990,Approved,pablot,Chief of Operations,180370,Approved-PMI_COO,Satisfactory,,4/13/2019 13:17,6/15/2026 23:04,6/15/2026 23:04,PMI_COO,Validated by Chief of Operations,Validado por los Jefes de Operaciones,Validado pelo(a) Chefe de Operações,Validé par le Chef des opérations
IFD,IFD/FMM,50,PE-L1266,Progress Monitoring Report March Validation Workflow,335856,Approved,ecambiasso,Representative,933873,Approved-PMI_CR,Alert,,5/9/2025 16:48,6/15/2026 23:04,6/15/2026 23:04,PMI_CR,Validated by Representative,Validada por el Representante de País,Validado pelo(a) Representante do País,Validé par le Représentant de pays
IFD,IFD/FMM,50,PE-L1231,Progress Monitoring Report March Validation Workflow,335861,Approved,MartinA,Team Leader,922506,Approved-PMI_TL,Satisfactory,,4/3/2025 17:19,6/15/2026 23:04,6/15/2026 23:04,PMI_TL,Completed by Team Leader,Completado por el Líder de Equipo,Completado pelo(a) Líder de Equipe,Complété par le Chef d’équipe
IFD,IFD/FMM,53,BR-L1525,Progress Monitoring Report September Validation Workflow,362271,Approved-PMI_COO,CGONCALVES,Team Leader,1008022,Approved-PMI_TL,Problem,,9/29/2025 17:16,6/15/2026 23:04,6/15/2026 23:04,PMI_TL,Completed by Team Leader,Completado por el Líder de Equipo,Completado pelo(a) Líder de Equipe,Complété par le Chef d’équipe
IFD,IFD/FMM,54,BR-L1525,Progress Monitoring Report March Validation Workflow,398711,Approved,susanar,Division Chief,1132438,Approved-PMI_DC,Satisfactory,On behalf of Marta Ruiz Arranz: Se solicita a los equipos mantener actualizado los campos del verificador de contenido.,4/29/2026 11:14,6/15/2026 23:04,6/15/2026 23:04,PMI_DC,Validated by Division Chief,Validada por el Jefe de División,Validado pelo(a) Chefe de Divisão,Validé par le Chef de Division
IFD,IFD/FMM,54,BR-L1525,Progress Monitoring Report March Validation Workflow,398711,Approved,ANNETTEK,Representative,1139503,Approved-PMI_CR,Satisfactory,,5/15/2026 18:05,6/15/2026 23:04,6/15/2026 23:04,PMI_CR,Validated by Representative,Validada por el Representante de País,Validado pelo(a) Representante do País,Validé par le Représentant de pays
IFD,IFD/FMM,54,AR-L1405,PMR Cycle & Startup Plan validation,401063,Approved,susanar,Division Chief,1132398,Approved-PMI_DC,Satisfactory,,4/22/2026 10:02,6/15/2026 23:04,6/15/2026 23:04,PMI_DC,Validated by Division Chief,Validada por el Jefe de División,Validado pelo(a) Chefe de Divisão,Validé par le Chef de Division
IFD,IFD/FMM,31,UR-L1111,Progress Monitoring Report September Validation Workflow,93718,Approved-PMI_COO,fernandocu,Chief of Operations,197083,Approved-PMI_COO,Problem,,10/15/2019 10:49,6/15/2026 23:04,6/15/2026 23:04,PMI_COO,Validated by Chief of Operations,Validado por los Jefes de Operaciones,Validado pelo(a) Chefe de Operações,Validé par le Chef des opérations
IFD,IFD/FMM,40,BL-L1031,Progress Monitoring Report September Validation Workflow,197145,Approved-PMI_COO,MONICASC,Team Leader,488447,Approved-PMI_TL,Satisfactory,,9/30/2022 19:26,6/15/2026 23:04,6/15/2026 23:04,PMI_TL,Completed by Team Leader,Completado por el Líder de Equipo,Completado pelo(a) Líder de Equipe,Complété par le Chef d’équipe
IFD,IFD/FMM,38,PE-L1239,Progress Monitoring Report March Validation Workflow,174850,Aprobado,ecambiasso,Chief of Operations,415556,Approved-PMI_COO,SATISFACTORY,"A pesar que el proyecto figura como alerta, durante el 2021 se han llevado adelante contrataciones que acelerarán el ritmo de ejecución fisica y financiera  para el 2022. ",4/7/2022 16:16,6/15/2026 23:04,6/15/2026 23:04,PMI_COO,Validated by Chief of Operations,Validado por los Jefes de Operaciones,Validado pelo(a) Chefe de Operações,Validé par le Chef des opérations
IFD,IFD/FMM,38,PE-L1239,Progress Monitoring Report March Validation Workflow,174850,Aprobado,emiliopi,Division Chief,421415,Approved-PMI_DC,SATISFACTORY,,4/13/2022 9:57,6/15/2026 23:04,6/15/2026 23:04,PMI_DC,Validated by Division Chief,Validada por el Jefe de División,Validado pelo(a) Chefe de Divisão,Validé par le Chef de Division
IFD,IFD/FMM,50,PE-L1288,Progress Monitoring Report March Validation Workflow,335873,Approved,MartinA,Team Leader,922541,Approved-PMI_TL,N/A,,4/3/2025 17:31,6/15/2026 23:04,6/15/2026 23:04,PMI_TL,Completed by Team Leader,Completado por el Líder de Equipo,Completado pelo(a) Líder de Equipe,Complété par le Chef d’équipe
IFD,IFD/FMM,53,CO-L1245,Progress Monitoring Report September Validation Workflow,362339,Approved-PMI_COO,PabloAn,Chief of Operations,1008280,Approved-PMI_COO,Problem,,10/7/2025 14:55,6/15/2026 23:04,6/15/2026 23:04,PMI_COO,Validated by Chief of Operations,Validado por los Jefes de Operaciones,Validado pelo(a) Chefe de Operações,Validé par le Chef des opérations
IFD,IFD/FMM,38,BR-L1377,Progress Monitoring Report March Validation Workflow,174198,Rejected,mmacdowell,Team Leader,413824,Approved-PMI_TL,Satisfactory,,3/22/2022 15:31,6/15/2026 23:04,6/15/2026 23:04,PMI_TL,Completed by Team Leader,Completado por el Líder de Equipo,Completado pelo(a) Líder de Equipe,Complété par le Chef d’équipe
IFD,IFD/FMM,38,BR-L1516,Progress Monitoring Report March Validation Workflow,174694,Approved,PAOLAA,Chief of Operations,415158,Approved-PMI_COO,Satisfactory,,4/17/2022 19:12,6/15/2026 23:04,6/15/2026 23:04,PMI_COO,Validated by Chief of Operations,Validado por los Jefes de Operaciones,Validado pelo(a) Chefe de Operações,Validé par le Chef des opérations
IFD,IFD/FMM,38,AR-L1285,Progress Monitoring Report March Validation Workflow,176817,Approved,JOSEA,Representative,424588,Approved-PMI_CR,ALERT,,5/4/2022 14:23,6/15/2026 23:04,6/15/2026 23:04,PMI_CR,Validated by Representative,Validada por el Representante de País,Validado pelo(a) Representante do País,Validé par le Représentant de pays
IFD,IFD/FMM,44,PN-L1172,PMR Cycle & Startup Plan validation,251624,Approved,marianac,Division Chief,668121,Approved-PMI_DC,Satisfactory,,11/3/2023 9:33,6/15/2026 23:04,6/15/2026 23:04,PMI_DC,Validated by Division Chief,Validada por el Jefe de División,Validado pelo(a) Chefe de Divisão,Validé par le Chef de Division
IFD,IFD/FMM,45,BR-L1599,Progress Monitoring Report March Validation Workflow,280216,Approved,PAOLAA,Chief of Operations,747270,Approved-PMI_COO,Satisfactory,,4/26/2024 8:54,6/15/2026 23:04,6/15/2026 23:04,PMI_COO,Validated by Chief of Operations,Validado por los Jefes de Operaciones,Validado pelo(a) Chefe de Operações,Validé par le Chef des opérations
IFD,IFD/FMM,45,BR-L1511,Progress Monitoring Report March Validation Workflow,278323,Rejected,anapa,Team Leader,743762,Approved-PMI_TL,Satisfactory,,3/28/2024 18:05,6/15/2026 23:04,6/15/2026 23:04,PMI_TL,Completed by Team Leader,Completado por el Líder de Equipo,Completado pelo(a) Líder de Equipe,Complété par le Chef d’équipe
IFD,IFD/FMM,49,EC-L1253,Progress Monitoring Report September Validation Workflow,307488,Approved-PMI_COO,ZOILAN,Team Leader,835680,Approved-PMI_TL,Problem,,10/10/2024 14:59,6/15/2026 23:04,6/15/2026 23:04,PMI_TL,Completed by Team Leader,Completado por el Líder de Equipo,Completado pelo(a) Líder de Equipe,Complété par le Chef d’équipe
IFD,IFD/FMM,38,BR-L1535,Progress Monitoring Report March Validation Workflow,174480,Approved,PAOLAA,Representative,424601,Approved-PMI_CR,Satisfactory,,4/19/2022 20:14,6/15/2026 23:04,6/15/2026 23:04,PMI_CR,Validated by Representative,Validada por el Representante de País,Validado pelo(a) Representante do País,Validé par le Représentant de pays
IFD,IFD/FMM,38,BR-L1517,Progress Monitoring Report March Validation Workflow,174484,Approved,PAOLAA,Representative,424596,Approved-PMI_CR,Satisfactory,,4/19/2022 20:14,6/15/2026 23:04,6/15/2026 23:04,PMI_CR,Validated by Representative,Validada por el Representante de País,Validado pelo(a) Representante do País,Validé par le Représentant de pays
IFD,IFD/FMM,38,PE-L1231,Progress Monitoring Report March Validation Workflow,174862,Aprobado,TOMASB,Representative,423416,Approved-PMI_CR,SATISFACTORY,,5/6/2022 11:00,6/15/2026 23:04,6/15/2026 23:04,PMI_CR,Validated by Representative,Validada por el Representante de País,Validado pelo(a) Representante do País,Validé par le Représentant de pays
IFD,IFD/FMM,42,BR-L1511,Progress Monitoring Report March Validation Workflow,223591,Approved,emiliopi,Division Chief,581707,Approved-PMI_DC,Satisfactory,,4/24/2023 17:45,6/15/2026 23:04,6/15/2026 23:04,PMI_DC,Validated by Division Chief,Validada por el Jefe de División,Validado pelo(a) Chefe de Divisão,Validé par le Chef de Division
IFD,IFD/FMM,54,BR-L1539,Progress Monitoring Report March Validation Workflow,398431,Approved,ANNETTEK,Representative,1135156,Approved-PMI_CR,Satisfactory,,5/15/2026 18:05,6/15/2026 23:04,6/15/2026 23:04,PMI_CR,Validated by Representative,Validada por el Representante de País,Validado pelo(a) Representante do País,Validé par le Représentant de pays
IFD,IFD/FMM,54,ME-L1309,Progress Monitoring Report March Validation Workflow,400787,Approved,GermanZ,Chief of Operations,1129840,Approved-PMI_COO,Satisfactory,,4/17/2026 13:33,6/15/2026 23:04,6/15/2026 23:04,PMI_COO,Validated by Chief of Operations,Validado por los Jefes de Operaciones,Validado pelo(a) Chefe de Operações,Validé par le Chef des opérations
IFD,IFD/FMM,44,UR-L1111,Progress Monitoring Report September Validation Workflow,249430,Approved-PMI_COO,FERNANDOCU,Chief of Operations,654849,Approved-PMI_COO,Satisfactory,,10/4/2023 10:29,6/15/2026 23:04,6/15/2026 23:04,PMI_COO,Validated by Chief of Operations,Validado por los Jefes de Operaciones,Validado pelo(a) Chefe de Operações,Validé par le Chef des opérations
IFD,IFD/FMM,44,BR-L1501,Progress Monitoring Report September Validation Workflow,249448,Approved-PMI_COO,PAOLAA,Chief of Operations,654886,Approved-PMI_COO,Satisfactory,,10/20/2023 17:56,6/15/2026 23:04,6/15/2026 23:04,PMI_COO,Validated by Chief of Operations,Validado por los Jefes de Operaciones,Validado pelo(a) Chefe de Operações,Validé par le Chef des opérations
IFD,IFD/FMM,45,EC-L1251,Progress Monitoring Report March Validation Workflow,283801,Approved,VinicioR,Chief of Operations,759763,Approved-PMI_COO,SATISFACTORY,"En base a la justificación de cambio de calificación expuesta por el Jefe de Equipo, se aprueba la misma.",5/6/2024 20:27,6/15/2026 23:04,6/15/2026 23:04,PMI_COO,Validated by Chief of Operations,Validado por los Jefes de Operaciones,Validado pelo(a) Chefe de Operações,Validé par le Chef des opérations
IFD,IFD/FMM,49,UR-L1193,PMR Cycle & Startup Plan validation,310948,Approved,FERNANDOCU,Representative,857963,Approved-PMI_CR,Problem,,11/20/2024 14:51,6/15/2026 23:04,6/15/2026 23:04,PMI_CR,Validated by Representative,Validada por el Representante de País,Validado pelo(a) Representante do País,Validé par le Représentant de pays
IFD,IFD/FMM,44,BR-L1592,Progress Monitoring Report September Validation Workflow,249343,Approved-PMI_COO,PAOLAA,Chief of Operations,654670,Approved-PMI_COO,Satisfactory,,10/20/2023 18:23,6/15/2026 23:04,6/15/2026 23:04,PMI_COO,Validated by Chief of Operations,Validado por los Jefes de Operaciones,Validado pelo(a) Chefe de Operações,Validé par le Chef des opérations
IFD,IFD/FMM,29,AR-L1248,Progress Monitoring Report March Validation Workflow,85934,Approved,vivianaa,Chief of Operations,183429,Approved-PMI_COO,SATISFACTORY,"Se valida la solicitud de reclasificación propuesta por el TL ya que esta operación si bien tuvo afectaciones por las restricciones presupuestarias y el tipo de cambio, la UE ha logrado mitigar estos inconvenientes con el nuevo espacio presupuestal para la ejecución de las obras que sufrieron retrasos presupuestales y que a su vez les permitirá comprometer las obras, bienes y servicios con pliegos de licitación que estuvieron listas desde el año pasado. Esto muestra que la UE está buscando alternativas para no frenar la ejecución del programa y cumplir con los resultados previstos.",4/10/2019 12:18,6/15/2026 23:04,6/15/2026 23:04,PMI_COO,Validated by Chief of Operations,Validado por los Jefes de Operaciones,Validado pelo(a) Chefe de Operações,Validé par le Chef des opérations
IFD,IFD/FMM,29,BR-L1377,Progress Monitoring Report March Validation Workflow,83756,Approved,jtostes,Team Leader,179931,Approved-PMI_TL,Satisfactory,,3/21/2019 20:45,6/15/2026 23:04,6/15/2026 23:04,PMI_TL,Completed by Team Leader,Completado por el Líder de Equipo,Completado pelo(a) Líder de Equipe,Complété par le Chef d’équipe
IFD,IFD/FMM,44,CO-L1164,Progress Monitoring Report September Validation Workflow,249403,Approved-PMI_COO,mariosa,Team Leader,654785,Approved-PMI_TL,Alert,,9/29/2023 13:21,6/15/2026 23:04,6/15/2026 23:04,PMI_TL,Completed by Team Leader,Completado por el Líder de Equipo,Completado pelo(a) Líder de Equipe,Complété par le Chef d’équipe
IFD,IFD/FMM,45,BR-L1525,Progress Monitoring Report March Validation Workflow,279564,Rejected,PAOLAA,Chief of Operations,745392,Rejected,Satisfactory,"Segundo orientações de SPD, serão rejeitados todos os fluxos do ciclo para que o sistema seja reajustado e calcule corretamente a qualificação das operações.  Se infomará as equipes quando poderão ser relanzados os fluxos de validação. Obrigada.",4/2/2024 16:21,6/15/2026 23:04,6/15/2026 23:04,,Rejected,,,
IFD,IFD/FMM,45,AR-L1285,Progress Monitoring Report March Validation Workflow,280507,Aprobado,jgomezreino,Team Leader,748081,Approved-PMI_TL,Satisfactory,,4/5/2024 8:26,6/15/2026 23:04,6/15/2026 23:04,PMI_TL,Completed by Team Leader,Completado por el Líder de Equipo,Completado pelo(a) Líder de Equipe,Complété par le Chef d’équipe
IFD,IFD/FMM,49,PE-L1239,Progress Monitoring Report September Validation Workflow,306194,Approved-PMI_COO,MartinA,Team Leader,831456,Approved-PMI_TL,Satisfactory,,10/2/2024 14:22,6/15/2026 23:04,6/15/2026 23:04,PMI_TL,Completed by Team Leader,Completado por el Líder de Equipo,Completado pelo(a) Líder de Equipe,Complété par le Chef d’équipe
IFD,IFD/FMM,35,CO-L1164,Progress Monitoring Report March Validation Workflow,134548,Approved,IGNACIOCO,Representative,298148,Approved-PMI_CR,SATISFACTORY,,5/14/2021 17:50,6/15/2026 23:04,6/15/2026 23:04,PMI_CR,Validated by Representative,Validada por el Representante de País,Validado pelo(a) Representante do País,Validé par le Représentant de pays
IFD,IFD/FMM,38,BR-L1550,Progress Monitoring Report March Validation Workflow,174421,Approved,PATRICIAGB,Team Leader,414448,Approved-PMI_TL,Satisfactory,,3/23/2022 16:23,6/15/2026 23:04,6/15/2026 23:04,PMI_TL,Completed by Team Leader,Completado por el Líder de Equipo,Completado pelo(a) Líder de Equipe,Complété par le Chef d’équipe
IFD,IFD/FMM,38,BR-L1550,Progress Monitoring Report March Validation Workflow,174421,Approved,emiliopi,Division Chief,421130,Approved-PMI_DC,Satisfactory,,4/19/2022 14:18,6/15/2026 23:04,6/15/2026 23:04,PMI_DC,Validated by Division Chief,Validada por el Jefe de División,Validado pelo(a) Chefe de Divisão,Validé par le Chef de Division
IFD,IFD/FMM,38,PN-L1161,Progress Monitoring Report March Validation Workflow,174927,Approved,GermanZ,Chief of Operations,415757,Approved-PMI_COO,Satisfactory,,3/25/2022 17:40,6/15/2026 23:04,6/15/2026 23:04,PMI_COO,Validated by Chief of Operations,Validado por los Jefes de Operaciones,Validado pelo(a) Chefe de Operações,Validé par le Chef des opérations
IFD,IFD/FMM,31,BR-L1377,Progress Monitoring Report September Validation Workflow,93441,Approved-PMI_COO,paolaa,Chief of Operations,196553,Approved-PMI_COO,Alert,,10/4/2019 15:17,6/15/2026 23:04,6/15/2026 23:04,PMI_COO,Validated by Chief of Operations,Validado por los Jefes de Operaciones,Validado pelo(a) Chefe de Operações,Validé par le Chef des opérations
IFD,IFD/FMM,49,PE-L1231,Progress Monitoring Report September Validation Workflow,306191,Approved-PMI_COO,MartinA,Team Leader,831450,Approved-PMI_TL,Satisfactory,,10/2/2024 14:15,6/15/2026 23:04,6/15/2026 23:04,PMI_TL,Completed by Team Leader,Completado por el Líder de Equipo,Completado pelo(a) Líder de Equipe,Complété par le Chef d’équipe
IFD,IFD/FMM,50,EC-L1251,Progress Monitoring Report March Validation Workflow,335196,Approved,VinicioR,Representative,933868,Approved-PMI_CR,Satisfactory,,5/9/2025 15:19,6/15/2026 23:04,6/15/2026 23:04,PMI_CR,Validated by Representative,Validada por el Representante de País,Validado pelo(a) Representante do País,Validé par le Représentant de pays
IFD,IFD/FMM,26,UR-L1111,Progress Monitoring Report March Validation Workflow,65771,Approved,axelradics,Team Leader,143449,Approved-PMI_TL,SATISFACTORY,,3/16/2018 15:09,6/15/2026 23:04,6/15/2026 23:04,PMI_TL,Completed by Team Leader,Completado por el Líder de Equipo,Completado pelo(a) Líder de Equipe,Complété par le Chef d’équipe
IFD,IFD/FMM,45,BR-L1550,Progress Monitoring Report March Validation Workflow,280189,Approved,PAOLAA,Chief of Operations,747184,Approved-PMI_COO,Satisfactory,,4/26/2024 9:54,6/15/2026 23:04,6/15/2026 23:04,PMI_COO,Validated by Chief of Operations,Validado por los Jefes de Operaciones,Validado pelo(a) Chefe de Operações,Validé par le Chef des opérations
IFD,IFD/FMM,45,BR-L1513,Progress Monitoring Report March Validation Workflow,280200,Approved,marianac,Division Chief,758280,Approved-PMI_DC,Satisfactory,,4/29/2024 11:31,6/15/2026 23:04,6/15/2026 23:04,PMI_DC,Validated by Division Chief,Validada por el Jefe de División,Validado pelo(a) Chefe de Divisão,Validé par le Chef de Division
IFD,IFD/FMM,50,SU-L1060,Progress Monitoring Report March Validation Workflow,335043,Approved,mruizarranz,Division Chief,920418,Approved-PMI_DC,SATISFACTORY,,4/30/2025 9:10,6/15/2026 23:04,6/15/2026 23:04,PMI_DC,Validated by Division Chief,Validada por el Jefe de División,Validado pelo(a) Chefe de Divisão,Validé par le Chef de Division
IFD,IFD/FMM,54,BL-L1031,Progress Monitoring Report March Validation Workflow,398826,Approved,ALEXANDREV,Representative,1134956,Approved-PMI_CR,Satisfactory,,5/13/2026 11:17,6/15/2026 23:04,6/15/2026 23:04,PMI_CR,Validated by Representative,Validada por el Representante de País,Validado pelo(a) Representante do País,Validé par le Représentant de pays
IFD,IFD/FMM,54,BL-L1038,Progress Monitoring Report March Validation Workflow,400230,Approved,JESSICACH,Team Leader,1127887,Approved-PMI_TL,Satisfactory,,4/9/2026 16:18,6/15/2026 23:04,6/15/2026 23:04,PMI_TL,Completed by Team Leader,Completado por el Líder de Equipo,Completado pelo(a) Líder de Equipe,Complété par le Chef d’équipe
IFD,IFD/FMM,32,UR-L1111,Progress Monitoring Report March Validation Workflow,103711,Approved,jgomezreino,Team Leader,213202,Approved-PMI_TL,Satisfactory,,3/26/2020 14:09,6/15/2026 23:04,6/15/2026 23:04,PMI_TL,Completed by Team Leader,Completado por el Líder de Equipo,Completado pelo(a) Líder de Equipe,Complété par le Chef d’équipe
IFD,IFD/FMM,32,PE-L1231,Progress Monitoring Report March Validation Workflow,103735,Approved,marianac,Division Chief,213730,Approved-PMI_DC,Satisfactory,,4/10/2020 11:43,6/15/2026 23:04,6/15/2026 23:04,PMI_DC,Validated by Division Chief,Validada por el Jefe de División,Validado pelo(a) Chefe de Divisão,Validé par le Chef de Division
IFD,IFD/FMM,38,EC-L1251,Progress Monitoring Report March Validation Workflow,174762,Rejected,UBALDOG,Team Leader,415308,Approved-PMI_TL,Problem,,3/25/2022 11:47,6/15/2026 23:04,6/15/2026 23:04,PMI_TL,Completed by Team Leader,Completado por el Líder de Equipo,Completado pelo(a) Líder de Equipe,Complété par le Chef d’équipe
IFD,IFD/FMM,38,EC-L1251,Progress Monitoring Report March Validation Workflow,174762,Rejected,emiliopi,Division Chief,418065,Approved-PMI_DC,Problem,,4/13/2022 9:53,6/15/2026 23:04,6/15/2026 23:04,PMI_DC,Validated by Division Chief,Validada por el Jefe de División,Validado pelo(a) Chefe de Divisão,Validé par le Chef de Division
IFD,IFD/FMM,37,PR-L1150,PMR Cycle & Startup Plan validation,151880,Approved,pablot,Chief of Operations,349449,Approved-PMI_COO,Problem,,10/5/2021 10:41,6/15/2026 23:04,6/15/2026 23:04,PMI_COO,Validated by Chief of Operations,Validado por los Jefes de Operaciones,Validado pelo(a) Chefe de Operações,Validé par le Chef des opérations
IFD,IFD/FMM,40,BR-L1501,Progress Monitoring Report September Validation Workflow,196829,Approved-PMI_COO,PAOLAA,Chief of Operations,487620,Approved-PMI_COO,Satisfactory,,10/18/2022 9:44,6/15/2026 23:04,6/15/2026 23:04,PMI_COO,Validated by Chief of Operations,Validado por los Jefes de Operaciones,Validado pelo(a) Chefe de Operações,Validé par le Chef des opérations
IFD,IFD/FMM,42,AR-L1248,Progress Monitoring Report March Validation Workflow,223627,Approved,DOBARA,Chief of Operations,569410,Approved-PMI_COO,Satisfactory,,4/16/2023 23:24,6/15/2026 23:04,6/15/2026 23:04,PMI_COO,Validated by Chief of Operations,Validado por los Jefes de Operaciones,Validado pelo(a) Chefe de Operações,Validé par le Chef des opérations
IFD,IFD/FMM,42,BR-L1501,Progress Monitoring Report March Validation Workflow,223545,Approved,MORGAND,Representative,582272,Approved-PMI_CR,Satisfactory,,4/25/2023 10:30,6/15/2026 23:04,6/15/2026 23:04,PMI_CR,Validated by Representative,Validada por el Representante de País,Validado pelo(a) Representante do País,Validé par le Représentant de pays
IFD,IFD/FMM,40,PE-L1239,Progress Monitoring Report September Validation Workflow,196865,Approved-PMI_COO,AXELRADICS,Team Leader,487705,Approved-PMI_TL,Alert,,9/30/2022 10:01,6/15/2026 23:04,6/15/2026 23:04,PMI_TL,Completed by Team Leader,Completado por el Líder de Equipo,Completado pelo(a) Líder de Equipe,Complété par le Chef d’équipe
IFD,IFD/FMM,45,BR-L1377,Progress Monitoring Report March Validation Workflow,283750,Approved,PAOLAA,Representative,761126,Approved-PMI_CR,Satisfactory,,5/3/2024 12:12,6/15/2026 23:04,6/15/2026 23:04,PMI_CR,Validated by Representative,Validada por el Representante de País,Validado pelo(a) Representante do País,Validé par le Représentant de pays
IFD,IFD/FMM,45,PE-L1231,Progress Monitoring Report March Validation Workflow,284262,Approved,marianac,Division Chief,761863,Approved-PMI_DC,Satisfactory,,5/8/2024 11:59,6/15/2026 23:04,6/15/2026 23:04,PMI_DC,Validated by Division Chief,Validada por el Jefe de División,Validado pelo(a) Chefe de Divisão,Validé par le Chef de Division
IFD,IFD/FMM,50,UR-L1164,Progress Monitoring Report March Validation Workflow,335183,Aprobado,SERGIOCI,Team Leader,920359,Approved-PMI_TL,Satisfactory,,4/1/2025 12:51,6/15/2026 23:04,6/15/2026 23:04,PMI_TL,Completed by Team Leader,Completado por el Líder de Equipo,Completado pelo(a) Líder de Equipe,Complété par le Chef d’équipe
IFD,IFD/FMM,54,BR-L1511,Progress Monitoring Report March Validation Workflow,398565,Approved,susanar,Division Chief,1127429,Approved-PMI_DC,Satisfactory,,4/22/2026 11:27,6/15/2026 23:04,6/15/2026 23:04,PMI_DC,Validated by Division Chief,Validada por el Jefe de División,Validado pelo(a) Chefe de Divisão,Validé par le Chef de Division
IFD,IFD/FMM,54,BR-L1533,Progress Monitoring Report March Validation Workflow,398567,Approved,RMOTTACAFE,Team Leader,1122528,Approved-PMI_TL,Satisfactory,,3/30/2026 12:57,6/15/2026 23:04,6/15/2026 23:04,PMI_TL,Completed by Team Leader,Completado por el Líder de Equipo,Completado pelo(a) Líder de Equipe,Complété par le Chef d’équipe
IFD,IFD/FMM,53,BR-L1534,Progress Monitoring Report September Validation Workflow,363085,Approved-PMI_COO,PAOLAA,Chief of Operations,1010621,Approved-PMI_COO,Problem,,10/15/2025 18:55,6/15/2026 23:04,6/15/2026 23:04,PMI_COO,Validated by Chief of Operations,Validado por los Jefes de Operaciones,Validado pelo(a) Chefe de Operações,Validé par le Chef des opérations
IFD,IFD/FMM,54,AR-L1285,Progress Monitoring Report March Validation Workflow,399473,Approved,AXELRADICS,Team Leader,1125161,Approved-PMI_TL,Problem,,4/6/2026 10:23,6/15/2026 23:04,6/15/2026 23:04,PMI_TL,Completed by Team Leader,Completado por el Líder de Equipo,Completado pelo(a) Líder de Equipe,Complété par le Chef d’équipe
IFD,IFD/FMM,53,CH-L1178,PMR Cycle & Startup Plan validation,364947,Approved,FERNANDOCU,Representative,1038693,Approved-PMI_CR,Satisfactory,,11/14/2025 6:56,6/15/2026 23:04,6/15/2026 23:04,PMI_CR,Validated by Representative,Validada por el Representante de País,Validado pelo(a) Representante do País,Validé par le Représentant de pays
IFD,IFD/FMM,54,BR-L1599,Progress Monitoring Report March Validation Workflow,398482,Approved,ANNETTEK,Representative,1135181,Approved-PMI_CR,Satisfactory,,5/15/2026 18:05,6/15/2026 23:04,6/15/2026 23:04,PMI_CR,Validated by Representative,Validada por el Representante de País,Validado pelo(a) Representante do País,Validé par le Représentant de pays
IFD,IFD/FMM,50,BR-L1599,Progress Monitoring Report March Validation Workflow,335673,Approved,mruizarranz,Division Chief,923115,Approved-PMI_DC,Satisfactory,,4/30/2025 9:10,6/15/2026 23:04,6/15/2026 23:04,PMI_DC,Validated by Division Chief,Validada por el Jefe de División,Validado pelo(a) Chefe de Divisão,Validé par le Chef de Division
IFD,IFD/FMM,34,BR-L1517,Progress Monitoring Report September Validation Workflow,112406,Approved-PMI_COO,anapa,Team Leader,232134,Approved-PMI_TL,Problem,,10/9/2020 16:31,6/15/2026 23:04,6/15/2026 23:04,PMI_TL,Completed by Team Leader,Completado por el Líder de Equipo,Completado pelo(a) Líder de Equipe,Complété par le Chef d’équipe
IFD,IFD/FMM,34,AR-L1248,Progress Monitoring Report September Validation Workflow,111904,Approved-PMI_COO,jgomezreino,Team Leader,230881,Approved-PMI_TL,Problem,,10/7/2020 17:26,6/15/2026 23:04,6/15/2026 23:04,PMI_TL,Completed by Team Leader,Completado por el Líder de Equipo,Completado pelo(a) Líder de Equipe,Complété par le Chef d’équipe
IFD,IFD/FMM,50,AR-L1285,Progress Monitoring Report March Validation Workflow,334753,Aprobado,DOBARA,Chief of Operations,919230,Approved-PMI_COO,Satisfactory,,4/14/2025 19:06,6/15/2026 23:04,6/15/2026 23:04,PMI_COO,Validated by Chief of Operations,Validado por los Jefes de Operaciones,Validado pelo(a) Chefe de Operações,Validé par le Chef des opérations
IFD,IFD/FMM,50,AR-L1405,Progress Monitoring Report March Validation Workflow,334596,Aprobado,DOBARA,Chief of Operations,918816,Approved-PMI_COO,Satisfactory,,4/14/2025 19:17,6/15/2026 23:04,6/15/2026 23:04,PMI_COO,Validated by Chief of Operations,Validado por los Jefes de Operaciones,Validado pelo(a) Chefe de Operações,Validé par le Chef des opérations
IFD,IFD/FMM,53,PE-L1239,Progress Monitoring Report September Validation Workflow,362492,Approved-PMI_COO,MartinA,Team Leader,1008737,Approved-PMI_TL,Alert,,9/30/2025 13:56,6/15/2026 23:04,6/15/2026 23:04,PMI_TL,Completed by Team Leader,Completado por el Líder de Equipo,Completado pelo(a) Líder de Equipe,Complété par le Chef d’équipe
IFD,IFD/FMM,54,BR-L1539,Progress Monitoring Report March Validation Workflow,398431,Approved,YUDYB,Chief of Operations,1121977,Approved-PMI_COO,Satisfactory,,4/17/2026 9:25,6/15/2026 23:04,6/15/2026 23:04,PMI_COO,Validated by Chief of Operations,Validado por los Jefes de Operaciones,Validado pelo(a) Chefe de Operações,Validé par le Chef des opérations
IFD,IFD/FMM,54,UR-L1164,Progress Monitoring Report March Validation Workflow,400287,Aprobado,rlima,Chief of Operations,1128176,Approved-PMI_COO,ALERT,"He decidido reclasificar el préstamo a ""Alerta"" en base a que la presente operación se comporta desde la perspectiva de su despiegue y performance frente a la curva país, de forma similar a las operaciones anteriores con el mismo ejecutor con dinámica de trabajo subnacional. Asimismo, ha sido afectada por la transición política nacional y de las mismas intendencias. Se espera que en 2026, se pueda cerrar la brecha y convergir a la proyección. Para que eso sucede, el equipo tiene que ejecutar física y financieramente lo planificado del producto ""proyectos financiados con el fondo inicial"". Se buscará este acuerdo en revisión de cartera.  ",4/13/2026 15:40,6/15/2026 23:04,6/15/2026 23:04,PMI_COO,Validated by Chief of Operations,Validado por los Jefes de Operaciones,Validado pelo(a) Chefe de Operações,Validé par le Chef des opérations
IFD,IFD/FMM,35,AR-L1248,Progress Monitoring Report March Validation Workflow,132069,Approved,EARRAIZA,Chief of Operations,289181,Approved-PMI_COO,Alert,,4/16/2021 16:44,6/15/2026 23:04,6/15/2026 23:04,PMI_COO,Validated by Chief of Operations,Validado por los Jefes de Operaciones,Validado pelo(a) Chefe de Operações,Validé par le Chef des opérations
IFD,IFD/FMM,35,AR-L1248,Progress Monitoring Report March Validation Workflow,132069,Approved,vivianaa,Representative,297886,Approved-PMI_CR,Alert,,4/28/2021 17:02,6/15/2026 23:04,6/15/2026 23:04,PMI_CR,Validated by Representative,Validada por el Representante de País,Validado pelo(a) Representante do País,Validé par le Représentant de pays
IFD,IFD/FMM,38,BR-L1534,Progress Monitoring Report March Validation Workflow,174556,Approved,PAOLAA,Representative,424599,Approved-PMI_CR,Satisfactory,,4/19/2022 20:14,6/15/2026 23:04,6/15/2026 23:04,PMI_CR,Validated by Representative,Validada por el Representante de País,Validado pelo(a) Representante do País,Validé par le Représentant de pays
IFD,IFD/FMM,53,BR-L1540,Progress Monitoring Report September Validation Workflow,362222,Approved-PMI_COO,PAOLAA,Chief of Operations,1007907,Approved-PMI_COO,Problem,,10/15/2025 18:56,6/15/2026 23:04,6/15/2026 23:04,PMI_COO,Validated by Chief of Operations,Validado por los Jefes de Operaciones,Validado pelo(a) Chefe de Operações,Validé par le Chef des opérations
IFD,IFD/FMM,50,SU-L1060,Progress Monitoring Report March Validation Workflow,335043,Approved,stevenc,Chief of Operations,919997,Approved-PMI_COO,SATISFACTORY,"This projects implementation, including the Start-Up Workshop was delayed from 2023 to 2024 due to management issues in the Ministry including selection of the PIU members, PIU duties, and pay levels. As a result, procurements were delayed, in turn delaying deliverables. In addition, a major issue was discovered regarding inter-operability of IT systems which also delayed an important process. Each of these issues has been resolved paving the way to deliver expected results.",4/1/2025 13:58,6/15/2026 23:04,6/15/2026 23:04,PMI_COO,Validated by Chief of Operations,Validado por los Jefes de Operaciones,Validado pelo(a) Chefe de Operações,Validé par le Chef des opérations
IFD,IFD/FMM,38,EC-L1251,Progress Monitoring Report March Validation Workflow,179009,Aprobado,emiliopi,Division Chief,431591,Approved-PMI_DC,Problem,,5/4/2022 17:47,6/15/2026 23:04,6/15/2026 23:04,PMI_DC,Validated by Division Chief,Validada por el Jefe de División,Validado pelo(a) Chefe de Divisão,Validé par le Chef de Division
IFD,IFD/FMM,45,BR-L1533,Progress Monitoring Report March Validation Workflow,280188,Approved,PAOLAA,Chief of Operations,747182,Approved-PMI_COO,Satisfactory,,4/26/2024 9:54,6/15/2026 23:04,6/15/2026 23:04,PMI_COO,Validated by Chief of Operations,Validado por los Jefes de Operaciones,Validado pelo(a) Chefe de Operações,Validé par le Chef des opérations
IFD,IFD/FMM,45,BR-L1592,Progress Monitoring Report March Validation Workflow,280205,Approved,PAOLAA,Representative,759233,Approved-PMI_CR,Alert,,4/30/2024 19:05,6/15/2026 23:04,6/15/2026 23:04,PMI_CR,Validated by Representative,Validada por el Representante de País,Validado pelo(a) Representante do País,Validé par le Représentant de pays
IFD,IFD/FMM,42,BL-L1031,Progress Monitoring Report March Validation Workflow,225674,Approved,MONICASC,Team Leader,575834,Approved-PMI_TL,Satisfactory,,4/12/2023 16:26,6/15/2026 23:04,6/15/2026 23:04,PMI_TL,Completed by Team Leader,Completado por el Líder de Equipo,Completado pelo(a) Líder de Equipe,Complété par le Chef d’équipe
IFD,IFD/FMM,42,BL-L1031,Progress Monitoring Report March Validation Workflow,225674,Approved,JulianB,Chief of Operations,575835,Approved-PMI_COO,Satisfactory,,4/18/2023 8:58,6/15/2026 23:04,6/15/2026 23:04,PMI_COO,Validated by Chief of Operations,Validado por los Jefes de Operaciones,Validado pelo(a) Chefe de Operações,Validé par le Chef des opérations
IFD,IFD/FMM,32,EC-L1230,PMR Cycle & Startup Plan validation,103082,Approved,marianac,Division Chief,214456,Approved-PMI_DC,Satisfactory,,4/9/2020 12:12,6/15/2026 23:04,6/15/2026 23:04,PMI_DC,Validated by Division Chief,Validada por el Jefe de División,Validado pelo(a) Chefe de Divisão,Validé par le Chef de Division
IFD,IFD/FMM,34,BR-L1533,Progress Monitoring Report September Validation Workflow,110650,Approved-PMI_COO,PATRICIAGB,Team Leader,226824,Approved-PMI_TL,Satisfactory,,9/23/2020 10:48,6/15/2026 23:04,6/15/2026 23:04,PMI_TL,Completed by Team Leader,Completado por el Líder de Equipo,Completado pelo(a) Líder de Equipe,Complété par le Chef d’équipe
IFD,IFD/FMM,35,BR-L1501,Progress Monitoring Report March Validation Workflow,132156,Approved,PAOLAA,Representative,293008,Approved-PMI_CR,Satisfactory,,4/8/2021 22:05,6/15/2026 23:04,6/15/2026 23:04,PMI_CR,Validated by Representative,Validada por el Representante de País,Validado pelo(a) Representante do País,Validé par le Représentant de pays
IFD,IFD/FMM,35,BR-L1516,Progress Monitoring Report March Validation Workflow,132157,Approved,PAOLAA,Representative,293013,Approved-PMI_CR,Satisfactory,,4/8/2021 22:05,6/15/2026 23:04,6/15/2026 23:04,PMI_CR,Validated by Representative,Validada por el Representante de País,Validado pelo(a) Representante do País,Validé par le Représentant de pays
IFD,IFD/FMM,32,BL-L1031,Progress Monitoring Report March Validation Workflow,103014,Approved,cassandrar,Representative,215180,Approved-PMI_CR,Satisfactory,,5/4/2020 7:40,6/15/2026 23:04,6/15/2026 23:04,PMI_CR,Validated by Representative,Validada por el Representante de País,Validado pelo(a) Representante do País,Validé par le Représentant de pays
IFD,IFD/FMM,34,BL-L1031,PMR Cycle & Startup Plan validation,112770,Rejected,MONICASC,Team Leader,233086,Approved-PMI_TL,Problem,,10/13/2020 17:03,6/15/2026 23:04,6/15/2026 23:04,PMI_TL,Completed by Team Leader,Completado por el Líder de Equipo,Completado pelo(a) Líder de Equipe,Complété par le Chef d’équipe
IFD,IFD/FMM,29,BR-L1516,Progress Monitoring Report March Validation Workflow,83866,Approved,hugof,Representative,182235,Approved-PMI_CR,Satisfactory,,4/1/2019 16:12,6/15/2026 23:04,6/15/2026 23:04,PMI_CR,Validated by Representative,Validada por el Representante de País,Validado pelo(a) Representante do País,Validé par le Représentant de pays
IFD,IFD/FMM,35,BR-L1511,Progress Monitoring Report March Validation Workflow,132523,Approved,anapa,Team Leader,290345,Approved-PMI_TL,Satisfactory,,3/30/2021 8:07,6/15/2026 23:04,6/15/2026 23:04,PMI_TL,Completed by Team Leader,Completado por el Líder de Equipo,Completado pelo(a) Líder de Equipe,Complété par le Chef d’équipe
IFD,IFD/FMM,40,BR-L1377,Progress Monitoring Report September Validation Workflow,196832,Approved-PMI_COO,mmacdowell,Team Leader,487625,Approved-PMI_TL,Satisfactory,,9/30/2022 8:17,6/15/2026 23:04,6/15/2026 23:04,PMI_TL,Completed by Team Leader,Completado por el Líder de Equipo,Completado pelo(a) Líder de Equipe,Complété par le Chef d’équipe
IFD,IFD/FMM,45,AR-L1248,Progress Monitoring Report March Validation Workflow,279387,Cancelled,,Chief of Operations,744903,Cancelled,Satisfactory,,4/2/2024 18:41,6/15/2026 23:04,6/15/2026 23:04,,Cancelled,,,
IFD,IFD/FMM,32,BR-L1527,Progress Monitoring Report March Validation Workflow,103129,Approved,paolaa,Chief of Operations,212110,Approved-PMI_COO,Satisfactory,,3/27/2020 8:19,6/15/2026 23:04,6/15/2026 23:04,PMI_COO,Validated by Chief of Operations,Validado por los Jefes de Operaciones,Validado pelo(a) Chefe de Operações,Validé par le Chef des opérations
IFD,IFD/FMM,53,BR-L1534,Progress Monitoring Report September Validation Workflow,362185,Rejected,PAOLAA,Chief of Operations,1007801,Rejected,Problem,Por gentileza ajustar conforme solicitado e reenviar.,9/30/2025 14:01,6/15/2026 23:04,6/15/2026 23:04,,Rejected,,,
IFD,IFD/FMM,45,BR-L1511,Progress Monitoring Report March Validation Workflow,280250,Approved,marianac,Division Chief,758367,Approved-PMI_DC,Satisfactory,,4/29/2024 11:31,6/15/2026 23:04,6/15/2026 23:04,PMI_DC,Validated by Division Chief,Validada por el Jefe de División,Validado pelo(a) Chefe de Divisão,Validé par le Chef de Division
IFD,IFD/FMM,45,BR-L1517,Progress Monitoring Report March Validation Workflow,280254,Approved,marianac,Division Chief,758368,Approved-PMI_DC,Satisfactory,,4/29/2024 11:31,6/15/2026 23:04,6/15/2026 23:04,PMI_DC,Validated by Division Chief,Validada por el Jefe de División,Validado pelo(a) Chefe de Divisão,Validé par le Chef de Division
IFD,IFD/FMM,45,BR-L1534,Progress Monitoring Report March Validation Workflow,280256,Approved,PAOLAA,Representative,759227,Approved-PMI_CR,Satisfactory,,4/30/2024 19:15,6/15/2026 23:04,6/15/2026 23:04,PMI_CR,Validated by Representative,Validada por el Representante de País,Validado pelo(a) Representante do País,Validé par le Représentant de pays
IFD,IFD/FMM,45,BR-L1539,PMR Cycle & Startup Plan validation,280260,Approved,PAOLAA,Chief of Operations,747396,Approved-PMI_COO,Satisfactory,,4/26/2024 9:54,6/15/2026 23:04,6/15/2026 23:04,PMI_COO,Validated by Chief of Operations,Validado por los Jefes de Operaciones,Validado pelo(a) Chefe de Operações,Validé par le Chef des opérations
IFD,IFD/FMM,45,UR-L1193,Progress Monitoring Report March Validation Workflow,285499,Approved,marianac,Division Chief,766381,Approved-PMI_DC,Satisfactory,,5/14/2024 17:39,6/15/2026 23:04,6/15/2026 23:04,PMI_DC,Validated by Division Chief,Validada por el Jefe de División,Validado pelo(a) Chefe de Divisão,Validé par le Chef de Division
IFD,IFD/FMM,49,CO-L1164,Progress Monitoring Report September Validation Workflow,305940,Approved-PMI_COO,kelvins,Chief of Operations,830643,Approved-PMI_COO,Problem,,10/2/2024 14:41,6/15/2026 23:04,6/15/2026 23:04,PMI_COO,Validated by Chief of Operations,Validado por los Jefes de Operaciones,Validado pelo(a) Chefe de Operações,Validé par le Chef des opérations
IFD,IFD/FMM,49,BR-L1599,PMR Cycle & Startup Plan validation,313012,Approved,mmacdowell,Team Leader,854736,Approved-PMI_TL,Problem,,11/14/2024 17:53,6/15/2026 23:04,6/15/2026 23:04,PMI_TL,Completed by Team Leader,Completado por el Líder de Equipo,Completado pelo(a) Líder de Equipe,Complété par le Chef d’équipe
IFD,IFD/FMM,49,BR-L1599,PMR Cycle & Startup Plan validation,313012,Approved,AXELRADICS,Division Chief,855038,Approved-PMI_DC,Problem,,11/15/2024 14:33,6/15/2026 23:04,6/15/2026 23:04,PMI_DC,Validated by Division Chief,Validada por el Jefe de División,Validado pelo(a) Chefe de Divisão,Validé par le Chef de Division
IFD,IFD/FMM,50,BR-L1525,PMR Cycle & Startup Plan validation,336221,Approved,PAOLAA,Chief of Operations,923676,Approved-PMI_COO,Satisfactory,,4/16/2025 7:41,6/15/2026 23:04,6/15/2026 23:04,PMI_COO,Validated by Chief of Operations,Validado por los Jefes de Operaciones,Validado pelo(a) Chefe de Operações,Validé par le Chef des opérations
IFD,IFD/FMM,54,PN-L1161,Progress Monitoring Report March Validation Workflow,399098,Aprobado,jeant,Chief of Operations,1124064,Approved-PMI_COO,Alert,,4/10/2026 12:12,6/15/2026 23:04,6/15/2026 23:04,PMI_COO,Validated by Chief of Operations,Validado por los Jefes de Operaciones,Validado pelo(a) Chefe de Operações,Validé par le Chef des opérations
IFD,IFD/FMM,54,PE-L1278,Progress Monitoring Report March Validation Workflow,399561,Approved,rhinac,Representative,1139553,Approved-PMI_CR,Satisfactory,,5/15/2026 12:37,6/15/2026 23:04,6/15/2026 23:04,PMI_CR,Validated by Representative,Validada por el Representante de País,Validado pelo(a) Representante do País,Validé par le Représentant de pays
IFD,IFD/FMM,37,BR-L1527,PMR Cycle & Startup Plan validation,152108,Approved,PAOLAA,Chief of Operations,350049,Approved-PMI_COO,Problem,,10/19/2021 11:34,6/15/2026 23:04,6/15/2026 23:04,PMI_COO,Validated by Chief of Operations,Validado por los Jefes de Operaciones,Validado pelo(a) Chefe de Operações,Validé par le Chef des opérations
IFD,IFD/FMM,45,CO-L1245,Progress Monitoring Report March Validation Workflow,282292,Aprobado,kelvins,Representative,759162,Approved-PMI_CR,Alert,,4/29/2024 19:15,6/15/2026 23:04,6/15/2026 23:04,PMI_CR,Validated by Representative,Validada por el Representante de País,Validado pelo(a) Representante do País,Validé par le Représentant de pays
IFD,IFD/FMM,49,BR-L1501,Progress Monitoring Report September Validation Workflow,305563,Approved-PMI_COO,mmacdowell,Team Leader,829503,Approved-PMI_TL,Satisfactory,,9/30/2024 11:07,6/15/2026 23:04,6/15/2026 23:04,PMI_TL,Completed by Team Leader,Completado por el Líder de Equipo,Completado pelo(a) Líder de Equipe,Complété par le Chef d’équipe
IFD,IFD/FMM,35,PE-L1231,Progress Monitoring Report March Validation Workflow,133211,Aprobado,JavierGa,Representative,295023,Approved-PMI_CR,Satisfactory,,4/16/2021 17:54,6/15/2026 23:04,6/15/2026 23:04,PMI_CR,Validated by Representative,Validada por el Representante de País,Validado pelo(a) Representante do País,Validé par le Représentant de pays
IFD,IFD/FMM,37,PN-L1161,PMR Cycle & Startup Plan validation,152214,Approved,emiliopi,Division Chief,359850,Approved-PMI_DC,Satisfactory,,11/1/2021 10:09,6/15/2026 23:04,6/15/2026 23:04,PMI_DC,Validated by Division Chief,Validada por el Jefe de División,Validado pelo(a) Chefe de Divisão,Validé par le Chef de Division
IFD,IFD/FMM,37,PN-L1161,PMR Cycle & Startup Plan validation,152214,Approved,RocioMB,Representative,360498,Approved-PMI_CR,Satisfactory,,11/19/2021 10:43,6/15/2026 23:04,6/15/2026 23:04,PMI_CR,Validated by Representative,Validada por el Representante de País,Validado pelo(a) Representante do País,Validé par le Représentant de pays
IFD,IFD/FMM,32,BR-L1517,Progress Monitoring Report March Validation Workflow,103030,Approved,anapa,Team Leader,211924,Approved-PMI_TL,Alert,,3/19/2020 9:10,6/15/2026 23:04,6/15/2026 23:04,PMI_TL,Completed by Team Leader,Completado por el Líder de Equipo,Completado pelo(a) Líder de Equipe,Complété par le Chef d’équipe
IFD,IFD/FMM,32,BR-L1517,Progress Monitoring Report March Validation Workflow,103030,Approved,marianac,Division Chief,213252,Approved-PMI_DC,Alert,,4/7/2020 18:30,6/15/2026 23:04,6/15/2026 23:04,PMI_DC,Validated by Division Chief,Validada por el Jefe de División,Validado pelo(a) Chefe de Divisão,Validé par le Chef de Division
IFD,IFD/FMM,32,BR-L1534,Progress Monitoring Report March Validation Workflow,103093,Approved,JENNIFFERM,Division Chief,213289,Cancelled,Satisfactory,,1/24/2023 17:07,6/15/2026 23:04,6/15/2026 23:04,,Cancelled,,,
IFD,IFD/FMM,32,UR-L1111,Progress Monitoring Report March Validation Workflow,103711,Approved,fernandocu,Representative,215302,Approved-PMI_CR,Satisfactory,,4/20/2020 11:00,6/15/2026 23:04,6/15/2026 23:04,PMI_CR,Validated by Representative,Validada por el Representante de País,Validado pelo(a) Representante do País,Validé par le Représentant de pays
IFD,IFD/FMM,34,BR-L1525,Progress Monitoring Report September Validation Workflow,110651,Approved-PMI_COO,PATRICIAGB,Team Leader,226827,Approved-PMI_TL,Satisfactory,,9/23/2020 10:49,6/15/2026 23:04,6/15/2026 23:04,PMI_TL,Completed by Team Leader,Completado por el Líder de Equipo,Completado pelo(a) Líder de Equipe,Complété par le Chef d’équipe
IFD,IFD/FMM,50,PE-L1231,Progress Monitoring Report March Validation Workflow,335861,Approved,ecambiasso,Chief of Operations,922509,Approved-PMI_COO,Satisfactory,,4/14/2025 17:42,6/15/2026 23:04,6/15/2026 23:04,PMI_COO,Validated by Chief of Operations,Validado por los Jefes de Operaciones,Validado pelo(a) Chefe de Operações,Validé par le Chef des opérations
IFD,IFD/FMM,31,UR-L1111,Progress Monitoring Report September Validation Workflow,93718,Approved-PMI_COO,axelradics,Team Leader,197082,Approved-PMI_TL,Problem,,10/4/2019 18:19,6/15/2026 23:04,6/15/2026 23:04,PMI_TL,Completed by Team Leader,Completado por el Líder de Equipo,Completado pelo(a) Líder de Equipe,Complété par le Chef d’équipe
IFD,IFD/FMM,31,BR-L1511,Progress Monitoring Report September Validation Workflow,93398,Approved-PMI_COO,anapa,Team Leader,196476,Approved-PMI_TL,Alert,,10/2/2019 12:29,6/15/2026 23:04,6/15/2026 23:04,PMI_TL,Completed by Team Leader,Completado por el Líder de Equipo,Completado pelo(a) Líder de Equipe,Complété par le Chef d’équipe
IFD,IFD/FMM,32,BR-L1501,PMR Cycle & Startup Plan validation,103232,Approved,mmacdowell,Team Leader,212287,Approved-PMI_TL,Satisfactory,,3/20/2020 14:21,6/15/2026 23:04,6/15/2026 23:04,PMI_TL,Completed by Team Leader,Completado por el Líder de Equipo,Completado pelo(a) Líder de Equipe,Complété par le Chef d’équipe
IFD,IFD/FMM,32,BR-L1501,PMR Cycle & Startup Plan validation,103232,Approved,paolaa,Representative,214951,Approved-PMI_CR,Satisfactory,,4/9/2020 13:42,6/15/2026 23:04,6/15/2026 23:04,PMI_CR,Validated by Representative,Validada por el Representante de País,Validado pelo(a) Representante do País,Validé par le Représentant de pays
IFD,IFD/FMM,42,BR-L1525,Progress Monitoring Report March Validation Workflow,223462,Approved,ANDREMA,Team Leader,569002,Approved-PMI_TL,Problem,,3/27/2023 16:53,6/15/2026 23:04,6/15/2026 23:04,PMI_TL,Completed by Team Leader,Completado por el Líder de Equipo,Completado pelo(a) Líder de Equipe,Complété par le Chef d’équipe
IFD,IFD/FMM,42,BR-L1525,Progress Monitoring Report March Validation Workflow,223462,Approved,emiliopi,Division Chief,581714,Approved-PMI_DC,Problem,,4/24/2023 17:46,6/15/2026 23:04,6/15/2026 23:04,PMI_DC,Validated by Division Chief,Validada por el Jefe de División,Validado pelo(a) Chefe de Divisão,Validé par le Chef de Division
IFD,IFD/FMM,44,SU-L1060,Progress Monitoring Report September Validation Workflow,249534,Approved-PMI_COO,stevenc,Chief of Operations,655068,Approved-PMI_COO,Satisfactory,,10/2/2023 9:13,6/15/2026 23:04,6/15/2026 23:04,PMI_COO,Validated by Chief of Operations,Validado por los Jefes de Operaciones,Validado pelo(a) Chefe de Operações,Validé par le Chef des opérations
IFD,IFD/FMM,44,BL-L1031,Progress Monitoring Report September Validation Workflow,252476,Approved-PMI_COO,JulianB,Chief of Operations,664704,Approved-PMI_COO,Alert,,10/21/2023 1:06,6/15/2026 23:04,6/15/2026 23:04,PMI_COO,Validated by Chief of Operations,Validado por los Jefes de Operaciones,Validado pelo(a) Chefe de Operações,Validé par le Chef des opérations
IFD,IFD/FMM,38,PE-L1239,Progress Monitoring Report March Validation Workflow,174850,Aprobado,AXELRADICS,Team Leader,415555,Approved-PMI_TL,Alert,,3/25/2022 14:40,6/15/2026 23:04,6/15/2026 23:04,PMI_TL,Completed by Team Leader,Completado por el Líder de Equipo,Completado pelo(a) Líder de Equipe,Complété par le Chef d’équipe
IFD,IFD/FMM,40,PR-L1150,Progress Monitoring Report September Validation Workflow,196716,Approved-PMI_COO,olorarocha,Team Leader,487250,Approved-PMI_TL,Problem,,9/29/2022 15:09,6/15/2026 23:04,6/15/2026 23:04,PMI_TL,Completed by Team Leader,Completado por el Líder de Equipo,Completado pelo(a) Líder de Equipe,Complété par le Chef d’équipe
IFD,IFD/FMM,42,CO-L1245,Progress Monitoring Report March Validation Workflow,223563,Aprobado,kelvins,Chief of Operations,569251,Approved-PMI_COO,Satisfactory,,4/17/2023 23:18,6/15/2026 23:04,6/15/2026 23:04,PMI_COO,Validated by Chief of Operations,Validado por los Jefes de Operaciones,Validado pelo(a) Chefe de Operações,Validé par le Chef des opérations
IFD,IFD/FMM,28,BR-L1377,Progress Monitoring Report September Validation Workflow,74613,Approved,jtostes,Team Leader,164429,Approved-PMI_TL,N/A,,9/28/2018 16:52,6/15/2026 23:04,6/15/2026 23:04,PMI_TL,Completed by Team Leader,Completado por el Líder de Equipo,Completado pelo(a) Líder de Equipe,Complété par le Chef d’équipe
IFD,IFD/FMM,26,UR-L1111,Progress Monitoring Report March Validation Workflow,65771,Approved,miguelt,Chief of Operations,143450,Approved-PMI_COO,SATISFACTORY,,3/22/2018 14:46,6/15/2026 23:04,6/15/2026 23:04,PMI_COO,Validated by Chief of Operations,Validado por los Jefes de Operaciones,Validado pelo(a) Chefe de Operações,Validé par le Chef des opérations
IFD,IFD/FMM,42,PN-L1172,Progress Monitoring Report March Validation Workflow,225482,Approved,josel,Team Leader,575166,Approved-PMI_TL,Satisfactory,,4/11/2023 16:38,6/15/2026 23:04,6/15/2026 23:04,PMI_TL,Completed by Team Leader,Completado por el Líder de Equipo,Completado pelo(a) Líder de Equipe,Complété par le Chef d’équipe
IFD,IFD/FMM,49,BR-L1525,Progress Monitoring Report September Validation Workflow,305519,Approved-PMI_COO,PAOLAA,Chief of Operations,829397,Approved-PMI_COO,Problem,,10/4/2024 14:58,6/15/2026 23:04,6/15/2026 23:04,PMI_COO,Validated by Chief of Operations,Validado por los Jefes de Operaciones,Validado pelo(a) Chefe de Operações,Validé par le Chef des opérations
IFD,IFD/FMM,53,PE-L1231,Progress Monitoring Report September Validation Workflow,362408,Approved-PMI_COO,MartinA,Team Leader,1008483,Approved-PMI_TL,Satisfactory,,9/30/2025 11:06,6/15/2026 23:04,6/15/2026 23:04,PMI_TL,Completed by Team Leader,Completado por el Líder de Equipo,Completado pelo(a) Líder de Equipe,Complété par le Chef d’équipe
IFD,IFD/FMM,23,AR-L1248,Progress Monitoring Report March Validation Workflow,47305,Approved,sergiori,Representative,110826,Approved-PMI_CR,SATISFACTORY,,4/20/2017 10:39,6/15/2026 23:04,6/15/2026 23:04,PMI_CR,Validated by Representative,Validada por el Representante de País,Validado pelo(a) Representante do País,Validé par le Représentant de pays
IFD,IFD/FMM,32,BR-L1517,Progress Monitoring Report March Validation Workflow,103030,Approved,paolaa,Chief of Operations,211925,Approved-PMI_COO,Alert,,3/26/2020 16:43,6/15/2026 23:04,6/15/2026 23:04,PMI_COO,Validated by Chief of Operations,Validado por los Jefes de Operaciones,Validado pelo(a) Chefe de Operações,Validé par le Chef des opérations
IFD,IFD/FMM,49,BR-L1599,PMR Cycle & Startup Plan validation,313012,Approved,PAOLAA,Representative,855237,Approved-PMI_CR,Problem,,11/15/2024 16:55,6/15/2026 23:04,6/15/2026 23:04,PMI_CR,Validated by Representative,Validada por el Representante de País,Validado pelo(a) Representante do País,Validé par le Représentant de pays
IFD,IFD/FMM,50,PE-L1231,Progress Monitoring Report March Validation Workflow,335861,Approved,ecambiasso,Representative,933871,Approved-PMI_CR,Satisfactory,,5/9/2025 16:46,6/15/2026 23:04,6/15/2026 23:04,PMI_CR,Validated by Representative,Validada por el Representante de País,Validado pelo(a) Representante do País,Validé par le Représentant de pays
IFD,IFD/FMM,29,PE-L1231,Progress Monitoring Report March Validation Workflow,85416,Approved,josel,Team Leader,182363,Approved-PMI_TL,Alert,,3/28/2019 18:06,6/15/2026 23:04,6/15/2026 23:04,PMI_TL,Completed by Team Leader,Completado por el Líder de Equipo,Completado pelo(a) Líder de Equipe,Complété par le Chef d’équipe
IFD,IFD/FMM,29,UR-L1111,Progress Monitoring Report March Validation Workflow,83792,Approved,fernandocu,Chief of Operations,180005,Approved-PMI_COO,Satisfactory,,4/12/2019 10:08,6/15/2026 23:04,6/15/2026 23:04,PMI_COO,Validated by Chief of Operations,Validado por los Jefes de Operaciones,Validado pelo(a) Chefe de Operações,Validé par le Chef des opérations
IFD,IFD/FMM,31,AR-L1248,Progress Monitoring Report September Validation Workflow,93711,Approved-PMI_COO,axelradics,Team Leader,197070,Approved-PMI_TL,Alert,,10/4/2019 18:10,6/15/2026 23:04,6/15/2026 23:04,PMI_TL,Completed by Team Leader,Completado por el Líder de Equipo,Completado pelo(a) Líder de Equipe,Complété par le Chef d’équipe
IFD,IFD/FMM,38,PE-L1266,Progress Monitoring Report March Validation Workflow,174851,Aprobado,ecambiasso,Chief of Operations,415559,Approved-PMI_COO,Satisfactory,,4/7/2022 17:41,6/15/2026 23:04,6/15/2026 23:04,PMI_COO,Validated by Chief of Operations,Validado por los Jefes de Operaciones,Validado pelo(a) Chefe de Operações,Validé par le Chef des opérations
IFD,IFD/FMM,42,BR-L1550,Progress Monitoring Report March Validation Workflow,223474,Approved,emiliopi,Division Chief,581727,Approved-PMI_DC,Satisfactory,,4/24/2023 17:49,6/15/2026 23:04,6/15/2026 23:04,PMI_DC,Validated by Division Chief,Validada por el Jefe de División,Validado pelo(a) Chefe de Divisão,Validé par le Chef de Division
IFD,IFD/FMM,38,BL-L1038,Progress Monitoring Report March Validation Workflow,177345,Approved,emiliopi,Division Chief,426503,Approved-PMI_DC,Satisfactory,,4/25/2022 17:55,6/15/2026 23:04,6/15/2026 23:04,PMI_DC,Validated by Division Chief,Validada por el Jefe de División,Validado pelo(a) Chefe de Divisão,Validé par le Chef de Division
IFD,IFD/FMM,38,BL-L1038,Progress Monitoring Report March Validation Workflow,177345,Approved,ramirol,Representative,426942,Approved-PMI_CR,Satisfactory,,5/6/2022 20:15,6/15/2026 23:04,6/15/2026 23:04,PMI_CR,Validated by Representative,Validada por el Representante de País,Validado pelo(a) Representante do País,Validé par le Représentant de pays
IFD,IFD/FMM,28,BR-L1501,Progress Monitoring Report September Validation Workflow,74322,Approved,patriciagb,Team Leader,163859,Approved-PMI_TL,N/A,,9/27/2018 11:11,6/15/2026 23:04,6/15/2026 23:04,PMI_TL,Completed by Team Leader,Completado por el Líder de Equipo,Completado pelo(a) Líder de Equipe,Complété par le Chef d’équipe
IFD,IFD/FMM,53,AR-L1405,Progress Monitoring Report September Validation Workflow,362370,Approved-PMI_COO,DOBARA,Chief of Operations,1008373,Approved-PMI_COO,Alert,,10/15/2025 12:09,6/15/2026 23:04,6/15/2026 23:04,PMI_COO,Validated by Chief of Operations,Validado por los Jefes de Operaciones,Validado pelo(a) Chefe de Operações,Validé par le Chef des opérations
IFD,IFD/FMM,42,BR-L1539,Progress Monitoring Report March Validation Workflow,223466,Approved,anapa,Team Leader,569009,Approved-PMI_TL,Alert,,3/27/2023 16:56,6/15/2026 23:04,6/15/2026 23:04,PMI_TL,Completed by Team Leader,Completado por el Líder de Equipo,Completado pelo(a) Líder de Equipe,Complété par le Chef d’équipe
IFD,IFD/FMM,23,BR-L1377,Progress Monitoring Report March Validation Workflow,47588,Approved,carolines,Chief of Operations,106030,Approved-PMI_COO,PROBLEM,,4/4/2017 14:11,6/15/2026 23:04,6/15/2026 23:04,PMI_COO,Validated by Chief of Operations,Validado por los Jefes de Operaciones,Validado pelo(a) Chefe de Operações,Validé par le Chef des opérations
IFD,IFD/FMM,23,BR-L1377,Progress Monitoring Report March Validation Workflow,47588,Approved,vicentef,Division Chief,108220,Approved-PMI_DC,PROBLEM,,4/14/2017 8:51,6/15/2026 23:04,6/15/2026 23:04,PMI_DC,Validated by Division Chief,Validada por el Jefe de División,Validado pelo(a) Chefe de Divisão,Validé par le Chef de Division
IFD,IFD/FMM,23,BR-L1377,Progress Monitoring Report March Validation Workflow,47588,Approved,hugof,Representative,110660,Approved-PMI_CR,PROBLEM,,4/14/2017 17:50,6/15/2026 23:04,6/15/2026 23:04,PMI_CR,Validated by Representative,Validada por el Representante de País,Validado pelo(a) Representante do País,Validé par le Représentant de pays
IFD,IFD/FMM,40,EC-L1251,Progress Monitoring Report September Validation Workflow,197103,Approved-PMI_COO,UBALDOG,Team Leader,488330,Approved-PMI_TL,Problem,,9/30/2022 17:39,6/15/2026 23:04,6/15/2026 23:04,PMI_TL,Completed by Team Leader,Completado por el Líder de Equipo,Completado pelo(a) Líder de Equipe,Complété par le Chef d’équipe
IFD,IFD/FMM,38,EC-L1230,Progress Monitoring Report March Validation Workflow,179056,Aprobado,AdrianaLV,Chief of Operations,429475,Approved-PMI_COO,Problem,,5/4/2022 11:33,6/15/2026 23:04,6/15/2026 23:04,PMI_COO,Validated by Chief of Operations,Validado por los Jefes de Operaciones,Validado pelo(a) Chefe de Operações,Validé par le Chef des opérations
IFD,IFD/FMM,40,BR-L1535,PMR Cycle & Startup Plan validation,197013,Approved,PAOLAA,Representative,497273,Approved-PMI_CR,Satisfactory,,10/24/2022 15:01,6/15/2026 23:04,6/15/2026 23:04,PMI_CR,Validated by Representative,Validada por el Representante de País,Validado pelo(a) Representante do País,Validé par le Représentant de pays
IFD,IFD/FMM,42,PE-L1239,Progress Monitoring Report March Validation Workflow,227754,Aprobado,emiliopi,Division Chief,584286,Approved-PMI_DC,Satisfactory,,4/28/2023 15:51,6/15/2026 23:04,6/15/2026 23:04,PMI_DC,Validated by Division Chief,Validada por el Jefe de División,Validado pelo(a) Chefe de Divisão,Validé par le Chef de Division
IFD,IFD/FMM,44,CO-L1245,Progress Monitoring Report September Validation Workflow,249404,Approved-PMI_COO,kelvins,Chief of Operations,654789,Approved-PMI_COO,Alert,,10/12/2023 12:15,6/15/2026 23:04,6/15/2026 23:04,PMI_COO,Validated by Chief of Operations,Validado por los Jefes de Operaciones,Validado pelo(a) Chefe de Operações,Validé par le Chef des opérations
IFD,IFD/FMM,40,BR-L1516,Progress Monitoring Report September Validation Workflow,196830,Approved-PMI_COO,mmacdowell,Team Leader,487621,Approved-PMI_TL,Satisfactory,,9/30/2022 8:15,6/15/2026 23:04,6/15/2026 23:04,PMI_TL,Completed by Team Leader,Completado por el Líder de Equipo,Completado pelo(a) Líder de Equipe,Complété par le Chef d’équipe
IFD,IFD/FMM,38,PR-L1150,Progress Monitoring Report March Validation Workflow,174683,Approved,pablot,Chief of Operations,415133,Approved-PMI_COO,Satisfactory,,4/6/2022 18:17,6/15/2026 23:04,6/15/2026 23:04,PMI_COO,Validated by Chief of Operations,Validado por los Jefes de Operaciones,Validado pelo(a) Chefe de Operações,Validé par le Chef des opérations
IFD,IFD/FMM,32,PE-L1239,PMR Cycle & Startup Plan validation,104220,Rejected,marianac,Division Chief,214683,Rejected,Satisfactory,"Conforme a lo indicado por el punto focal de FMM se proceder a rechazar para reiniciar el flujo,",4/15/2020 15:39,6/15/2026 23:04,6/15/2026 23:04,,Rejected,,,
IFD,IFD/FMM,31,BR-L1517,Progress Monitoring Report September Validation Workflow,93429,Approved-PMI_COO,anapa,Team Leader,196532,Approved-PMI_TL,Satisfactory,,10/2/2019 15:59,6/15/2026 23:04,6/15/2026 23:04,PMI_TL,Completed by Team Leader,Completado por el Líder de Equipo,Completado pelo(a) Líder de Equipe,Complété par le Chef d’équipe
IFD,IFD/FMM,32,AR-L1285,Progress Monitoring Report March Validation Workflow,103226,Rejected,EARRAIZA,Chief of Operations,212277,Rejected,Satisfactory,A pedido del equipo de proyecto se rechaza para correcciones,3/20/2020 14:09,6/15/2026 23:04,6/15/2026 23:04,,Rejected,,,
IFD,IFD/FMM,32,BR-L1516,Progress Monitoring Report March Validation Workflow,103128,Approved,marianac,Division Chief,213251,Approved-PMI_DC,Satisfactory,,4/7/2020 18:30,6/15/2026 23:04,6/15/2026 23:04,PMI_DC,Validated by Division Chief,Validada por el Jefe de División,Validado pelo(a) Chefe de Divisão,Validé par le Chef de Division
IFD,IFD/FMM,45,BR-L1511,Progress Monitoring Report March Validation Workflow,280250,Approved,PAOLAA,Chief of Operations,747374,Approved-PMI_COO,Satisfactory,,4/26/2024 9:49,6/15/2026 23:04,6/15/2026 23:04,PMI_COO,Validated by Chief of Operations,Validado por los Jefes de Operaciones,Validado pelo(a) Chefe de Operações,Validé par le Chef des opérations
IFD,IFD/FMM,45,BR-L1539,PMR Cycle & Startup Plan validation,280260,Approved,anapa,Team Leader,747395,Approved-PMI_TL,Satisfactory,,4/4/2024 11:35,6/15/2026 23:04,6/15/2026 23:04,PMI_TL,Completed by Team Leader,Completado por el Líder de Equipo,Completado pelo(a) Líder de Equipe,Complété par le Chef d’équipe
IFD,IFD/FMM,50,CH-L1178,Progress Monitoring Report March Validation Workflow,335413,Approved,FERNANDOCU,Chief of Operations,920968,Approved-PMI_COO,Problem,,4/16/2025 18:15,6/15/2026 23:04,6/15/2026 23:04,PMI_COO,Validated by Chief of Operations,Validado por los Jefes de Operaciones,Validado pelo(a) Chefe de Operações,Validé par le Chef des opérations
IFD,IFD/FMM,53,BR-L1516,Progress Monitoring Report September Validation Workflow,362165,Rejected,PAOLAA,Chief of Operations,1007744,Rejected,Satisfactory,Por gentileza ajustar conforme solicitado e reenviar.,9/30/2025 14:00,6/15/2026 23:04,6/15/2026 23:04,,Rejected,,,
IFD,IFD/FMM,53,BR-L1629,Progress Monitoring Report September Validation Workflow,362182,Rejected,mmacdowell,Team Leader,1007794,Approved-PMI_TL,Satisfactory,,9/29/2025 15:37,6/15/2026 23:04,6/15/2026 23:04,PMI_TL,Completed by Team Leader,Completado por el Líder de Equipo,Completado pelo(a) Líder de Equipe,Complété par le Chef d’équipe
IFD,IFD/FMM,53,BR-L1629,Progress Monitoring Report September Validation Workflow,362182,Rejected,PAOLAA,Chief of Operations,1007795,Rejected,Satisfactory,Por gentileza ajustar conforme solicitado e reenviar.,9/30/2025 14:03,6/15/2026 23:04,6/15/2026 23:04,,Rejected,,,
IFD,IFD/FMM,49,CH-L1178,Progress Monitoring Report September Validation Workflow,306487,Approved-PMI_COO,jgomezreino,Team Leader,832416,Approved-PMI_TL,Satisfactory,,10/4/2024 9:15,6/15/2026 23:04,6/15/2026 23:04,PMI_TL,Completed by Team Leader,Completado por el Líder de Equipo,Completado pelo(a) Líder de Equipe,Complété par le Chef d’équipe
IFD,IFD/FMM,45,BL-L1031,Progress Monitoring Report March Validation Workflow,281828,Approved,marianac,Division Chief,753579,Approved-PMI_DC,Satisfactory,,4/23/2024 10:04,6/15/2026 23:04,6/15/2026 23:04,PMI_DC,Validated by Division Chief,Validada por el Jefe de División,Validado pelo(a) Chefe de Divisão,Validé par le Chef de Division
IFD,IFD/FMM,45,CO-L1245,Progress Monitoring Report March Validation Workflow,282292,Aprobado,kelvins,Chief of Operations,754205,Approved-PMI_COO,Alert,,4/21/2024 23:17,6/15/2026 23:04,6/15/2026 23:04,PMI_COO,Validated by Chief of Operations,Validado por los Jefes de Operaciones,Validado pelo(a) Chefe de Operações,Validé par le Chef des opérations
IFD,IFD/FMM,45,PN-L1161,Progress Monitoring Report March Validation Workflow,281705,Aprobado,andresmu,Team Leader,752152,Approved-PMI_TL,Problem,,4/15/2024 12:46,6/15/2026 23:04,6/15/2026 23:04,PMI_TL,Completed by Team Leader,Completado por el Líder de Equipo,Completado pelo(a) Líder de Equipe,Complété par le Chef d’équipe
IFD,IFD/FMM,38,PN-L1161,Progress Monitoring Report March Validation Workflow,174927,Approved,RocioMB,Representative,423405,Approved-PMI_CR,Satisfactory,,4/26/2022 17:11,6/15/2026 23:04,6/15/2026 23:04,PMI_CR,Validated by Representative,Validada por el Representante de País,Validado pelo(a) Representante do País,Validé par le Représentant de pays
IFD,IFD/FMM,50,PR-L1150,Progress Monitoring Report March Validation Workflow,334944,Approved,manuelfe,Representative,933878,Approved-PMI_CR,Satisfactory,,5/9/2025 16:09,6/15/2026 23:04,6/15/2026 23:04,PMI_CR,Validated by Representative,Validada por el Representante de País,Validado pelo(a) Representante do País,Validé par le Représentant de pays
IFD,IFD/FMM,54,BR-L1534,Progress Monitoring Report March Validation Workflow,398470,Approved,mmacdowell,Team Leader,1122091,Approved-PMI_TL,Satisfactory,,3/27/2026 19:51,6/15/2026 23:04,6/15/2026 23:04,PMI_TL,Completed by Team Leader,Completado por el Líder de Equipo,Completado pelo(a) Líder de Equipe,Complété par le Chef d’équipe
IFD,IFD/FMM,54,EC-L1253,Progress Monitoring Report March Validation Workflow,406579,Approved,teodoroz,Team Leader,1151177,Approved-PMI_TL,Alert,,5/15/2026 17:17,6/15/2026 23:04,6/15/2026 23:04,PMI_TL,Completed by Team Leader,Completado por el Líder de Equipo,Completado pelo(a) Líder de Equipe,Complété par le Chef d’équipe
IFD,IFD/FMM,38,BR-L1535,Progress Monitoring Report March Validation Workflow,174480,Approved,emiliopi,Division Chief,421119,Approved-PMI_DC,Satisfactory,,4/19/2022 14:17,6/15/2026 23:04,6/15/2026 23:04,PMI_DC,Validated by Division Chief,Validada por el Jefe de División,Validado pelo(a) Chefe de Divisão,Validé par le Chef de Division
IFD,IFD/FMM,40,BR-L1517,PMR Cycle & Startup Plan validation,198918,Approved,PAOLAA,Representative,497264,Approved-PMI_CR,Problem,,10/24/2022 15:01,6/15/2026 23:04,6/15/2026 23:04,PMI_CR,Validated by Representative,Validada por el Representante de País,Validado pelo(a) Representante do País,Validé par le Représentant de pays
IFD,IFD/FMM,40,AR-L1285,Progress Monitoring Report September Validation Workflow,196745,Approved-PMI_COO,jgomezreino,Team Leader,487334,Approved-PMI_TL,Problem,,9/29/2022 16:28,6/15/2026 23:04,6/15/2026 23:04,PMI_TL,Completed by Team Leader,Completado por el Líder de Equipo,Completado pelo(a) Líder de Equipe,Complété par le Chef d’équipe
IFD,IFD/FMM,42,BR-L1517,Progress Monitoring Report March Validation Workflow,223592,Approved,anapa,Team Leader,569325,Approved-PMI_TL,Satisfactory,,3/27/2023 22:07,6/15/2026 23:04,6/15/2026 23:04,PMI_TL,Completed by Team Leader,Completado por el Líder de Equipo,Completado pelo(a) Líder de Equipe,Complété par le Chef d’équipe
IFD,IFD/FMM,42,EC-L1230,Progress Monitoring Report March Validation Workflow,224064,Aprobado,UBALDOG,Team Leader,570736,Approved-PMI_TL,Satisfactory,,3/30/2023 5:02,6/15/2026 23:04,6/15/2026 23:04,PMI_TL,Completed by Team Leader,Completado por el Líder de Equipo,Completado pelo(a) Líder de Equipe,Complété par le Chef d’équipe
IFD,IFD/FMM,42,EC-L1230,Progress Monitoring Report March Validation Workflow,224064,Aprobado,VinicioR,Representative,582498,Approved-PMI_CR,Satisfactory,,4/26/2023 15:35,6/15/2026 23:04,6/15/2026 23:04,PMI_CR,Validated by Representative,Validada por el Representante de País,Validado pelo(a) Representante do País,Validé par le Représentant de pays
IFD,IFD/FMM,54,BR-L1517,Progress Monitoring Report March Validation Workflow,398433,Approved,ANDREMA,Team Leader,1121980,Approved-PMI_TL,Satisfactory,,3/27/2026 17:49,6/15/2026 23:04,6/15/2026 23:04,PMI_TL,Completed by Team Leader,Completado por el Líder de Equipo,Completado pelo(a) Líder de Equipe,Complété par le Chef d’équipe
IFD,IFD/FMM,54,BR-L1592,Progress Monitoring Report March Validation Workflow,398438,Approved,susanar,Division Chief,1127423,Approved-PMI_DC,Satisfactory,,4/22/2026 12:05,6/15/2026 23:04,6/15/2026 23:04,PMI_DC,Validated by Division Chief,Validada por el Jefe de División,Validado pelo(a) Chefe de Divisão,Validé par le Chef de Division
IFD,IFD/FMM,54,PR-L1150,Progress Monitoring Report March Validation Workflow,398906,Approved,olorarocha,Team Leader,1123558,Approved-PMI_TL,Satisfactory,,3/31/2026 16:14,6/15/2026 23:04,6/15/2026 23:04,PMI_TL,Completed by Team Leader,Completado por el Líder de Equipo,Completado pelo(a) Líder de Equipe,Complété par le Chef d’équipe
IFD,IFD/FMM,45,BR-L1599,Progress Monitoring Report March Validation Workflow,278041,Rejected,PAOLAA,Chief of Operations,743033,Rejected,Satisfactory,"Segundo orientações de SPD, serão rejeitados todos os fluxos do ciclo para que o sistema seja reajustado e calcule corretamente a qualificação das operações.  Se infomará as equipes quando poderão ser relanzados os fluxos de validação. Obrigada.",4/2/2024 16:27,6/15/2026 23:04,6/15/2026 23:04,,Rejected,,,
IFD,IFD/FMM,45,PE-L1239,Progress Monitoring Report March Validation Workflow,280085,Approved,ecambiasso,Chief of Operations,746906,Approved-PMI_COO,Satisfactory,,4/17/2024 17:42,6/15/2026 23:04,6/15/2026 23:04,PMI_COO,Validated by Chief of Operations,Validado por los Jefes de Operaciones,Validado pelo(a) Chefe de Operações,Validé par le Chef des opérations
IFD,IFD/FMM,42,AR-L1285,Progress Monitoring Report March Validation Workflow,225500,Approved,DOBARA,Chief of Operations,575220,Approved-PMI_COO,ALERT,,5/11/2023 20:02,6/15/2026 23:04,6/15/2026 23:04,PMI_COO,Validated by Chief of Operations,Validado por los Jefes de Operaciones,Validado pelo(a) Chefe de Operações,Validé par le Chef des opérations
IFD,IFD/FMM,45,BR-L1525,Progress Monitoring Report March Validation Workflow,280230,Approved,PAOLAA,Chief of Operations,747311,Approved-PMI_COO,Satisfactory,,4/26/2024 8:50,6/15/2026 23:04,6/15/2026 23:04,PMI_COO,Validated by Chief of Operations,Validado por los Jefes de Operaciones,Validado pelo(a) Chefe de Operações,Validé par le Chef des opérations
IFD,IFD/FMM,45,BR-L1525,Progress Monitoring Report March Validation Workflow,280230,Approved,PAOLAA,Representative,759223,Approved-PMI_CR,Satisfactory,,4/30/2024 19:05,6/15/2026 23:04,6/15/2026 23:04,PMI_CR,Validated by Representative,Validada por el Representante de País,Validado pelo(a) Representante do País,Validé par le Représentant de pays
IFD,IFD/FMM,53,PE-L1288,Progress Monitoring Report September Validation Workflow,362605,Approved-PMI_COO,MartinA,Team Leader,1009047,Approved-PMI_TL,N/A,,9/30/2025 17:40,6/15/2026 23:04,6/15/2026 23:04,PMI_TL,Completed by Team Leader,Completado por el Líder de Equipo,Completado pelo(a) Líder de Equipe,Complété par le Chef d’équipe
IFD,IFD/FMM,45,UR-L1193,Progress Monitoring Report March Validation Workflow,282354,Rejected,SERGIOCI,Team Leader,754432,Approved-PMI_TL,Satisfactory,,4/18/2024 10:39,6/15/2026 23:04,6/15/2026 23:04,PMI_TL,Completed by Team Leader,Completado por el Líder de Equipo,Completado pelo(a) Líder de Equipe,Complété par le Chef d’équipe
IFD,IFD/FMM,50,BR-L1535,Progress Monitoring Report March Validation Workflow,334644,Approved,mruizarranz,Division Chief,928949,Approved-PMI_DC,Satisfactory,,4/30/2025 9:10,6/15/2026 23:04,6/15/2026 23:04,PMI_DC,Validated by Division Chief,Validada por el Jefe de División,Validado pelo(a) Chefe de Divisão,Validé par le Chef de Division
IFD,IFD/FMM,54,BR-L1501,Progress Monitoring Report March Validation Workflow,398467,Approved,YUDYB,Chief of Operations,1122086,Approved-PMI_COO,Satisfactory,,4/8/2026 22:09,6/15/2026 23:04,6/15/2026 23:04,PMI_COO,Validated by Chief of Operations,Validado por los Jefes de Operaciones,Validado pelo(a) Chefe de Operações,Validé par le Chef des opérations
IFD,IFD/FMM,54,BR-L1534,Progress Monitoring Report March Validation Workflow,398470,Approved,YUDYB,Chief of Operations,1122092,Approved-PMI_COO,Satisfactory,,4/8/2026 22:11,6/15/2026 23:04,6/15/2026 23:04,PMI_COO,Validated by Chief of Operations,Validado por los Jefes de Operaciones,Validado pelo(a) Chefe de Operações,Validé par le Chef des opérations
IFD,IFD/FMM,54,BR-L1377,Progress Monitoring Report March Validation Workflow,398471,Approved,mmacdowell,Team Leader,1122093,Approved-PMI_TL,Satisfactory,,3/27/2026 19:54,6/15/2026 23:04,6/15/2026 23:04,PMI_TL,Completed by Team Leader,Completado por el Líder de Equipo,Completado pelo(a) Líder de Equipe,Complété par le Chef d’équipe
IFD,IFD/FMM,34,PE-L1231,Progress Monitoring Report September Validation Workflow,112566,Approved-PMI_COO,VVINAPAIS,Chief of Operations,232514,Cancelled,Problem,,5/31/2023 17:22,6/15/2026 23:04,6/15/2026 23:04,,Cancelled,,,
IFD,IFD/FMM,34,PE-L1239,Progress Monitoring Report September Validation Workflow,112571,Approved-PMI_COO,JavierGa,Chief of Operations,232531,Approved-PMI_COO,Problem,,10/17/2020 19:56,6/15/2026 23:04,6/15/2026 23:04,PMI_COO,Validated by Chief of Operations,Validado por los Jefes de Operaciones,Validado pelo(a) Chefe de Operações,Validé par le Chef des opérations
IFD,IFD/FMM,50,BR-L1540,Progress Monitoring Report March Validation Workflow,334680,Approved,CGONCALVES,Team Leader,919008,Approved-PMI_TL,Satisfactory,,3/28/2025 12:22,6/15/2026 23:04,6/15/2026 23:04,PMI_TL,Completed by Team Leader,Completado por el Líder de Equipo,Completado pelo(a) Líder de Equipe,Complété par le Chef d’équipe
IFD,IFD/FMM,50,UR-L1111,Progress Monitoring Report March Validation Workflow,335181,Approved,LGRODRIGUEZ,Representative,933882,Approved-PMI_CR,Satisfactory,,4/30/2025 11:55,6/15/2026 23:04,6/15/2026 23:04,PMI_CR,Validated by Representative,Validada por el Representante de País,Validado pelo(a) Representante do País,Validé par le Représentant de pays
IFD,IFD/FMM,50,EC-L1230,Progress Monitoring Report March Validation Workflow,335187,Approved,VinicioR,Chief of Operations,920367,Approved-PMI_COO,Satisfactory,,4/8/2025 14:03,6/15/2026 23:04,6/15/2026 23:04,PMI_COO,Validated by Chief of Operations,Validado por los Jefes de Operaciones,Validado pelo(a) Chefe de Operações,Validé par le Chef des opérations
IFD,IFD/FMM,50,EC-L1230,Progress Monitoring Report March Validation Workflow,335187,Approved,VinicioR,Representative,933867,Approved-PMI_CR,Satisfactory,,5/9/2025 15:24,6/15/2026 23:04,6/15/2026 23:04,PMI_CR,Validated by Representative,Validada por el Representante de País,Validado pelo(a) Representante do País,Validé par le Représentant de pays
IFD,IFD/FMM,50,PN-L1161,Progress Monitoring Report March Validation Workflow,335188,Aprobado,mruizarranz,Division Chief,928159,Approved-PMI_DC,Alert,,4/30/2025 9:10,6/15/2026 23:04,6/15/2026 23:04,PMI_DC,Validated by Division Chief,Validada por el Jefe de División,Validado pelo(a) Chefe de Divisão,Validé par le Chef de Division
IFD,IFD/FMM,45,BL-L1038,Progress Monitoring Report March Validation Workflow,281988,Approved,RocioMB,Representative,756447,Approved-PMI_CR,SATISFACTORY,,5/5/2024 14:13,6/15/2026 23:04,6/15/2026 23:04,PMI_CR,Validated by Representative,Validada por el Representante de País,Validado pelo(a) Representante do País,Validé par le Représentant de pays
IFD,IFD/FMM,34,PR-L1150,Progress Monitoring Report September Validation Workflow,112567,Approved-PMI_COO,pablot,Chief of Operations,232519,Approved-PMI_COO,Alert,,10/19/2020 15:38,6/15/2026 23:04,6/15/2026 23:04,PMI_COO,Validated by Chief of Operations,Validado por los Jefes de Operaciones,Validado pelo(a) Chefe de Operações,Validé par le Chef des opérations
IFD,IFD/FMM,34,PE-L1239,Progress Monitoring Report September Validation Workflow,112571,Approved-PMI_COO,belindap,Team Leader,232530,Approved-PMI_TL,Problem,,10/12/2020 16:33,6/15/2026 23:04,6/15/2026 23:04,PMI_TL,Completed by Team Leader,Completado por el Líder de Equipo,Completado pelo(a) Líder de Equipe,Complété par le Chef d’équipe
IFD,IFD/FMM,50,BR-L1501,Progress Monitoring Report March Validation Workflow,334841,Approved,PAOLAA,Chief of Operations,919456,Approved-PMI_COO,Satisfactory,,4/4/2025 15:13,6/15/2026 23:04,6/15/2026 23:04,PMI_COO,Validated by Chief of Operations,Validado por los Jefes de Operaciones,Validado pelo(a) Chefe de Operações,Validé par le Chef des opérations
IFD,IFD/FMM,50,BR-L1516,Progress Monitoring Report March Validation Workflow,334842,Approved,mmacdowell,Team Leader,919457,Approved-PMI_TL,Satisfactory,,3/31/2025 9:02,6/15/2026 23:04,6/15/2026 23:04,PMI_TL,Completed by Team Leader,Completado por el Líder de Equipo,Completado pelo(a) Líder de Equipe,Complété par le Chef d’équipe
IFD,IFD/FMM,50,BR-L1516,Progress Monitoring Report March Validation Workflow,334842,Approved,mruizarranz,Division Chief,923089,Approved-PMI_DC,Satisfactory,,4/30/2025 9:09,6/15/2026 23:04,6/15/2026 23:04,PMI_DC,Validated by Division Chief,Validada por el Jefe de División,Validado pelo(a) Chefe de Divisão,Validé par le Chef de Division
IFD,IFD/FMM,50,BR-L1527,Progress Monitoring Report March Validation Workflow,334845,Approved,mruizarranz,Division Chief,923099,Approved-PMI_DC,Satisfactory,,4/30/2025 9:09,6/15/2026 23:04,6/15/2026 23:04,PMI_DC,Validated by Division Chief,Validada por el Jefe de División,Validado pelo(a) Chefe de Divisão,Validé par le Chef de Division
IFD,IFD/FMM,42,BR-L1540,Progress Monitoring Report March Validation Workflow,223550,Approved,PAOLAA,Chief of Operations,569221,Approved-PMI_COO,Alert,,4/22/2023 18:14,6/15/2026 23:04,6/15/2026 23:04,PMI_COO,Validated by Chief of Operations,Validado por los Jefes de Operaciones,Validado pelo(a) Chefe de Operações,Validé par le Chef des opérations
IFD,IFD/FMM,45,BR-L1533,Progress Monitoring Report March Validation Workflow,278248,Rejected,RMOTTACAFE,Team Leader,743544,Approved-PMI_TL,Satisfactory,,3/28/2024 13:20,6/15/2026 23:04,6/15/2026 23:04,PMI_TL,Completed by Team Leader,Completado por el Líder de Equipo,Completado pelo(a) Líder de Equipe,Complété par le Chef d’équipe
IFD,IFD/FMM,45,BR-L1534,Progress Monitoring Report March Validation Workflow,280256,Approved,anapa,Team Leader,747387,Approved-PMI_TL,Satisfactory,,4/4/2024 11:25,6/15/2026 23:04,6/15/2026 23:04,PMI_TL,Completed by Team Leader,Completado por el Líder de Equipo,Completado pelo(a) Líder de Equipe,Complété par le Chef d’équipe
IFD,IFD/FMM,50,BR-L1525,PMR Cycle & Startup Plan validation,336221,Approved,CGONCALVES,Team Leader,923675,Approved-PMI_TL,Satisfactory,,4/7/2025 14:11,6/15/2026 23:04,6/15/2026 23:04,PMI_TL,Completed by Team Leader,Completado por el Líder de Equipo,Completado pelo(a) Líder de Equipe,Complété par le Chef d’équipe
IFD,IFD/FMM,53,UR-L1164,Progress Monitoring Report September Validation Workflow,362147,Approved-PMI_COO,SERGIOCI,Team Leader,1007704,Approved-PMI_TL,Problem,,9/29/2025 15:00,6/15/2026 23:04,6/15/2026 23:04,PMI_TL,Completed by Team Leader,Completado por el Líder de Equipo,Completado pelo(a) Líder de Equipe,Complété par le Chef d’équipe
IFD,IFD/FMM,54,PE-L1278,Progress Monitoring Report March Validation Workflow,399561,Approved,VeronicaG,Chief of Operations,1125452,Approved-PMI_COO,Satisfactory,,4/17/2026 21:38,6/15/2026 23:04,6/15/2026 23:04,PMI_COO,Validated by Chief of Operations,Validado por los Jefes de Operaciones,Validado pelo(a) Chefe de Operações,Validé par le Chef des opérations
IFD,IFD/FMM,53,BR-L1501,Progress Monitoring Report September Validation Workflow,362161,Rejected,mmacdowell,Team Leader,1007735,Approved-PMI_TL,Satisfactory,,9/29/2025 15:20,6/15/2026 23:04,6/15/2026 23:04,PMI_TL,Completed by Team Leader,Completado por el Líder de Equipo,Completado pelo(a) Líder de Equipe,Complété par le Chef d’équipe
IFD,IFD/FMM,53,BR-L1592,PMR Cycle & Startup Plan validation,365097,Approved,ANDREMA,Team Leader,1017345,Approved-PMI_TL,Problem,,10/15/2025 12:47,6/15/2026 23:04,6/15/2026 23:04,PMI_TL,Completed by Team Leader,Completado por el Líder de Equipo,Completado pelo(a) Líder de Equipe,Complété par le Chef d’équipe
IFD,IFD/FMM,53,BR-L1592,PMR Cycle & Startup Plan validation,365097,Approved,susanar,Division Chief,1019522,Approved-PMI_DC,Problem,,11/13/2025 16:33,6/15/2026 23:04,6/15/2026 23:04,PMI_DC,Validated by Division Chief,Validada por el Jefe de División,Validado pelo(a) Chefe de Divisão,Validé par le Chef de Division
IFD,IFD/FMM,54,BR-L1540,Progress Monitoring Report March Validation Workflow,398778,Approved,ANNETTEK,Representative,1139509,Approved-PMI_CR,Satisfactory,,5/15/2026 18:05,6/15/2026 23:04,6/15/2026 23:04,PMI_CR,Validated by Representative,Validada por el Representante de País,Validado pelo(a) Representante do País,Validé par le Représentant de pays
IFD,IFD/FMM,54,BR-L1614,Progress Monitoring Report March Validation Workflow,398779,Approved,CGONCALVES,Team Leader,1123262,Approved-PMI_TL,Problem,,3/31/2026 12:25,6/15/2026 23:04,6/15/2026 23:04,PMI_TL,Completed by Team Leader,Completado por el Líder de Equipo,Completado pelo(a) Líder de Equipe,Complété par le Chef d’équipe
IFD,IFD/FMM,54,PR-L1192,PMR Cycle & Startup Plan validation,405078,Approved,manuelfe,Chief of Operations,1145759,Approved-PMI_COO,Satisfactory,,5/8/2026 15:46,6/15/2026 23:04,6/15/2026 23:04,PMI_COO,Validated by Chief of Operations,Validado por los Jefes de Operaciones,Validado pelo(a) Chefe de Operações,Validé par le Chef des opérations
IFD,IFD/FMM,42,BR-L1539,Progress Monitoring Report March Validation Workflow,223466,Approved,emiliopi,Division Chief,581721,Approved-PMI_DC,Alert,,4/24/2023 17:46,6/15/2026 23:04,6/15/2026 23:04,PMI_DC,Validated by Division Chief,Validada por el Jefe de División,Validado pelo(a) Chefe de Divisão,Validé par le Chef de Division
IFD,IFD/FMM,42,BR-L1592,Progress Monitoring Report March Validation Workflow,223468,Approved,ANDREMA,Team Leader,569012,Approved-PMI_TL,Satisfactory,,3/27/2023 16:56,6/15/2026 23:04,6/15/2026 23:04,PMI_TL,Completed by Team Leader,Completado por el Líder de Equipo,Completado pelo(a) Líder de Equipe,Complété par le Chef d’équipe
IFD,IFD/FMM,54,UR-L1205,Progress Monitoring Report March Validation Workflow,399334,Rejected,SERGIOCI,Team Leader,1124726,Approved-PMI_TL,Satisfactory,,4/2/2026 12:03,6/15/2026 23:04,6/15/2026 23:04,PMI_TL,Completed by Team Leader,Completado por el Líder de Equipo,Completado pelo(a) Líder de Equipe,Complété par le Chef d’équipe
IFD,IFD/FMM,42,UR-L1111,Progress Monitoring Report March Validation Workflow,223624,Approved,FERNANDOCU,Chief of Operations,569404,Approved-PMI_COO,Satisfactory,,3/29/2023 14:32,6/15/2026 23:04,6/15/2026 23:04,PMI_COO,Validated by Chief of Operations,Validado por los Jefes de Operaciones,Validado pelo(a) Chefe de Operações,Validé par le Chef des opérations
IFD,IFD/FMM,16,BR-L1377,Progress Monitoring Report September Validation Workflow,24547,Approved,vicentef,Division Chief,53199,Approved-PMI_DC,,,11/17/2015 14:47,6/15/2026 23:04,6/15/2026 23:04,PMI_DC,Validated by Division Chief,Validada por el Jefe de División,Validado pelo(a) Chefe de Divisão,Validé par le Chef de Division
IFD,IFD/FMM,49,CO-L1245,Progress Monitoring Report September Validation Workflow,306789,Approved-PMI_COO,MONICASC,Team Leader,833354,Approved-PMI_TL,Alert,,10/7/2024 13:46,6/15/2026 23:04,6/15/2026 23:04,PMI_TL,Completed by Team Leader,Completado por el Líder de Equipo,Completado pelo(a) Líder de Equipe,Complété par le Chef d’équipe
IFD,IFD/FMM,50,EC-L1253,Progress Monitoring Report March Validation Workflow,336662,Approved,mruizarranz,Division Chief,925458,Approved-PMI_DC,Satisfactory,,4/30/2025 9:10,6/15/2026 23:04,6/15/2026 23:04,PMI_DC,Validated by Division Chief,Validada por el Jefe de División,Validado pelo(a) Chefe de Divisão,Validé par le Chef de Division
IFD,IFD/FMM,45,UR-L1193,Progress Monitoring Report March Validation Workflow,285499,Approved,FERNANDOCU,Representative,766662,Approved-PMI_CR,Satisfactory,,5/15/2024 10:31,6/15/2026 23:04,6/15/2026 23:04,PMI_CR,Validated by Representative,Validada por el Representante de País,Validado pelo(a) Representante do País,Validé par le Représentant de pays
IFD,IFD/FMM,53,BR-L1525,Progress Monitoring Report September Validation Workflow,362271,Approved-PMI_COO,PAOLAA,Chief of Operations,1008023,Approved-PMI_COO,Problem,,10/15/2025 18:56,6/15/2026 23:04,6/15/2026 23:04,PMI_COO,Validated by Chief of Operations,Validado por los Jefes de Operaciones,Validado pelo(a) Chefe de Operações,Validé par le Chef des opérations
IFD,IFD/FMM,50,BR-L1534,Progress Monitoring Report March Validation Workflow,334844,Approved,PAOLAA,Chief of Operations,919462,Approved-PMI_COO,Satisfactory,,4/4/2025 15:17,6/15/2026 23:04,6/15/2026 23:04,PMI_COO,Validated by Chief of Operations,Validado por los Jefes de Operaciones,Validado pelo(a) Chefe de Operações,Validé par le Chef des opérations
IFD,IFD/FMM,42,BR-L1539,Progress Monitoring Report March Validation Workflow,223466,Approved,PAOLAA,Chief of Operations,569010,Approved-PMI_COO,Alert,,4/22/2023 18:14,6/15/2026 23:04,6/15/2026 23:04,PMI_COO,Validated by Chief of Operations,Validado por los Jefes de Operaciones,Validado pelo(a) Chefe de Operações,Validé par le Chef des opérations
IFD,IFD/FMM,35,PR-L1150,Progress Monitoring Report March Validation Workflow,131729,Approved,AXELRADICS,Team Leader,288235,Approved-PMI_TL,Problem,"Dado que el proyecto fue ratificado en enero de 2021, alcanzó efectividad legal ,y actualmente está en plena preparación del taller de arranque, las razones por las cuales el proyecto cayó en problema de la etapa 1 ya se disiparon, por lo cual el equipo solicita la reclasificación de la operación. ",3/24/2021 18:29,6/15/2026 23:04,6/15/2026 23:04,PMI_TL,Completed by Team Leader,Completado por el Líder de Equipo,Completado pelo(a) Líder de Equipe,Complété par le Chef d’équipe
IFD,IFD/FMM,35,EC-L1230,Progress Monitoring Report March Validation Workflow,132760,Aprobado,AdrianaLV,Chief of Operations,291060,Approved-PMI_COO,Satisfactory,,4/6/2021 16:24,6/15/2026 23:04,6/15/2026 23:04,PMI_COO,Validated by Chief of Operations,Validado por los Jefes de Operaciones,Validado pelo(a) Chefe de Operações,Validé par le Chef des opérations
IFD,IFD/FMM,37,BR-L1377,Progress Monitoring Report September Validation Workflow,152104,Approved-PMI_COO,mmacdowell,Team Leader,350041,Approved-PMI_TL,Satisfactory,,10/1/2021 14:04,6/15/2026 23:04,6/15/2026 23:04,PMI_TL,Completed by Team Leader,Completado por el Líder de Equipo,Completado pelo(a) Líder de Equipe,Complété par le Chef d’équipe
IFD,IFD/FMM,53,BL-L1031,Progress Monitoring Report September Validation Workflow,362337,Approved-PMI_COO,MONICASC,Team Leader,1008275,Approved-PMI_TL,Satisfactory,,9/29/2025 20:15,6/15/2026 23:04,6/15/2026 23:04,PMI_TL,Completed by Team Leader,Completado por el Líder de Equipo,Completado pelo(a) Líder de Equipe,Complété par le Chef d’équipe
IFD,IFD/FMM,42,BR-L1534,Progress Monitoring Report March Validation Workflow,223601,Approved,emiliopi,Division Chief,581718,Approved-PMI_DC,Satisfactory,,4/24/2023 17:46,6/15/2026 23:04,6/15/2026 23:04,PMI_DC,Validated by Division Chief,Validada por el Jefe de División,Validado pelo(a) Chefe de Divisão,Validé par le Chef de Division
IFD,IFD/FMM,50,PR-L1150,Progress Monitoring Report March Validation Workflow,334944,Approved,manuelfe,Chief of Operations,919731,Approved-PMI_COO,Satisfactory,,4/3/2025 14:30,6/15/2026 23:04,6/15/2026 23:04,PMI_COO,Validated by Chief of Operations,Validado por los Jefes de Operaciones,Validado pelo(a) Chefe de Operações,Validé par le Chef des opérations
IFD,IFD/FMM,38,BR-L1517,Progress Monitoring Report March Validation Workflow,174484,Approved,PAOLAA,Chief of Operations,414628,Approved-PMI_COO,Satisfactory,,4/7/2022 10:37,6/15/2026 23:04,6/15/2026 23:04,PMI_COO,Validated by Chief of Operations,Validado por los Jefes de Operaciones,Validado pelo(a) Chefe de Operações,Validé par le Chef des opérations
IFD,IFD/FMM,49,AR-L1285,Progress Monitoring Report September Validation Workflow,306484,Approved-PMI_COO,DOBARA,Chief of Operations,832411,Approved-PMI_COO,Alert,,10/18/2024 9:52,6/15/2026 23:04,6/15/2026 23:04,PMI_COO,Validated by Chief of Operations,Validado por los Jefes de Operaciones,Validado pelo(a) Chefe de Operações,Validé par le Chef des opérations
IFD,IFD/FMM,49,EC-L1230,Progress Monitoring Report September Validation Workflow,307485,Approved-PMI_COO,VinicioR,Chief of Operations,835672,Approved-PMI_COO,Problem,,10/17/2024 18:41,6/15/2026 23:04,6/15/2026 23:04,PMI_COO,Validated by Chief of Operations,Validado por los Jefes de Operaciones,Validado pelo(a) Chefe de Operações,Validé par le Chef des opérations
IFD,IFD/FMM,50,BR-L1517,Progress Monitoring Report March Validation Workflow,334652,Approved,PAOLAA,Chief of Operations,918959,Approved-PMI_COO,Satisfactory,,4/4/2025 15:14,6/15/2026 23:04,6/15/2026 23:04,PMI_COO,Validated by Chief of Operations,Validado por los Jefes de Operaciones,Validado pelo(a) Chefe de Operações,Validé par le Chef des opérations
IFD,IFD/FMM,50,BR-L1540,Progress Monitoring Report March Validation Workflow,334680,Approved,mruizarranz,Division Chief,923104,Approved-PMI_DC,Satisfactory,,4/30/2025 9:10,6/15/2026 23:04,6/15/2026 23:04,PMI_DC,Validated by Division Chief,Validada por el Jefe de División,Validado pelo(a) Chefe de Divisão,Validé par le Chef de Division
IFD,IFD/FMM,29,PR-L1150,Progress Monitoring Report March Validation Workflow,83990,Approved,vicentef,Division Chief,184341,Approved-PMI_DC,Satisfactory,,4/19/2019 10:13,6/15/2026 23:04,6/15/2026 23:04,PMI_DC,Validated by Division Chief,Validada por el Jefe de División,Validado pelo(a) Chefe de Divisão,Validé par le Chef de Division
IFD,IFD/FMM,37,PR-L1150,PMR Cycle & Startup Plan validation,151880,Approved,AXELRADICS,Team Leader,349448,Approved-PMI_TL,Problem,,9/30/2021 15:58,6/15/2026 23:04,6/15/2026 23:04,PMI_TL,Completed by Team Leader,Completado por el Líder de Equipo,Completado pelo(a) Líder de Equipe,Complété par le Chef d’équipe
IFD,IFD/FMM,32,BR-L1517,Progress Monitoring Report March Validation Workflow,103030,Approved,paolaa,Representative,214959,Approved-PMI_CR,Alert,,4/9/2020 13:43,6/15/2026 23:04,6/15/2026 23:04,PMI_CR,Validated by Representative,Validada por el Representante de País,Validado pelo(a) Representante do País,Validé par le Représentant de pays
IFD,IFD/FMM,42,BR-L1540,Progress Monitoring Report March Validation Workflow,223550,Approved,emiliopi,Division Chief,581722,Approved-PMI_DC,Alert,,4/24/2023 17:49,6/15/2026 23:04,6/15/2026 23:04,PMI_DC,Validated by Division Chief,Validada por el Jefe de División,Validado pelo(a) Chefe de Divisão,Validé par le Chef de Division
IFD,IFD/FMM,42,CO-L1245,Progress Monitoring Report March Validation Workflow,223563,Aprobado,mariosa,Team Leader,569250,Approved-PMI_TL,Satisfactory,,3/27/2023 19:40,6/15/2026 23:04,6/15/2026 23:04,PMI_TL,Completed by Team Leader,Completado por el Líder de Equipo,Completado pelo(a) Líder de Equipe,Complété par le Chef d’équipe
IFD,IFD/FMM,42,CO-L1245,Progress Monitoring Report March Validation Workflow,223563,Aprobado,emiliopi,Division Chief,579157,Approved-PMI_DC,Satisfactory,,4/25/2023 10:37,6/15/2026 23:04,6/15/2026 23:04,PMI_DC,Validated by Division Chief,Validada por el Jefe de División,Validado pelo(a) Chefe de Divisão,Validé par le Chef de Division
IFD,IFD/FMM,45,BR-L1533,Progress Monitoring Report March Validation Workflow,278248,Rejected,PAOLAA,Chief of Operations,743545,Rejected,Satisfactory,"Segundo orientações de SPD, serão rejeitados todos os fluxos do ciclo para que o sistema seja reajustado e calcule corretamente a qualificação das operações.  Se infomará as equipes quando poderão ser relanzados os fluxos de validação. Obrigada.",4/2/2024 16:21,6/15/2026 23:04,6/15/2026 23:04,,Rejected,,,
IFD,IFD/FMM,53,BR-L1599,Progress Monitoring Report September Validation Workflow,362166,Rejected,PAOLAA,Chief of Operations,1007746,Rejected,Satisfactory,Por gentileza ajustar conforme solicitado e reenviar.,9/30/2025 14:02,6/15/2026 23:04,6/15/2026 23:04,,Rejected,,,
IFD,IFD/FMM,54,EC-L1253,Progress Monitoring Report March Validation Workflow,401388,Rejected,teodoroz,Team Leader,1131977,Approved-PMI_TL,Alert,,4/16/2026 16:02,6/15/2026 23:04,6/15/2026 23:04,PMI_TL,Completed by Team Leader,Completado por el Líder de Equipo,Completado pelo(a) Líder de Equipe,Complété par le Chef d’équipe
IFD,IFD/FMM,54,EC-L1253,Progress Monitoring Report March Validation Workflow,401388,Rejected,susanar,Division Chief,1132753,Approved-PMI_DC,Alert,,4/22/2026 12:35,6/15/2026 23:04,6/15/2026 23:04,PMI_DC,Validated by Division Chief,Validada por el Jefe de División,Validado pelo(a) Chefe de Divisão,Validé par le Chef de Division
IFD,IFD/FMM,50,EC-L1253,Progress Monitoring Report March Validation Workflow,336662,Approved,VinicioR,Representative,933869,Approved-PMI_CR,Satisfactory,,5/9/2025 15:18,6/15/2026 23:04,6/15/2026 23:04,PMI_CR,Validated by Representative,Validada por el Representante de País,Validado pelo(a) Representante do País,Validé par le Représentant de pays
IFD,IFD/FMM,50,CO-L1245,Progress Monitoring Report March Validation Workflow,335077,Aprobado,mruizarranz,Division Chief,921708,Approved-PMI_DC,Satisfactory,,4/30/2025 9:10,6/15/2026 23:04,6/15/2026 23:04,PMI_DC,Validated by Division Chief,Validada por el Jefe de División,Validado pelo(a) Chefe de Divisão,Validé par le Chef de Division
IFD,IFD/FMM,37,CO-L1164,Progress Monitoring Report September Validation Workflow,152103,Approved-PMI_COO,kelvins,Chief of Operations,350040,Approved-PMI_COO,Problem,,10/24/2021 14:06,6/15/2026 23:04,6/15/2026 23:04,PMI_COO,Validated by Chief of Operations,Validado por los Jefes de Operaciones,Validado pelo(a) Chefe de Operações,Validé par le Chef des opérations
IFD,IFD/FMM,37,BR-L1527,PMR Cycle & Startup Plan validation,152108,Approved,mmacdowell,Team Leader,350048,Approved-PMI_TL,Problem,,10/1/2021 14:11,6/15/2026 23:04,6/15/2026 23:04,PMI_TL,Completed by Team Leader,Completado por el Líder de Equipo,Completado pelo(a) Líder de Equipe,Complété par le Chef d’équipe
IFD,IFD/FMM,45,PE-L1239,Progress Monitoring Report March Validation Workflow,279431,Cancelled,AXELRADICS,Team Leader,745060,Approved-PMI_TL,Satisfactory,,4/1/2024 11:26,6/15/2026 23:04,6/15/2026 23:04,PMI_TL,Completed by Team Leader,Completado por el Líder de Equipo,Completado pelo(a) Líder de Equipe,Complété par le Chef d’équipe
IFD,IFD/FMM,54,CH-L1178,Progress Monitoring Report March Validation Workflow,399245,Approved,FERNANDOCU,Representative,1135218,Approved-PMI_CR,Satisfactory,,4/23/2026 15:41,6/15/2026 23:04,6/15/2026 23:04,PMI_CR,Validated by Representative,Validada por el Representante de País,Validado pelo(a) Representante do País,Validé par le Représentant de pays
IFD,IFD/FMM,54,BR-L1533,Progress Monitoring Report March Validation Workflow,398567,Approved,YUDYB,Chief of Operations,1122529,Approved-PMI_COO,Satisfactory,,4/17/2026 9:25,6/15/2026 23:04,6/15/2026 23:04,PMI_COO,Validated by Chief of Operations,Validado por los Jefes de Operaciones,Validado pelo(a) Chefe de Operações,Validé par le Chef des opérations
IFD,IFD/FMM,54,BR-L1550,Progress Monitoring Report March Validation Workflow,398569,Approved,YUDYB,Chief of Operations,1122553,Approved-PMI_COO,Satisfactory,,4/8/2026 22:10,6/15/2026 23:04,6/15/2026 23:04,PMI_COO,Validated by Chief of Operations,Validado por los Jefes de Operaciones,Validado pelo(a) Chefe de Operações,Validé par le Chef des opérations
IFD,IFD/FMM,54,PE-L1239,Progress Monitoring Report March Validation Workflow,400436,Approved,VeronicaG,Chief of Operations,1128696,Approved-PMI_COO,Satisfactory,,4/17/2026 20:32,6/15/2026 23:04,6/15/2026 23:04,PMI_COO,Validated by Chief of Operations,Validado por los Jefes de Operaciones,Validado pelo(a) Chefe de Operações,Validé par le Chef des opérations
IFD,IFD/FMM,50,BR-L1592,Progress Monitoring Report March Validation Workflow,334642,Approved,PAOLAA,Representative,933860,Approved-PMI_CR,Satisfactory,,4/30/2025 15:31,6/15/2026 23:04,6/15/2026 23:04,PMI_CR,Validated by Representative,Validada por el Representante de País,Validado pelo(a) Representante do País,Validé par le Représentant de pays
IFD,IFD/FMM,50,BR-L1513,Progress Monitoring Report March Validation Workflow,334646,Approved,PAOLAA,Representative,933849,Approved-PMI_CR,Satisfactory,,4/30/2025 15:31,6/15/2026 23:04,6/15/2026 23:04,PMI_CR,Validated by Representative,Validada por el Representante de País,Validado pelo(a) Representante do País,Validé par le Représentant de pays
IFD,IFD/FMM,53,BR-L1539,Progress Monitoring Report September Validation Workflow,361965,Approved-PMI_COO,ANASTASIYAY,Team Leader,1007138,Approved-PMI_TL,Satisfactory,,9/26/2025 17:25,6/15/2026 23:04,6/15/2026 23:04,PMI_TL,Completed by Team Leader,Completado por el Líder de Equipo,Completado pelo(a) Líder de Equipe,Complété par le Chef d’équipe
IFD,IFD/FMM,53,BR-L1539,Progress Monitoring Report September Validation Workflow,361965,Approved-PMI_COO,PAOLAA,Chief of Operations,1007139,Approved-PMI_COO,Satisfactory,,10/15/2025 18:56,6/15/2026 23:04,6/15/2026 23:04,PMI_COO,Validated by Chief of Operations,Validado por los Jefes de Operaciones,Validado pelo(a) Chefe de Operações,Validé par le Chef des opérations
IFD,IFD/FMM,37,BR-L1534,PMR Cycle & Startup Plan validation,151937,Rejected,anapa,Team Leader,349600,Approved-PMI_TL,Alert,,9/30/2021 17:17,6/15/2026 23:04,6/15/2026 23:04,PMI_TL,Completed by Team Leader,Completado por el Líder de Equipo,Completado pelo(a) Líder de Equipe,Complété par le Chef d’équipe
IFD,IFD/FMM,37,BR-L1534,PMR Cycle & Startup Plan validation,151937,Rejected,PAOLAA,Chief of Operations,349601,Rejected,Alert,"Por gentileza, ajustar segundo o solicitado e reenviar até 15/10.  Antes do envio , revisa-o com  o ponto focal PMR em CBR.  Obrigada.",10/13/2021 15:09,6/15/2026 23:04,6/15/2026 23:04,,Rejected,,,
IFD,IFD/FMM,38,BR-L1534,Progress Monitoring Report March Validation Workflow,174556,Approved,emiliopi,Division Chief,421118,Approved-PMI_DC,Satisfactory,,4/19/2022 14:17,6/15/2026 23:04,6/15/2026 23:04,PMI_DC,Validated by Division Chief,Validada por el Jefe de División,Validado pelo(a) Chefe de Divisão,Validé par le Chef de Division
IFD,IFD/FMM,42,PE-L1239,Progress Monitoring Report March Validation Workflow,227754,Aprobado,ecambiasso,Representative,584615,Approved-PMI_CR,Satisfactory,,5/10/2023 9:55,6/15/2026 23:04,6/15/2026 23:04,PMI_CR,Validated by Representative,Validada por el Representante de País,Validado pelo(a) Representante do País,Validé par le Représentant de pays
IFD,IFD/FMM,49,PE-L1278,Progress Monitoring Report September Validation Workflow,306200,Approved-PMI_COO,MartinA,Team Leader,831473,Approved-PMI_TL,Satisfactory,,10/2/2024 14:32,6/15/2026 23:04,6/15/2026 23:04,PMI_TL,Completed by Team Leader,Completado por el Líder de Equipo,Completado pelo(a) Líder de Equipe,Complété par le Chef d’équipe
IFD,IFD/FMM,50,UR-L1193,Progress Monitoring Report March Validation Workflow,335190,Approved,rlima,Representative,933884,Approved-PMI_CR,Satisfactory,,4/30/2025 20:50,6/15/2026 23:04,6/15/2026 23:04,PMI_CR,Validated by Representative,Validada por el Representante de País,Validado pelo(a) Representante do País,Validé par le Représentant de pays
IFD,IFD/FMM,50,EC-L1251,Progress Monitoring Report March Validation Workflow,335196,Approved,ZOILAN,Team Leader,920392,Approved-PMI_TL,Satisfactory,,4/1/2025 13:39,6/15/2026 23:04,6/15/2026 23:04,PMI_TL,Completed by Team Leader,Completado por el Líder de Equipo,Completado pelo(a) Líder de Equipe,Complété par le Chef d’équipe
IFD,IFD/FMM,54,BR-L1535,Progress Monitoring Report March Validation Workflow,401592,Approved,susanar,Division Chief,1132896,Approved-PMI_DC,Satisfactory,,4/22/2026 11:59,6/15/2026 23:04,6/15/2026 23:04,PMI_DC,Validated by Division Chief,Validada por el Jefe de División,Validado pelo(a) Chefe de Divisão,Validé par le Chef de Division
IFD,IFD/FMM,45,BR-L1501,Progress Monitoring Report March Validation Workflow,278034,Rejected,mmacdowell,Team Leader,743016,Approved-PMI_TL,Satisfactory,,3/27/2024 15:08,6/15/2026 23:04,6/15/2026 23:04,PMI_TL,Completed by Team Leader,Completado por el Líder de Equipo,Completado pelo(a) Líder de Equipe,Complété par le Chef d’équipe
IFD,IFD/FMM,37,BL-L1031,Progress Monitoring Report September Validation Workflow,152061,Approved-PMI_COO,JulianB,Chief of Operations,349934,Approved-PMI_COO,Alert,,10/14/2021 16:31,6/15/2026 23:04,6/15/2026 23:04,PMI_COO,Validated by Chief of Operations,Validado por los Jefes de Operaciones,Validado pelo(a) Chefe de Operações,Validé par le Chef des opérations
IFD,IFD/FMM,45,BR-L1513,Progress Monitoring Report March Validation Workflow,280200,Approved,ANDREMA,Team Leader,747226,Approved-PMI_TL,Satisfactory,,4/4/2024 9:30,6/15/2026 23:04,6/15/2026 23:04,PMI_TL,Completed by Team Leader,Completado por el Líder de Equipo,Completado pelo(a) Líder de Equipe,Complété par le Chef d’équipe
IFD,IFD/FMM,45,BR-L1513,Progress Monitoring Report March Validation Workflow,280200,Approved,PAOLAA,Representative,759220,Approved-PMI_CR,Satisfactory,,4/30/2024 19:05,6/15/2026 23:04,6/15/2026 23:04,PMI_CR,Validated by Representative,Validada por el Representante de País,Validado pelo(a) Representante do País,Validé par le Représentant de pays
IFD,IFD/FMM,45,BR-L1592,Progress Monitoring Report March Validation Workflow,280205,Approved,ANDREMA,Team Leader,747238,Approved-PMI_TL,Alert,,4/4/2024 9:36,6/15/2026 23:04,6/15/2026 23:04,PMI_TL,Completed by Team Leader,Completado por el Líder de Equipo,Completado pelo(a) Líder de Equipe,Complété par le Chef d’équipe
IFD,IFD/FMM,49,BR-L1517,Progress Monitoring Report September Validation Workflow,304601,Approved-PMI_COO,PAOLAA,Chief of Operations,826532,Approved-PMI_COO,Satisfactory,,10/4/2024 14:58,6/15/2026 23:04,6/15/2026 23:04,PMI_COO,Validated by Chief of Operations,Validado por los Jefes de Operaciones,Validado pelo(a) Chefe de Operações,Validé par le Chef des opérations
IFD,IFD/FMM,35,BR-L1517,Progress Monitoring Report March Validation Workflow,131060,Approved,PAOLAA,Chief of Operations,286303,Approved-PMI_COO,Problem,,4/6/2021 17:22,6/15/2026 23:04,6/15/2026 23:04,PMI_COO,Validated by Chief of Operations,Validado por los Jefes de Operaciones,Validado pelo(a) Chefe de Operações,Validé par le Chef des opérations
IFD,IFD/FMM,44,UR-L1164,Progress Monitoring Report September Validation Workflow,249431,Approved-PMI_COO,jgomezreino,Team Leader,654851,Approved-PMI_TL,Satisfactory,,9/29/2023 14:45,6/15/2026 23:04,6/15/2026 23:04,PMI_TL,Completed by Team Leader,Completado por el Líder de Equipo,Completado pelo(a) Líder de Equipe,Complété par le Chef d’équipe
IFD,IFD/FMM,35,PE-L1231,Progress Monitoring Report March Validation Workflow,133211,Aprobado,belindap,Team Leader,292410,Approved-PMI_TL,Satisfactory,,4/6/2021 15:33,6/15/2026 23:04,6/15/2026 23:04,PMI_TL,Completed by Team Leader,Completado por el Líder de Equipo,Completado pelo(a) Líder de Equipe,Complété par le Chef d’équipe
IFD,IFD/FMM,37,AR-L1285,Progress Monitoring Report September Validation Workflow,152091,Approved-PMI_COO,jgomezreino,Team Leader,350007,Approved-PMI_TL,Problem,,10/1/2021 13:23,6/15/2026 23:04,6/15/2026 23:04,PMI_TL,Completed by Team Leader,Completado por el Líder de Equipo,Completado pelo(a) Líder de Equipe,Complété par le Chef d’équipe
IFD,IFD/FMM,38,PR-L1150,Progress Monitoring Report March Validation Workflow,174683,Approved,olorarocha,Team Leader,415132,Approved-PMI_TL,Satisfactory,,3/24/2022 20:35,6/15/2026 23:04,6/15/2026 23:04,PMI_TL,Completed by Team Leader,Completado por el Líder de Equipo,Completado pelo(a) Líder de Equipe,Complété par le Chef d’équipe
IFD,IFD/FMM,34,CO-L1164,PMR Cycle & Startup Plan validation,113812,Aprobado,arasteletti,Team Leader,236491,Approved-PMI_TL,Problem,,10/21/2020 13:08,6/15/2026 23:04,6/15/2026 23:04,PMI_TL,Completed by Team Leader,Completado por el Líder de Equipo,Completado pelo(a) Líder de Equipe,Complété par le Chef d’équipe
IFD,IFD/FMM,45,AR-L1285,Progress Monitoring Report March Validation Workflow,279388,Cancelled,jgomezreino,Team Leader,744904,Approved-PMI_TL,Satisfactory,,4/1/2024 8:01,6/15/2026 23:04,6/15/2026 23:04,PMI_TL,Completed by Team Leader,Completado por el Líder de Equipo,Completado pelo(a) Líder de Equipe,Complété par le Chef d’équipe
IFD,IFD/FMM,49,BR-L1592,Progress Monitoring Report September Validation Workflow,305517,Approved-PMI_COO,ANDREMA,Team Leader,829392,Approved-PMI_TL,Problem,,9/30/2024 9:16,6/15/2026 23:04,6/15/2026 23:04,PMI_TL,Completed by Team Leader,Completado por el Líder de Equipo,Completado pelo(a) Líder de Equipe,Complété par le Chef d’équipe
IFD,IFD/FMM,26,AR-L1248,Progress Monitoring Report March Validation Workflow,65758,Approved,emiliopi,Team Leader,143420,Approved-PMI_TL,SATISFACTORY,,3/16/2018 14:24,6/15/2026 23:04,6/15/2026 23:04,PMI_TL,Completed by Team Leader,Completado por el Líder de Equipo,Completado pelo(a) Líder de Equipe,Complété par le Chef d’équipe
IFD,IFD/FMM,26,AR-L1248,Progress Monitoring Report March Validation Workflow,65758,Approved,sergiori,Representative,148030,Approved-PMI_CR,SATISFACTORY,,5/2/2018 14:10,6/15/2026 23:04,6/15/2026 23:04,PMI_CR,Validated by Representative,Validada por el Representante de País,Validado pelo(a) Representante do País,Validé par le Représentant de pays
IFD,IFD/FMM,26,BR-L1377,Progress Monitoring Report March Validation Workflow,65853,Approved,vicentef,Division Chief,145591,Approved-PMI_DC,SATISFACTORY,,3/29/2018 13:39,6/15/2026 23:04,6/15/2026 23:04,PMI_DC,Validated by Division Chief,Validada por el Jefe de División,Validado pelo(a) Chefe de Divisão,Validé par le Chef de Division
IFD,IFD/FMM,32,UR-L1111,Progress Monitoring Report March Validation Workflow,103711,Approved,fernandocu,Chief of Operations,213203,Approved-PMI_COO,Satisfactory,,4/2/2020 8:24,6/15/2026 23:04,6/15/2026 23:04,PMI_COO,Validated by Chief of Operations,Validado por los Jefes de Operaciones,Validado pelo(a) Chefe de Operações,Validé par le Chef des opérations
IFD,IFD/FMM,34,CO-L1164,PMR Cycle & Startup Plan validation,113812,Aprobado,kelvins,Chief of Operations,236492,Approved-PMI_COO,Problem,,10/23/2020 18:06,6/15/2026 23:04,6/15/2026 23:04,PMI_COO,Validated by Chief of Operations,Validado por los Jefes de Operaciones,Validado pelo(a) Chefe de Operações,Validé par le Chef des opérations
IFD,IFD/FMM,34,EC-L1251,PMR Cycle & Startup Plan validation,114826,Approved,AdrianaLV,Chief of Operations,239669,Approved-PMI_COO,N/A,,10/29/2020 11:54,6/15/2026 23:04,6/15/2026 23:04,PMI_COO,Validated by Chief of Operations,Validado por los Jefes de Operaciones,Validado pelo(a) Chefe de Operações,Validé par le Chef des opérations
IFD,IFD/FMM,32,BL-L1031,Progress Monitoring Report March Validation Workflow,103014,Approved,MONICASC,Team Leader,211896,Approved-PMI_TL,Satisfactory,,3/18/2020 19:47,6/15/2026 23:04,6/15/2026 23:04,PMI_TL,Completed by Team Leader,Completado por el Líder de Equipo,Completado pelo(a) Líder de Equipe,Complété par le Chef d’équipe
IFD,IFD/FMM,32,BL-L1031,Progress Monitoring Report March Validation Workflow,103014,Approved,brodrickw,Chief of Operations,211897,Approved-PMI_COO,Satisfactory,,4/3/2020 13:58,6/15/2026 23:04,6/15/2026 23:04,PMI_COO,Validated by Chief of Operations,Validado por los Jefes de Operaciones,Validado pelo(a) Chefe de Operações,Validé par le Chef des opérations
IFD,IFD/FMM,45,UR-L1193,Progress Monitoring Report March Validation Workflow,285499,Approved,FERNANDOCU,Chief of Operations,765448,Approved-PMI_COO,Satisfactory,,5/14/2024 13:12,6/15/2026 23:04,6/15/2026 23:04,PMI_COO,Validated by Chief of Operations,Validado por los Jefes de Operaciones,Validado pelo(a) Chefe de Operações,Validé par le Chef des opérations
IFD,IFD/FMM,50,CO-L1164,Progress Monitoring Report March Validation Workflow,336204,Aprobado,mariosa,Team Leader,923628,Approved-PMI_TL,Problem,,4/7/2025 13:23,6/15/2026 23:04,6/15/2026 23:04,PMI_TL,Completed by Team Leader,Completado por el Líder de Equipo,Completado pelo(a) Líder de Equipe,Complété par le Chef d’équipe
IFD,IFD/FMM,53,EC-L1253,Progress Monitoring Report September Validation Workflow,363183,Approved-PMI_COO,VinicioR,Chief of Operations,1010919,Approved-PMI_COO,Problem,,10/10/2025 12:07,6/15/2026 23:04,6/15/2026 23:04,PMI_COO,Validated by Chief of Operations,Validado por los Jefes de Operaciones,Validado pelo(a) Chefe de Operações,Validé par le Chef des opérations
IFD,IFD/FMM,54,CO-L1245,Progress Monitoring Report March Validation Workflow,399091,Aprobado,PabloAn,Representative,1135248,Approved-PMI_CR,Satisfactory,,4/24/2026 11:14,6/15/2026 23:04,6/15/2026 23:04,PMI_CR,Validated by Representative,Validada por el Representante de País,Validado pelo(a) Representante do País,Validé par le Représentant de pays
IFD,IFD/FMM,50,AR-L1248,Progress Monitoring Report March Validation Workflow,334736,Aprobado,DOBARA,Chief of Operations,919186,Approved-PMI_COO,Satisfactory,,4/14/2025 19:04,6/15/2026 23:04,6/15/2026 23:04,PMI_COO,Validated by Chief of Operations,Validado por los Jefes de Operaciones,Validado pelo(a) Chefe de Operações,Validé par le Chef des opérations
IFD,IFD/FMM,37,BR-L1517,Progress Monitoring Report September Validation Workflow,151912,Approved-PMI_COO,ANDREMA,Team Leader,349540,Approved-PMI_TL,Problem,,9/30/2021 16:48,6/15/2026 23:04,6/15/2026 23:04,PMI_TL,Completed by Team Leader,Completado por el Líder de Equipo,Completado pelo(a) Líder de Equipe,Complété par le Chef d’équipe
IFD,IFD/FMM,38,BR-L1511,Progress Monitoring Report March Validation Workflow,174560,Approved,PAOLAA,Representative,424605,Approved-PMI_CR,SATISFACTORY,,4/19/2022 20:14,6/15/2026 23:04,6/15/2026 23:04,PMI_CR,Validated by Representative,Validada por el Representante de País,Validado pelo(a) Representante do País,Validé par le Représentant de pays
IFD,IFD/FMM,42,EC-L1251,Progress Monitoring Report March Validation Workflow,224304,Aprobado,AdrianaLV,Chief of Operations,571494,Approved-PMI_COO,Problem,"Este proyecto formó parte der un paquete de reformulaciones para mejorar la calificacion de PMR y PCRs, sin embargo  OPC no aprobó la reformulación. El proyecto queda entonces como orgiginalmente aprobado por el Directorio Ejecutivo y con el efecto en la matriz original de resultados de un redireccionamiento al prestamo contigente. ",4/5/2023 14:00,6/15/2026 23:04,6/15/2026 23:04,PMI_COO,Validated by Chief of Operations,Validado por los Jefes de Operaciones,Validado pelo(a) Chefe de Operações,Validé par le Chef des opérations
IFD,IFD/FMM,42,BL-L1038,PMR Cycle & Startup Plan validation,224793,Rejected,JulianB,Chief of Operations,573124,Rejected,Satisfactory,Rejecting as discussed with the Team Leader and the project team to review and and adjust some of the contents of the project risk management plan.,4/11/2023 12:11,6/15/2026 23:04,6/15/2026 23:04,,Rejected,,,
IFD,IFD/FMM,49,PE-L1231,Progress Monitoring Report September Validation Workflow,306191,Approved-PMI_COO,ecambiasso,Chief of Operations,831451,Approved-PMI_COO,Satisfactory,,10/17/2024 15:24,6/15/2026 23:04,6/15/2026 23:04,PMI_COO,Validated by Chief of Operations,Validado por los Jefes de Operaciones,Validado pelo(a) Chefe de Operações,Validé par le Chef des opérations
IFD,IFD/FMM,49,PE-L1266,Progress Monitoring Report September Validation Workflow,306197,Approved-PMI_COO,MartinA,Team Leader,831464,Approved-PMI_TL,Alert,,10/2/2024 14:24,6/15/2026 23:04,6/15/2026 23:04,PMI_TL,Completed by Team Leader,Completado por el Líder de Equipo,Completado pelo(a) Líder de Equipe,Complété par le Chef d’équipe
IFD,IFD/FMM,49,UR-L1193,PMR Cycle & Startup Plan validation,310948,Approved,SERGIOCI,Team Leader,847626,Approved-PMI_TL,Problem,,11/4/2024 9:07,6/15/2026 23:04,6/15/2026 23:04,PMI_TL,Completed by Team Leader,Completado por el Líder de Equipo,Completado pelo(a) Líder de Equipe,Complété par le Chef d’équipe
IFD,IFD/FMM,53,BR-L1540,Progress Monitoring Report September Validation Workflow,362222,Approved-PMI_COO,CGONCALVES,Team Leader,1007906,Approved-PMI_TL,Problem,,9/29/2025 16:28,6/15/2026 23:04,6/15/2026 23:04,PMI_TL,Completed by Team Leader,Completado por el Líder de Equipo,Completado pelo(a) Líder de Equipe,Complété par le Chef d’équipe
IFD,IFD/FMM,54,BR-L1535,Progress Monitoring Report March Validation Workflow,401592,Approved,ANDREMA,Team Leader,1132843,Approved-PMI_TL,Satisfactory,,4/17/2026 15:31,6/15/2026 23:04,6/15/2026 23:04,PMI_TL,Completed by Team Leader,Completado por el Líder de Equipo,Completado pelo(a) Líder de Equipe,Complété par le Chef d’équipe
IFD,IFD/FMM,37,BR-L1533,Progress Monitoring Report September Validation Workflow,151941,Approved-PMI_COO,PATRICIAGB,Team Leader,349614,Approved-PMI_TL,Alert,,9/30/2021 17:30,6/15/2026 23:04,6/15/2026 23:04,PMI_TL,Completed by Team Leader,Completado por el Líder de Equipo,Completado pelo(a) Líder de Equipe,Complété par le Chef d’équipe
IFD,IFD/FMM,34,BL-L1031,PMR Cycle & Startup Plan validation,113249,Aprobado,JulianB,Chief of Operations,234573,Approved-PMI_COO,Problem,,10/16/2020 14:54,6/15/2026 23:04,6/15/2026 23:04,PMI_COO,Validated by Chief of Operations,Validado por los Jefes de Operaciones,Validado pelo(a) Chefe de Operações,Validé par le Chef des opérations
IFD,IFD/FMM,35,BR-L1525,Progress Monitoring Report March Validation Workflow,132078,Approved,PATRICIAGB,Team Leader,289204,Approved-PMI_TL,Alert,,3/26/2021 14:57,6/15/2026 23:04,6/15/2026 23:04,PMI_TL,Completed by Team Leader,Completado por el Líder de Equipo,Completado pelo(a) Líder de Equipe,Complété par le Chef d’équipe
IFD,IFD/FMM,37,BR-L1511,Progress Monitoring Report September Validation Workflow,151934,Approved-PMI_COO,anapa,Team Leader,349594,Approved-PMI_TL,Alert,,9/30/2021 17:12,6/15/2026 23:04,6/15/2026 23:04,PMI_TL,Completed by Team Leader,Completado por el Líder de Equipo,Completado pelo(a) Líder de Equipe,Complété par le Chef d’équipe
IFD,IFD/FMM,28,PE-L1231,Progress Monitoring Report September Validation Workflow,74740,Approved,javierga,Chief of Operations,164660,Approved-PMI_COO,N/A,,10/3/2018 10:08,6/15/2026 23:04,6/15/2026 23:04,PMI_COO,Validated by Chief of Operations,Validado por los Jefes de Operaciones,Validado pelo(a) Chefe de Operações,Validé par le Chef des opérations
IFD,IFD/FMM,42,EC-L1253,Progress Monitoring Report March Validation Workflow,223701,Aprobado,VinicioR,Representative,582500,Approved-PMI_CR,Satisfactory,,4/26/2023 15:59,6/15/2026 23:04,6/15/2026 23:04,PMI_CR,Validated by Representative,Validada por el Representante de País,Validado pelo(a) Representante do País,Validé par le Représentant de pays
IFD,IFD/FMM,54,PR-L1192,PMR Cycle & Startup Plan validation,405078,Approved,mruizarranz,Division Chief,1145823,Approved-PMI_DC,Satisfactory,,5/8/2026 18:28,6/15/2026 23:04,6/15/2026 23:04,PMI_DC,Validated by Division Chief,Validada por el Jefe de División,Validado pelo(a) Chefe de Divisão,Validé par le Chef de Division
IFD,IFD/FMM,50,CO-L1245,Progress Monitoring Report March Validation Workflow,335077,Aprobado,MONICASC,Team Leader,920100,Approved-PMI_TL,Satisfactory,,3/31/2025 20:47,6/15/2026 23:04,6/15/2026 23:04,PMI_TL,Completed by Team Leader,Completado por el Líder de Equipo,Completado pelo(a) Líder de Equipe,Complété par le Chef d’équipe
IFD,IFD/FMM,54,BL-L1038,Progress Monitoring Report March Validation Workflow,398856,Rejected,ALEXANDREV,Chief of Operations,1123459,Rejected,Satisfactory,"Dado las discusiones actuales con el gobierno sobre la utilizacion de los recursos remantentes, se recomienda revisar la planificacion 2026.",4/8/2026 11:27,6/15/2026 23:04,6/15/2026 23:04,,Rejected,,,
IFD,IFD/FMM,40,BL-L1038,Progress Monitoring Report September Validation Workflow,197123,Approved-PMI_COO,JulianB,Chief of Operations,488392,Approved-PMI_COO,Satisfactory,,10/13/2022 18:31,6/15/2026 23:04,6/15/2026 23:04,PMI_COO,Validated by Chief of Operations,Validado por los Jefes de Operaciones,Validado pelo(a) Chefe de Operações,Validé par le Chef des opérations
IFD,IFD/FMM,50,PE-L1288,Progress Monitoring Report March Validation Workflow,335873,Approved,ecambiasso,Chief of Operations,922542,Approved-PMI_COO,N/A,,4/14/2025 17:48,6/15/2026 23:04,6/15/2026 23:04,PMI_COO,Validated by Chief of Operations,Validado por los Jefes de Operaciones,Validado pelo(a) Chefe de Operações,Validé par le Chef des opérations
IFD,IFD/FMM,53,BL-L1038,Progress Monitoring Report September Validation Workflow,363334,Approved-PMI_COO,LeslieHa,Team Leader,1011442,Approved-PMI_TL,Alert,,10/3/2025 15:32,6/15/2026 23:04,6/15/2026 23:04,PMI_TL,Completed by Team Leader,Completado por el Líder de Equipo,Completado pelo(a) Líder de Equipe,Complété par le Chef d’équipe
IFD,IFD/FMM,45,BR-L1540,PMR Cycle & Startup Plan validation,282294,Approved,ANDREMA,Team Leader,754228,Approved-PMI_TL,Satisfactory,,4/17/2024 18:02,6/15/2026 23:04,6/15/2026 23:04,PMI_TL,Completed by Team Leader,Completado por el Líder de Equipo,Completado pelo(a) Líder de Equipe,Complété par le Chef d’équipe
IFD,IFD/FMM,45,BR-L1540,PMR Cycle & Startup Plan validation,282294,Approved,PAOLAA,Representative,759230,Approved-PMI_CR,Satisfactory,,4/30/2024 19:15,6/15/2026 23:04,6/15/2026 23:04,PMI_CR,Validated by Representative,Validada por el Representante de País,Validado pelo(a) Representante do País,Validé par le Représentant de pays
IFD,IFD/FMM,49,BR-L1377,Progress Monitoring Report September Validation Workflow,305572,Approved-PMI_COO,PAOLAA,Chief of Operations,829522,Approved-PMI_COO,Satisfactory,,10/4/2024 14:58,6/15/2026 23:04,6/15/2026 23:04,PMI_COO,Validated by Chief of Operations,Validado por los Jefes de Operaciones,Validado pelo(a) Chefe de Operações,Validé par le Chef des opérations
IFD,IFD/FMM,54,BR-L1614,Progress Monitoring Report March Validation Workflow,398779,Approved,YUDYB,Chief of Operations,1123263,Approved-PMI_COO,Problem,,4/8/2026 22:06,6/15/2026 23:04,6/15/2026 23:04,PMI_COO,Validated by Chief of Operations,Validado por los Jefes de Operaciones,Validado pelo(a) Chefe de Operações,Validé par le Chef des opérations
IFD,IFD/FMM,35,PR-L1150,Progress Monitoring Report March Validation Workflow,131729,Approved,EDNAAR,Representative,295951,Approved-PMI_CR,SATISFACTORY,,4/28/2021 16:24,6/15/2026 23:04,6/15/2026 23:04,PMI_CR,Validated by Representative,Validada por el Representante de País,Validado pelo(a) Representante do País,Validé par le Représentant de pays
IFD,IFD/FMM,35,EC-L1251,Progress Monitoring Report March Validation Workflow,132761,Aprobado,emiliopi,Division Chief,292500,Approved-PMI_DC,N/A,,4/9/2021 9:15,6/15/2026 23:04,6/15/2026 23:04,PMI_DC,Validated by Division Chief,Validada por el Jefe de División,Validado pelo(a) Chefe de Divisão,Validé par le Chef de Division
IFD,IFD/FMM,45,BR-L1516,Progress Monitoring Report March Validation Workflow,280221,Approved,marianac,Division Chief,758569,Approved-PMI_DC,Satisfactory,,4/29/2024 11:31,6/15/2026 23:04,6/15/2026 23:04,PMI_DC,Validated by Division Chief,Validada por el Jefe de División,Validado pelo(a) Chefe de Divisão,Validé par le Chef de Division
IFD,IFD/FMM,45,BR-L1516,Progress Monitoring Report March Validation Workflow,280221,Approved,PAOLAA,Representative,759221,Approved-PMI_CR,Satisfactory,,4/30/2024 19:15,6/15/2026 23:04,6/15/2026 23:04,PMI_CR,Validated by Representative,Validada por el Representante de País,Validado pelo(a) Representante do País,Validé par le Représentant de pays
IFD,IFD/FMM,45,BR-L1527,Progress Monitoring Report March Validation Workflow,280223,Approved,marianac,Division Chief,758570,Approved-PMI_DC,Satisfactory,,4/29/2024 11:32,6/15/2026 23:04,6/15/2026 23:04,PMI_DC,Validated by Division Chief,Validada por el Jefe de División,Validado pelo(a) Chefe de Divisão,Validé par le Chef de Division
IFD,IFD/FMM,44,BR-L1511,Progress Monitoring Report September Validation Workflow,249302,Approved-PMI_COO,anapa,Team Leader,654596,Approved-PMI_TL,Problem,,9/29/2023 9:22,6/15/2026 23:04,6/15/2026 23:04,PMI_TL,Completed by Team Leader,Completado por el Líder de Equipo,Completado pelo(a) Líder de Equipe,Complété par le Chef d’équipe
IFD,IFD/FMM,44,BR-L1517,Progress Monitoring Report September Validation Workflow,249304,Approved-PMI_COO,PAOLAA,Chief of Operations,654601,Approved-PMI_COO,Problem,,10/20/2023 17:57,6/15/2026 23:04,6/15/2026 23:04,PMI_COO,Validated by Chief of Operations,Validado por los Jefes de Operaciones,Validado pelo(a) Chefe de Operações,Validé par le Chef des opérations
IFD,IFD/FMM,44,BR-L1534,Progress Monitoring Report September Validation Workflow,249307,Approved-PMI_COO,anapa,Team Leader,654606,Approved-PMI_TL,Satisfactory,,9/29/2023 9:24,6/15/2026 23:04,6/15/2026 23:04,PMI_TL,Completed by Team Leader,Completado por el Líder de Equipo,Completado pelo(a) Líder de Equipe,Complété par le Chef d’équipe
IFD,IFD/FMM,44,EC-L1230,Progress Monitoring Report September Validation Workflow,250442,Approved-PMI_COO,VinicioR,Chief of Operations,657910,Approved-PMI_COO,Problem,,10/6/2023 17:10,6/15/2026 23:04,6/15/2026 23:04,PMI_COO,Validated by Chief of Operations,Validado por los Jefes de Operaciones,Validado pelo(a) Chefe de Operações,Validé par le Chef des opérations
IFD,IFD/FMM,38,BL-L1031,Progress Monitoring Report March Validation Workflow,174955,Approved,ramirol,Representative,423402,Approved-PMI_CR,Satisfactory,,5/6/2022 20:14,6/15/2026 23:04,6/15/2026 23:04,PMI_CR,Validated by Representative,Validada por el Representante de País,Validado pelo(a) Representante do País,Validé par le Représentant de pays
IFD,IFD/FMM,45,AR-L1285,Progress Monitoring Report March Validation Workflow,279388,Cancelled,,Chief of Operations,744905,Cancelled,Satisfactory,,4/2/2024 18:41,6/15/2026 23:04,6/15/2026 23:04,,Cancelled,,,
IFD,IFD/FMM,38,EC-L1251,Progress Monitoring Report March Validation Workflow,174762,Rejected,AdrianaLV,Representative,423413,Rejected,Problem,"Se precisa hace ajustes a la planificacion 2022 para incluir auditoria para Petroecuador, de conformidad con solicitud del Gobierno.  ",4/20/2022 10:02,6/15/2026 23:04,6/15/2026 23:04,,Rejected,,,
IFD,IFD/FMM,37,EC-L1251,Progress Monitoring Report September Validation Workflow,152082,Approved-PMI_COO,UBALDOG,Team Leader,349986,Approved-PMI_TL,Problem,,10/1/2021 13:08,6/15/2026 23:04,6/15/2026 23:04,PMI_TL,Completed by Team Leader,Completado por el Líder de Equipo,Completado pelo(a) Líder de Equipe,Complété par le Chef d’équipe
IFD,IFD/FMM,37,EC-L1251,Progress Monitoring Report September Validation Workflow,152082,Approved-PMI_COO,AdrianaLV,Chief of Operations,349987,Approved-PMI_COO,Problem,,10/13/2021 12:21,6/15/2026 23:04,6/15/2026 23:04,PMI_COO,Validated by Chief of Operations,Validado por los Jefes de Operaciones,Validado pelo(a) Chefe de Operações,Validé par le Chef des opérations
IFD,IFD/FMM,37,PE-L1231,Progress Monitoring Report September Validation Workflow,152201,Approved-PMI_COO,ecambiasso,Chief of Operations,350270,Approved-PMI_COO,Alert,,10/20/2021 17:39,6/15/2026 23:04,6/15/2026 23:04,PMI_COO,Validated by Chief of Operations,Validado por los Jefes de Operaciones,Validado pelo(a) Chefe de Operações,Validé par le Chef des opérations
IFD,IFD/FMM,45,UR-L1111,Progress Monitoring Report March Validation Workflow,283886,Approved,marianac,Division Chief,760106,Approved-PMI_DC,Satisfactory,,5/2/2024 11:01,6/15/2026 23:04,6/15/2026 23:04,PMI_DC,Validated by Division Chief,Validada por el Jefe de División,Validado pelo(a) Chefe de Divisão,Validé par le Chef de Division
IFD,IFD/FMM,50,CO-L1164,Progress Monitoring Report March Validation Workflow,336204,Aprobado,mruizarranz,Division Chief,924195,Approved-PMI_DC,ALERT,,4/30/2025 9:10,6/15/2026 23:04,6/15/2026 23:04,PMI_DC,Validated by Division Chief,Validada por el Jefe de División,Validado pelo(a) Chefe de Divisão,Validé par le Chef de Division
IFD,IFD/FMM,53,EC-L1253,Progress Monitoring Report September Validation Workflow,363183,Approved-PMI_COO,ZOILAN,Team Leader,1010918,Approved-PMI_TL,Problem,,10/2/2025 16:57,6/15/2026 23:04,6/15/2026 23:04,PMI_TL,Completed by Team Leader,Completado por el Líder de Equipo,Completado pelo(a) Líder de Equipe,Complété par le Chef d’équipe
IFD,IFD/FMM,54,CO-L1164,Progress Monitoring Report March Validation Workflow,399093,Aprobado,ZOILAL,Team Leader,1124051,Approved-PMI_TL,Satisfactory,,4/1/2026 11:17,6/15/2026 23:04,6/15/2026 23:04,PMI_TL,Completed by Team Leader,Completado por el Líder de Equipo,Completado pelo(a) Líder de Equipe,Complété par le Chef d’équipe
IFD,IFD/FMM,54,PE-L1278,Progress Monitoring Report March Validation Workflow,399561,Approved,susanar,Division Chief,1133126,Approved-PMI_DC,Satisfactory,On behalf of Marta Ruiz Arranz: Se solicita al equipo mantener actualizado los campos del verificador de contenido.,4/29/2026 11:43,6/15/2026 23:04,6/15/2026 23:04,PMI_DC,Validated by Division Chief,Validada por el Jefe de División,Validado pelo(a) Chefe de Divisão,Validé par le Chef de Division
IFD,IFD/FMM,45,PR-L1150,Progress Monitoring Report March Validation Workflow,280719,Approved,olorarocha,Team Leader,748818,Approved-PMI_TL,Satisfactory,,4/8/2024 9:23,6/15/2026 23:04,6/15/2026 23:04,PMI_TL,Completed by Team Leader,Completado por el Líder de Equipo,Completado pelo(a) Líder de Equipe,Complété par le Chef d’équipe
IFD,IFD/FMM,40,BL-L1038,Progress Monitoring Report September Validation Workflow,197123,Approved-PMI_COO,MONICASC,Team Leader,488391,Approved-PMI_TL,Satisfactory,,9/30/2022 18:25,6/15/2026 23:04,6/15/2026 23:04,PMI_TL,Completed by Team Leader,Completado por el Líder de Equipo,Completado pelo(a) Líder de Equipe,Complété par le Chef d’équipe
IFD,IFD/FMM,45,PR-L1150,Progress Monitoring Report March Validation Workflow,277586,Cancelled,olorarocha,Team Leader,741594,Approved-PMI_TL,Satisfactory,,3/25/2024 9:06,6/15/2026 23:04,6/15/2026 23:04,PMI_TL,Completed by Team Leader,Completado por el Líder de Equipo,Completado pelo(a) Líder de Equipe,Complété par le Chef d’équipe
IFD,IFD/FMM,49,EC-L1251,Progress Monitoring Report September Validation Workflow,307487,Approved-PMI_COO,VinicioR,Chief of Operations,835679,Approved-PMI_COO,Satisfactory,,10/17/2024 18:45,6/15/2026 23:04,6/15/2026 23:04,PMI_COO,Validated by Chief of Operations,Validado por los Jefes de Operaciones,Validado pelo(a) Chefe de Operações,Validé par le Chef des opérations
IFD,IFD/FMM,49,BR-L1516,Progress Monitoring Report September Validation Workflow,305565,Approved-PMI_COO,mmacdowell,Team Leader,829507,Approved-PMI_TL,Satisfactory,,9/30/2024 11:09,6/15/2026 23:04,6/15/2026 23:04,PMI_TL,Completed by Team Leader,Completado por el Líder de Equipo,Completado pelo(a) Líder de Equipe,Complété par le Chef d’équipe
IFD,IFD/FMM,53,BR-L1629,Progress Monitoring Report September Validation Workflow,363480,Approved-PMI_COO,mmacdowell,Team Leader,1011848,Approved-PMI_TL,Satisfactory,,10/6/2025 9:15,6/15/2026 23:04,6/15/2026 23:04,PMI_TL,Completed by Team Leader,Completado por el Líder de Equipo,Completado pelo(a) Líder de Equipe,Complété par le Chef d’équipe
IFD,IFD/FMM,44,PN-L1161,Progress Monitoring Report September Validation Workflow,250776,Approved-PMI_COO,GermanZ,Chief of Operations,659096,Approved-PMI_COO,Problem,,10/27/2023 15:29,6/15/2026 23:04,6/15/2026 23:04,PMI_COO,Validated by Chief of Operations,Validado por los Jefes de Operaciones,Validado pelo(a) Chefe de Operações,Validé par le Chef des opérations
IFD,IFD/FMM,54,AR-L1248,Progress Monitoring Report March Validation Workflow,399470,Approved,susanar,Division Chief,1130002,Approved-PMI_DC,Satisfactory,,4/22/2026 9:58,6/15/2026 23:04,6/15/2026 23:04,PMI_DC,Validated by Division Chief,Validada por el Jefe de División,Validado pelo(a) Chefe de Divisão,Validé par le Chef de Division
IFD,IFD/FMM,54,SU-L1060,Progress Monitoring Report March Validation Workflow,399933,Approved,susanar,Division Chief,1126963,Approved-PMI_DC,Satisfactory,,4/23/2026 11:51,6/15/2026 23:04,6/15/2026 23:04,PMI_DC,Validated by Division Chief,Validada por el Jefe de División,Validado pelo(a) Chefe de Divisão,Validé par le Chef de Division
IFD,IFD/FMM,54,PE-L1288,Progress Monitoring Report March Validation Workflow,400441,Approved,MartinA,Team Leader,1128702,Approved-PMI_TL,N/A,,4/10/2026 16:20,6/15/2026 23:04,6/15/2026 23:04,PMI_TL,Completed by Team Leader,Completado por el Líder de Equipo,Completado pelo(a) Líder de Equipe,Complété par le Chef d’équipe
IFD,IFD/FMM,50,BR-L1511,Progress Monitoring Report March Validation Workflow,334627,Approved,RMOTTACAFE,Team Leader,918880,Approved-PMI_TL,Satisfactory,,3/28/2025 10:11,6/15/2026 23:04,6/15/2026 23:04,PMI_TL,Completed by Team Leader,Completado por el Líder de Equipo,Completado pelo(a) Líder de Equipe,Complété par le Chef d’équipe
IFD,IFD/FMM,50,BR-L1511,Progress Monitoring Report March Validation Workflow,334627,Approved,mruizarranz,Division Chief,923087,Approved-PMI_DC,Satisfactory,,4/30/2025 9:09,6/15/2026 23:04,6/15/2026 23:04,PMI_DC,Validated by Division Chief,Validada por el Jefe de División,Validado pelo(a) Chefe de Divisão,Validé par le Chef de Division
IFD,IFD/FMM,38,PE-L1231,Progress Monitoring Report March Validation Workflow,174862,Aprobado,AXELRADICS,Team Leader,415586,Approved-PMI_TL,Alert,,3/25/2022 15:00,6/15/2026 23:04,6/15/2026 23:04,PMI_TL,Completed by Team Leader,Completado por el Líder de Equipo,Completado pelo(a) Líder de Equipe,Complété par le Chef d’équipe
IFD,IFD/FMM,40,AR-L1248,Progress Monitoring Report September Validation Workflow,196743,Approved-PMI_COO,jgomezreino,Team Leader,487330,Approved-PMI_TL,Alert,,9/29/2022 16:27,6/15/2026 23:04,6/15/2026 23:04,PMI_TL,Completed by Team Leader,Completado por el Líder de Equipo,Completado pelo(a) Líder de Equipe,Complété par le Chef d’équipe
IFD,IFD/FMM,37,CO-L1245,PMR Cycle & Startup Plan validation,152231,Aprobado,kelvins,Representative,358758,Approved-PMI_CR,Alert,,11/9/2021 19:23,6/15/2026 23:04,6/15/2026 23:04,PMI_CR,Validated by Representative,Validada por el Representante de País,Validado pelo(a) Representante do País,Validé par le Représentant de pays
IFD,IFD/FMM,40,BR-L1525,Progress Monitoring Report September Validation Workflow,196686,Approved-PMI_COO,PAOLAA,Chief of Operations,487155,Approved-PMI_COO,Problem,,10/18/2022 9:47,6/15/2026 23:04,6/15/2026 23:04,PMI_COO,Validated by Chief of Operations,Validado por los Jefes de Operaciones,Validado pelo(a) Chefe de Operações,Validé par le Chef des opérations
IFD,IFD/FMM,42,BR-L1511,Progress Monitoring Report March Validation Workflow,223591,Approved,anapa,Team Leader,569323,Approved-PMI_TL,Satisfactory,,3/27/2023 22:05,6/15/2026 23:04,6/15/2026 23:04,PMI_TL,Completed by Team Leader,Completado por el Líder de Equipo,Completado pelo(a) Líder de Equipe,Complété par le Chef d’équipe
IFD,IFD/FMM,50,UR-L1164,Progress Monitoring Report March Validation Workflow,335183,Aprobado,rlima,Chief of Operations,920360,Approved-PMI_COO,Satisfactory,,4/7/2025 14:52,6/15/2026 23:04,6/15/2026 23:04,PMI_COO,Validated by Chief of Operations,Validado por los Jefes de Operaciones,Validado pelo(a) Chefe de Operações,Validé par le Chef des opérations
IFD,IFD/FMM,50,EC-L1230,Progress Monitoring Report March Validation Workflow,335187,Approved,mruizarranz,Division Chief,924314,Approved-PMI_DC,Satisfactory,,4/30/2025 9:10,6/15/2026 23:04,6/15/2026 23:04,PMI_DC,Validated by Division Chief,Validada por el Jefe de División,Validado pelo(a) Chefe de Divisão,Validé par le Chef de Division
IFD,IFD/FMM,50,PN-L1161,Progress Monitoring Report March Validation Workflow,335188,Aprobado,UBALDOG,Team Leader,920369,Approved-PMI_TL,Alert,,4/1/2025 13:08,6/15/2026 23:04,6/15/2026 23:04,PMI_TL,Completed by Team Leader,Completado por el Líder de Equipo,Completado pelo(a) Líder de Equipe,Complété par le Chef d’équipe
IFD,IFD/FMM,45,BR-L1539,PMR Cycle & Startup Plan validation,280260,Approved,PAOLAA,Representative,759229,Approved-PMI_CR,Satisfactory,,4/30/2024 19:15,6/15/2026 23:04,6/15/2026 23:04,PMI_CR,Validated by Representative,Validada por el Representante de País,Validado pelo(a) Representante do País,Validé par le Représentant de pays
IFD,IFD/FMM,53,BR-L1592,PMR Cycle & Startup Plan validation,365097,Approved,PAOLAA,Chief of Operations,1017346,Approved-PMI_COO,Problem,,10/17/2025 17:32,6/15/2026 23:04,6/15/2026 23:04,PMI_COO,Validated by Chief of Operations,Validado por los Jefes de Operaciones,Validado pelo(a) Chefe de Operações,Validé par le Chef des opérations
IFD,IFD/FMM,31,PR-L1150,Progress Monitoring Report September Validation Workflow,93722,Approved-PMI_COO,axelradics,Team Leader,197090,Approved-PMI_TL,Satisfactory,,10/4/2019 18:25,6/15/2026 23:04,6/15/2026 23:04,PMI_TL,Completed by Team Leader,Completado por el Líder de Equipo,Completado pelo(a) Líder de Equipe,Complété par le Chef d’équipe
IFD,IFD/FMM,53,AR-L1285,Progress Monitoring Report September Validation Workflow,362373,Approved-PMI_COO,jgomezreino,Team Leader,1008378,Approved-PMI_TL,Problem,,9/30/2025 9:49,6/15/2026 23:04,6/15/2026 23:04,PMI_TL,Completed by Team Leader,Completado por el Líder de Equipo,Completado pelo(a) Líder de Equipe,Complété par le Chef d’équipe
IFD,IFD/FMM,37,BR-L1535,Progress Monitoring Report September Validation Workflow,152111,Approved-PMI_COO,mmacdowell,Team Leader,350056,Approved-PMI_TL,Satisfactory,,10/1/2021 14:16,6/15/2026 23:04,6/15/2026 23:04,PMI_TL,Completed by Team Leader,Completado por el Líder de Equipo,Completado pelo(a) Líder de Equipe,Complété par le Chef d’équipe
IFD,IFD/FMM,38,BR-L1516,Progress Monitoring Report March Validation Workflow,174694,Approved,emiliopi,Division Chief,423870,Approved-PMI_DC,Satisfactory,,4/19/2022 14:17,6/15/2026 23:04,6/15/2026 23:04,PMI_DC,Validated by Division Chief,Validada por el Jefe de División,Validado pelo(a) Chefe de Divisão,Validé par le Chef de Division
IFD,IFD/FMM,35,EC-L1251,Progress Monitoring Report March Validation Workflow,132761,Aprobado,AdrianaLV,Chief of Operations,291062,Approved-PMI_COO,N/A,,4/6/2021 16:24,6/15/2026 23:04,6/15/2026 23:04,PMI_COO,Validated by Chief of Operations,Validado por los Jefes de Operaciones,Validado pelo(a) Chefe de Operações,Validé par le Chef des opérations
IFD,IFD/FMM,53,CO-L1164,Progress Monitoring Report September Validation Workflow,362340,Approved-PMI_COO,MONICASC,Team Leader,1008281,Approved-PMI_TL,Alert,,9/29/2025 20:32,6/15/2026 23:04,6/15/2026 23:04,PMI_TL,Completed by Team Leader,Completado por el Líder de Equipo,Completado pelo(a) Líder de Equipe,Complété par le Chef d’équipe
IFD,IFD/FMM,32,AR-L1248,Progress Monitoring Report March Validation Workflow,103296,Aprobado,jgomezreino,Team Leader,212406,Approved-PMI_TL,Alert,,3/20/2020 16:26,6/15/2026 23:04,6/15/2026 23:04,PMI_TL,Completed by Team Leader,Completado por el Líder de Equipo,Completado pelo(a) Líder de Equipe,Complété par le Chef d’équipe
IFD,IFD/FMM,45,BR-L1513,Progress Monitoring Report March Validation Workflow,278191,Rejected,PAOLAA,Chief of Operations,743405,Rejected,Satisfactory,"Segundo orientações de SPD, serão rejeitados todos os fluxos do ciclo para que o sistema seja reajustado e calcule corretamente a qualificação das operações.  Se infomará as equipes quando poderão ser relanzados os fluxos de validação. Obrigada.",4/2/2024 16:20,6/15/2026 23:04,6/15/2026 23:04,,Rejected,,,
IFD,IFD/FMM,45,BR-L1592,Progress Monitoring Report March Validation Workflow,278193,Rejected,PAOLAA,Chief of Operations,743409,Rejected,Alert,"Segundo orientações de SPD, serão rejeitados todos os fluxos do ciclo para que o sistema seja reajustado e calcule corretamente a qualificação das operações.  Se infomará as equipes quando poderão ser relanzados os fluxos de validação. Obrigada.",4/2/2024 16:27,6/15/2026 23:04,6/15/2026 23:04,,Rejected,,,
IFD,IFD/FMM,45,BR-L1599,Progress Monitoring Report March Validation Workflow,280216,Approved,mmacdowell,Team Leader,747269,Approved-PMI_TL,Satisfactory,,4/4/2024 10:03,6/15/2026 23:04,6/15/2026 23:04,PMI_TL,Completed by Team Leader,Completado por el Líder de Equipo,Completado pelo(a) Líder de Equipe,Complété par le Chef d’équipe
IFD,IFD/FMM,45,BR-L1599,Progress Monitoring Report March Validation Workflow,280216,Approved,PAOLAA,Representative,759239,Approved-PMI_CR,Satisfactory,,4/30/2024 19:05,6/15/2026 23:04,6/15/2026 23:04,PMI_CR,Validated by Representative,Validada por el Representante de País,Validado pelo(a) Representante do País,Validé par le Représentant de pays
IFD,IFD/FMM,45,BR-L1511,Progress Monitoring Report March Validation Workflow,278323,Rejected,PAOLAA,Chief of Operations,743763,Rejected,Satisfactory,"Segundo orientações de SPD, serão rejeitados todos os fluxos do ciclo para que o sistema seja reajustado e calcule corretamente a qualificação das operações.  Se infomará as equipes quando poderão ser relanzados os fluxos de validação. Obrigada.",4/2/2024 16:20,6/15/2026 23:04,6/15/2026 23:04,,Rejected,,,
IFD,IFD/FMM,49,EC-L1230,Progress Monitoring Report September Validation Workflow,307485,Approved-PMI_COO,ZOILAN,Team Leader,835671,Approved-PMI_TL,Problem,,10/10/2024 14:55,6/15/2026 23:04,6/15/2026 23:04,PMI_TL,Completed by Team Leader,Completado por el Líder de Equipo,Completado pelo(a) Líder de Equipe,Complété par le Chef d’équipe
IFD,IFD/FMM,54,PE-L1288,Progress Monitoring Report March Validation Workflow,400441,Approved,rhinac,Representative,1139554,Approved-PMI_CR,N/A,,5/15/2026 12:44,6/15/2026 23:04,6/15/2026 23:04,PMI_CR,Validated by Representative,Validada por el Representante de País,Validado pelo(a) Representante do País,Validé par le Représentant de pays
IFD,IFD/FMM,54,PE-L1266,Progress Monitoring Report March Validation Workflow,400443,Approved,rhinac,Representative,1139546,Approved-PMI_CR,Satisfactory,,5/15/2026 12:27,6/15/2026 23:04,6/15/2026 23:04,PMI_CR,Validated by Representative,Validada por el Representante de País,Validado pelo(a) Representante do País,Validé par le Représentant de pays
IFD,IFD/FMM,54,EC-L1251,Progress Monitoring Report March Validation Workflow,399406,Approved,VinicioR,Chief of Operations,1124898,Approved-PMI_COO,Satisfactory,,4/6/2026 19:42,6/15/2026 23:04,6/15/2026 23:04,PMI_COO,Validated by Chief of Operations,Validado por los Jefes de Operaciones,Validado pelo(a) Chefe de Operações,Validé par le Chef des opérations
IFD,IFD/FMM,45,CO-L1164,Progress Monitoring Report March Validation Workflow,279543,Cancelled,,Chief of Operations,745345,Cancelled,Satisfactory,,4/2/2024 18:41,6/15/2026 23:04,6/15/2026 23:04,,Cancelled,,,
IFD,IFD/FMM,38,AR-L1248,Progress Monitoring Report March Validation Workflow,174749,Approved,jgomezreino,Team Leader,415276,Approved-PMI_TL,Satisfactory,,3/25/2022 11:23,6/15/2026 23:04,6/15/2026 23:04,PMI_TL,Completed by Team Leader,Completado por el Líder de Equipo,Completado pelo(a) Líder de Equipe,Complété par le Chef d’équipe
IFD,IFD/FMM,42,BR-L1539,Progress Monitoring Report March Validation Workflow,223466,Approved,MORGAND,Representative,582283,Approved-PMI_CR,Alert,,4/25/2023 10:30,6/15/2026 23:04,6/15/2026 23:04,PMI_CR,Validated by Representative,Validada por el Representante de País,Validado pelo(a) Representante do País,Validé par le Représentant de pays
IFD,IFD/FMM,38,PE-L1266,Progress Monitoring Report March Validation Workflow,174851,Aprobado,TOMASB,Representative,423421,Approved-PMI_CR,Satisfactory,,5/6/2022 11:00,6/15/2026 23:04,6/15/2026 23:04,PMI_CR,Validated by Representative,Validada por el Representante de País,Validado pelo(a) Representante do País,Validé par le Représentant de pays
IFD,IFD/FMM,45,BR-L1516,Progress Monitoring Report March Validation Workflow,280221,Approved,mmacdowell,Team Leader,747279,Approved-PMI_TL,Satisfactory,,4/4/2024 10:07,6/15/2026 23:04,6/15/2026 23:04,PMI_TL,Completed by Team Leader,Completado por el Líder de Equipo,Completado pelo(a) Líder de Equipe,Complété par le Chef d’équipe
IFD,IFD/FMM,53,AR-L1248,Progress Monitoring Report September Validation Workflow,362372,Approved-PMI_COO,jgomezreino,Team Leader,1008376,Approved-PMI_TL,Satisfactory,,9/30/2025 9:48,6/15/2026 23:04,6/15/2026 23:04,PMI_TL,Completed by Team Leader,Completado por el Líder de Equipo,Completado pelo(a) Líder de Equipe,Complété par le Chef d’équipe
IFD,IFD/FMM,31,PE-L1231,PMR Cycle & Startup Plan validation,95442,Approved,javierga,Representative,201233,Approved-PMI_CR,Problem,,11/18/2019 15:14,6/15/2026 23:04,6/15/2026 23:04,PMI_CR,Validated by Representative,Validada por el Representante de País,Validado pelo(a) Representante do País,Validé par le Représentant de pays
IFD,IFD/FMM,42,BR-L1527,Progress Monitoring Report March Validation Workflow,223548,Approved,PAOLAA,Chief of Operations,569216,Approved-PMI_COO,Satisfactory,,4/22/2023 18:11,6/15/2026 23:04,6/15/2026 23:04,PMI_COO,Validated by Chief of Operations,Validado por los Jefes de Operaciones,Validado pelo(a) Chefe de Operações,Validé par le Chef des opérations
IFD,IFD/FMM,45,BR-L1501,Progress Monitoring Report March Validation Workflow,280219,Approved,mmacdowell,Team Leader,747275,Approved-PMI_TL,Satisfactory,,4/4/2024 10:05,6/15/2026 23:04,6/15/2026 23:04,PMI_TL,Completed by Team Leader,Completado por el Líder de Equipo,Completado pelo(a) Líder de Equipe,Complété par le Chef d’équipe
IFD,IFD/FMM,42,PE-L1239,Progress Monitoring Report March Validation Workflow,223717,Rejected,emiliopi,Division Chief,572293,Rejected,Satisfactory,Es necesario actualizar la matriz de productos,4/25/2023 9:57,6/15/2026 23:04,6/15/2026 23:04,,Rejected,,,
IFD,IFD/FMM,49,BR-L1516,Progress Monitoring Report September Validation Workflow,305565,Approved-PMI_COO,PAOLAA,Chief of Operations,829508,Approved-PMI_COO,Satisfactory,,10/4/2024 14:58,6/15/2026 23:04,6/15/2026 23:04,PMI_COO,Validated by Chief of Operations,Validado por los Jefes de Operaciones,Validado pelo(a) Chefe de Operações,Validé par le Chef des opérations
IFD,IFD/FMM,54,BR-L1550,Progress Monitoring Report March Validation Workflow,398569,Approved,susanar,Division Chief,1127417,Approved-PMI_DC,Satisfactory,On behalf of Marta Ruiz Arranz: Se solicita a los equipos mantener actualizado los campos del verificador de contenido.,4/29/2026 11:18,6/15/2026 23:04,6/15/2026 23:04,PMI_DC,Validated by Division Chief,Validada por el Jefe de División,Validado pelo(a) Chefe de Divisão,Validé par le Chef de Division
IFD,IFD/FMM,54,UR-L1111,Progress Monitoring Report March Validation Workflow,399033,Aprobado,susanar,Division Chief,1127450,Approved-PMI_DC,Satisfactory,On behalf of Marta Ruiz Arranz: Se solicita al equipo mantener actualizado los campos del verificador de contenido.,4/29/2026 11:50,6/15/2026 23:04,6/15/2026 23:04,PMI_DC,Validated by Division Chief,Validada por el Jefe de División,Validado pelo(a) Chefe de Divisão,Validé par le Chef de Division
IFD,IFD/FMM,50,PN-L1172,Progress Monitoring Report March Validation Workflow,335189,Aprobado,jeant,Chief of Operations,920372,Approved-PMI_COO,SATISFACTORY,Se recomienda reclasificar a Satisfactorio,4/16/2025 8:49,6/15/2026 23:04,6/15/2026 23:04,PMI_COO,Validated by Chief of Operations,Validado por los Jefes de Operaciones,Validado pelo(a) Chefe de Operações,Validé par le Chef des opérations
IFD,IFD/FMM,50,PN-L1172,Progress Monitoring Report March Validation Workflow,335189,Aprobado,mruizarranz,Division Chief,928160,Approved-PMI_DC,SATISFACTORY,,4/30/2025 9:10,6/15/2026 23:04,6/15/2026 23:04,PMI_DC,Validated by Division Chief,Validada por el Jefe de División,Validado pelo(a) Chefe de Divisão,Validé par le Chef de Division
IFD,IFD/FMM,53,BR-L1511,Progress Monitoring Report September Validation Workflow,361986,Approved-PMI_COO,RMOTTACAFE,Team Leader,1007195,Approved-PMI_TL,Alert,,9/26/2025 18:26,6/15/2026 23:04,6/15/2026 23:04,PMI_TL,Completed by Team Leader,Completado por el Líder de Equipo,Completado pelo(a) Líder de Equipe,Complété par le Chef d’équipe
IFD,IFD/FMM,53,CH-L1178,PMR Cycle & Startup Plan validation,364947,Approved,FERNANDOCU,Chief of Operations,1016767,Approved-PMI_COO,Satisfactory,,10/14/2025 18:23,6/15/2026 23:04,6/15/2026 23:04,PMI_COO,Validated by Chief of Operations,Validado por los Jefes de Operaciones,Validado pelo(a) Chefe de Operações,Validé par le Chef des opérations
IFD,IFD/FMM,54,BR-L1658,Progress Monitoring Report March Validation Workflow,398473,Approved,YUDYB,Chief of Operations,1122098,Approved-PMI_COO,Satisfactory,,4/8/2026 22:07,6/15/2026 23:04,6/15/2026 23:04,PMI_COO,Validated by Chief of Operations,Validado por los Jefes de Operaciones,Validado pelo(a) Chefe de Operações,Validé par le Chef des opérations
IFD,IFD/FMM,50,BR-L1535,Progress Monitoring Report March Validation Workflow,334644,Approved,PAOLAA,Chief of Operations,918924,Approved-PMI_COO,Satisfactory,,4/17/2025 17:50,6/15/2026 23:04,6/15/2026 23:04,PMI_COO,Validated by Chief of Operations,Validado por los Jefes de Operaciones,Validado pelo(a) Chefe de Operações,Validé par le Chef des opérations
IFD,IFD/FMM,50,BR-L1535,Progress Monitoring Report March Validation Workflow,334644,Approved,PAOLAA,Representative,933856,Approved-PMI_CR,Satisfactory,,4/30/2025 15:31,6/15/2026 23:04,6/15/2026 23:04,PMI_CR,Validated by Representative,Validada por el Representante de País,Validado pelo(a) Representante do País,Validé par le Représentant de pays
IFD,IFD/FMM,50,BR-L1539,Progress Monitoring Report March Validation Workflow,334645,Approved,PAOLAA,Chief of Operations,918926,Approved-PMI_COO,Satisfactory,,4/4/2025 15:17,6/15/2026 23:04,6/15/2026 23:04,PMI_COO,Validated by Chief of Operations,Validado por los Jefes de Operaciones,Validado pelo(a) Chefe de Operações,Validé par le Chef des opérations
IFD,IFD/FMM,50,BR-L1539,Progress Monitoring Report March Validation Workflow,334645,Approved,mruizarranz,Division Chief,923103,Approved-PMI_DC,Satisfactory,,4/30/2025 9:10,6/15/2026 23:04,6/15/2026 23:04,PMI_DC,Validated by Division Chief,Validada por el Jefe de División,Validado pelo(a) Chefe de Divisão,Validé par le Chef de Division
IFD,IFD/FMM,54,EC-L1251,Progress Monitoring Report March Validation Workflow,399406,Approved,teodoroz,Team Leader,1124897,Approved-PMI_TL,Satisfactory,,4/2/2026 17:11,6/15/2026 23:04,6/15/2026 23:04,PMI_TL,Completed by Team Leader,Completado por el Líder de Equipo,Completado pelo(a) Líder de Equipe,Complété par le Chef d’équipe
IFD,IFD/FMM,54,EC-L1253,Progress Monitoring Report March Validation Workflow,406579,Approved,susanar,Division Chief,1151229,Approved-PMI_DC,Alert,,5/15/2026 17:35,6/15/2026 23:04,6/15/2026 23:04,PMI_DC,Validated by Division Chief,Validada por el Jefe de División,Validado pelo(a) Chefe de Divisão,Validé par le Chef de Division
IFD,IFD/FMM,35,CO-L1164,Progress Monitoring Report March Validation Workflow,134548,Approved,arasteletti,Team Leader,296819,Approved-PMI_TL,Alert,"Se solicita la reclasificación a Satisfactorio, considerando que la operación no tenía metas físicas planeadas para 2020, primer año de ejecución del programa. La calificación automática sólo se basó en el avance financiero, el cual no refleja los avances reales del programa. La operación logró avances muy importantes en 2020. Se logró la definición y aprobación de los reglamentos y especificaciones técnicas para el levantamiento catastral. Se priorizaron los municipios a intervenir con el programa y se definió un calendario de intervención en los distintos municipios. Para los municipios de intervención inicial, se adquirieron los insumos cartográficos, se avanzó en la depuración de la información del registro de la propiedad, y se contrató el operador privado para el levantamiento catastral. En lo referente a los sistemas de información, se logró definir un diseño sólido del Sistema Nacional Castratal. Estos avances son congruentes con lo que se espera de una operación de este tipo p",4/19/2021 17:49,6/15/2026 23:04,6/15/2026 23:04,PMI_TL,Completed by Team Leader,Completado por el Líder de Equipo,Completado pelo(a) Líder de Equipe,Complété par le Chef d’équipe
IFD,IFD/FMM,38,CO-L1164,Progress Monitoring Report March Validation Workflow,177021,Aprobado,arasteletti,Team Leader,422345,Approved-PMI_TL,Alert,,4/9/2022 10:51,6/15/2026 23:04,6/15/2026 23:04,PMI_TL,Completed by Team Leader,Completado por el Líder de Equipo,Completado pelo(a) Líder de Equipe,Complété par le Chef d’équipe
IFD,IFD/FMM,38,CO-L1164,Progress Monitoring Report March Validation Workflow,177021,Aprobado,emiliopi,Division Chief,422686,Approved-PMI_DC,Alert,,4/13/2022 9:51,6/15/2026 23:04,6/15/2026 23:04,PMI_DC,Validated by Division Chief,Validada por el Jefe de División,Validado pelo(a) Chefe de Divisão,Validé par le Chef de Division
IFD,IFD/FMM,38,CO-L1245,Progress Monitoring Report March Validation Workflow,174881,Aprobado,arasteletti,Team Leader,415633,Approved-PMI_TL,Satisfactory,,3/25/2022 15:29,6/15/2026 23:04,6/15/2026 23:04,PMI_TL,Completed by Team Leader,Completado por el Líder de Equipo,Completado pelo(a) Líder de Equipe,Complété par le Chef d’équipe
IFD,IFD/FMM,54,AR-L1248,Progress Monitoring Report March Validation Workflow,399470,Approved,AXELRADICS,Team Leader,1125153,Approved-PMI_TL,Satisfactory,,4/6/2026 10:21,6/15/2026 23:04,6/15/2026 23:04,PMI_TL,Completed by Team Leader,Completado por el Líder de Equipo,Completado pelo(a) Líder de Equipe,Complété par le Chef d’équipe
IFD,IFD/FMM,54,AR-L1248,Progress Monitoring Report March Validation Workflow,399470,Approved,lfvera,Chief of Operations,1125154,Approved-PMI_COO,Satisfactory,,4/14/2026 14:41,6/15/2026 23:04,6/15/2026 23:04,PMI_COO,Validated by Chief of Operations,Validado por los Jefes de Operaciones,Validado pelo(a) Chefe de Operações,Validé par le Chef des opérations
IFD,IFD/FMM,44,AR-L1248,Progress Monitoring Report September Validation Workflow,249427,Approved-PMI_COO,DOBARA,Chief of Operations,654842,Approved-PMI_COO,Satisfactory,,10/20/2023 9:51,6/15/2026 23:04,6/15/2026 23:04,PMI_COO,Validated by Chief of Operations,Validado por los Jefes de Operaciones,Validado pelo(a) Chefe de Operações,Validé par le Chef des opérations
IFD,IFD/FMM,44,BR-L1501,Progress Monitoring Report September Validation Workflow,249448,Approved-PMI_COO,mmacdowell,Team Leader,654885,Approved-PMI_TL,Satisfactory,,9/29/2023 15:54,6/15/2026 23:04,6/15/2026 23:04,PMI_TL,Completed by Team Leader,Completado por el Líder de Equipo,Completado pelo(a) Líder de Equipe,Complété par le Chef d’équipe
IFD,IFD/FMM,50,BR-L1377,Progress Monitoring Report March Validation Workflow,335670,Approved,PAOLAA,Chief of Operations,921886,Approved-PMI_COO,Satisfactory,,4/17/2025 17:50,6/15/2026 23:04,6/15/2026 23:04,PMI_COO,Validated by Chief of Operations,Validado por los Jefes de Operaciones,Validado pelo(a) Chefe de Operações,Validé par le Chef des opérations
IFD,IFD/FMM,54,UR-L1111,Progress Monitoring Report March Validation Workflow,399033,Aprobado,SERGIOCI,Team Leader,1123879,Approved-PMI_TL,Satisfactory,,3/31/2026 23:27,6/15/2026 23:04,6/15/2026 23:04,PMI_TL,Completed by Team Leader,Completado por el Líder de Equipo,Completado pelo(a) Líder de Equipe,Complété par le Chef d’équipe
IFD,IFD/FMM,53,BR-L1533,Progress Monitoring Report September Validation Workflow,361988,Approved-PMI_COO,PAOLAA,Chief of Operations,1007203,Approved-PMI_COO,Satisfactory,,10/15/2025 18:55,6/15/2026 23:04,6/15/2026 23:04,PMI_COO,Validated by Chief of Operations,Validado por los Jefes de Operaciones,Validado pelo(a) Chefe de Operações,Validé par le Chef des opérations
IFD,IFD/FMM,53,BR-L1501,Progress Monitoring Report September Validation Workflow,363081,Approved-PMI_COO,PAOLAA,Chief of Operations,1010613,Approved-PMI_COO,Satisfactory,,10/15/2025 18:55,6/15/2026 23:04,6/15/2026 23:04,PMI_COO,Validated by Chief of Operations,Validado por los Jefes de Operaciones,Validado pelo(a) Chefe de Operações,Validé par le Chef des opérations
IFD,IFD/FMM,54,BR-L1629,Progress Monitoring Report March Validation Workflow,398474,Approved,YUDYB,Chief of Operations,1122100,Approved-PMI_COO,Satisfactory,,4/8/2026 22:06,6/15/2026 23:04,6/15/2026 23:04,PMI_COO,Validated by Chief of Operations,Validado por los Jefes de Operaciones,Validado pelo(a) Chefe de Operações,Validé par le Chef des opérations
IFD,IFD/FMM,49,BR-L1377,Progress Monitoring Report September Validation Workflow,305572,Approved-PMI_COO,mmacdowell,Team Leader,829521,Approved-PMI_TL,Satisfactory,,9/30/2024 11:15,6/15/2026 23:04,6/15/2026 23:04,PMI_TL,Completed by Team Leader,Completado por el Líder de Equipo,Completado pelo(a) Líder de Equipe,Complété par le Chef d’équipe
IFD,IFD/FMM,37,BR-L1516,Progress Monitoring Report September Validation Workflow,152106,Approved-PMI_COO,mmacdowell,Team Leader,350045,Approved-PMI_TL,Problem,,10/1/2021 14:05,6/15/2026 23:04,6/15/2026 23:04,PMI_TL,Completed by Team Leader,Completado por el Líder de Equipo,Completado pelo(a) Líder de Equipe,Complété par le Chef d’équipe
IFD,IFD/FMM,54,BR-L1614,Progress Monitoring Report March Validation Workflow,398779,Approved,ANNETTEK,Representative,1139514,Approved-PMI_CR,Problem,,5/15/2026 18:06,6/15/2026 23:04,6/15/2026 23:04,PMI_CR,Validated by Representative,Validada por el Representante de País,Validado pelo(a) Representante do País,Validé par le Représentant de pays
IFD,IFD/FMM,54,CH-L1178,Progress Monitoring Report March Validation Workflow,399245,Approved,FERNANDOCU,Chief of Operations,1124473,Approved-PMI_COO,Satisfactory,Por favor actualizar el POA para que sea consistente con ISP o Convergencia. Gracias.,4/15/2026 17:09,6/15/2026 23:04,6/15/2026 23:04,PMI_COO,Validated by Chief of Operations,Validado por los Jefes de Operaciones,Validado pelo(a) Chefe de Operações,Validé par le Chef des opérations
IFD,IFD/FMM,45,BR-L1527,Progress Monitoring Report March Validation Workflow,280223,Approved,PAOLAA,Representative,759225,Approved-PMI_CR,Satisfactory,,4/30/2024 19:15,6/15/2026 23:04,6/15/2026 23:04,PMI_CR,Validated by Representative,Validada por el Representante de País,Validado pelo(a) Representante do País,Validé par le Représentant de pays
IFD,IFD/FMM,42,CO-L1164,Progress Monitoring Report March Validation Workflow,223709,Aprobado,emiliopi,Division Chief,579148,Approved-PMI_DC,Satisfactory,,4/25/2023 10:37,6/15/2026 23:04,6/15/2026 23:04,PMI_DC,Validated by Division Chief,Validada por el Jefe de División,Validado pelo(a) Chefe de Divisão,Validé par le Chef de Division
IFD,IFD/FMM,42,PE-L1239,Progress Monitoring Report March Validation Workflow,223717,Rejected,AXELRADICS,Team Leader,569684,Approved-PMI_TL,Satisfactory,,3/28/2023 13:26,6/15/2026 23:04,6/15/2026 23:04,PMI_TL,Completed by Team Leader,Completado por el Líder de Equipo,Completado pelo(a) Líder de Equipe,Complété par le Chef d’équipe
IFD,IFD/FMM,29,BR-L1511,Progress Monitoring Report March Validation Workflow,84021,Approved,paolaa,Chief of Operations,180434,Approved-PMI_COO,Satisfactory,,3/27/2019 18:01,6/15/2026 23:04,6/15/2026 23:04,PMI_COO,Validated by Chief of Operations,Validado por los Jefes de Operaciones,Validado pelo(a) Chefe de Operações,Validé par le Chef des opérations
IFD,IFD/FMM,50,BR-L1511,Progress Monitoring Report March Validation Workflow,334627,Approved,PAOLAA,Representative,933848,Approved-PMI_CR,Satisfactory,,4/30/2025 15:31,6/15/2026 23:04,6/15/2026 23:04,PMI_CR,Validated by Representative,Validada por el Representante de País,Validado pelo(a) Representante do País,Validé par le Représentant de pays
IFD,IFD/FMM,54,BR-L1516,Progress Monitoring Report March Validation Workflow,398468,Approved,ANNETTEK,Representative,1135066,Approved-PMI_CR,Satisfactory,,5/15/2026 18:04,6/15/2026 23:04,6/15/2026 23:04,PMI_CR,Validated by Representative,Validada por el Representante de País,Validado pelo(a) Representante do País,Validé par le Représentant de pays
IFD,IFD/FMM,54,EC-L1251,Progress Monitoring Report March Validation Workflow,399406,Approved,susanar,Division Chief,1125714,Approved-PMI_DC,Satisfactory,On behalf of Marta Ruiz Arranz: Se solicita al equipo mantener actualizado los campos del verificador de contenido.,4/29/2026 11:30,6/15/2026 23:04,6/15/2026 23:04,PMI_DC,Validated by Division Chief,Validada por el Jefe de División,Validado pelo(a) Chefe de Divisão,Validé par le Chef de Division
IFD,IFD/FMM,38,BR-L1535,Progress Monitoring Report March Validation Workflow,174480,Approved,ANDREMA,Team Leader,414619,Approved-PMI_TL,Satisfactory,,3/24/2022 8:49,6/15/2026 23:04,6/15/2026 23:04,PMI_TL,Completed by Team Leader,Completado por el Líder de Equipo,Completado pelo(a) Líder de Equipe,Complété par le Chef d’équipe
IFD,IFD/FMM,42,PE-L1266,Progress Monitoring Report March Validation Workflow,223590,Aprobado,emiliopi,Division Chief,572331,Approved-PMI_DC,Alert,,4/25/2023 10:38,6/15/2026 23:04,6/15/2026 23:04,PMI_DC,Validated by Division Chief,Validada por el Jefe de División,Validado pelo(a) Chefe de Divisão,Validé par le Chef de Division
IFD,IFD/FMM,42,BR-L1516,Progress Monitoring Report March Validation Workflow,223546,Approved,PAOLAA,Chief of Operations,569212,Approved-PMI_COO,Satisfactory,,4/22/2023 18:11,6/15/2026 23:04,6/15/2026 23:04,PMI_COO,Validated by Chief of Operations,Validado por los Jefes de Operaciones,Validado pelo(a) Chefe de Operações,Validé par le Chef des opérations
IFD,IFD/FMM,49,PE-L1288,Progress Monitoring Report September Validation Workflow,306233,Approved-PMI_COO,MartinA,Team Leader,831597,Approved-PMI_TL,N/A,,10/2/2024 16:26,6/15/2026 23:04,6/15/2026 23:04,PMI_TL,Completed by Team Leader,Completado por el Líder de Equipo,Completado pelo(a) Líder de Equipe,Complété par le Chef d’équipe
IFD,IFD/FMM,50,BR-L1540,Progress Monitoring Report March Validation Workflow,334680,Approved,PAOLAA,Chief of Operations,919009,Approved-PMI_COO,Satisfactory,,4/4/2025 15:17,6/15/2026 23:04,6/15/2026 23:04,PMI_COO,Validated by Chief of Operations,Validado por los Jefes de Operaciones,Validado pelo(a) Chefe de Operações,Validé par le Chef des opérations
IFD,IFD/FMM,50,EC-L1253,Progress Monitoring Report March Validation Workflow,335171,Rejected,VinicioR,Chief of Operations,920337,Approved-PMI_COO,Alert,,4/8/2025 15:24,6/15/2026 23:04,6/15/2026 23:04,PMI_COO,Validated by Chief of Operations,Validado por los Jefes de Operaciones,Validado pelo(a) Chefe de Operações,Validé par le Chef des opérations
IFD,IFD/FMM,50,UR-L1111,Progress Monitoring Report March Validation Workflow,335181,Approved,mruizarranz,Division Chief,923712,Approved-PMI_DC,Satisfactory,,4/30/2025 9:11,6/15/2026 23:04,6/15/2026 23:04,PMI_DC,Validated by Division Chief,Validada por el Jefe de División,Validado pelo(a) Chefe de Divisão,Validé par le Chef de Division
IFD,IFD/FMM,32,PE-L1239,PMR Cycle & Startup Plan validation,104834,Approved,belindap,Team Leader,216175,Approved-PMI_TL,Satisfactory,,4/19/2020 1:38,6/15/2026 23:04,6/15/2026 23:04,PMI_TL,Completed by Team Leader,Completado por el Líder de Equipo,Completado pelo(a) Líder de Equipe,Complété par le Chef d’équipe
IFD,IFD/FMM,42,UR-L1164,Progress Monitoring Report March Validation Workflow,223625,Approved,jgomezreino,Team Leader,569405,Approved-PMI_TL,Satisfactory,,3/28/2023 9:05,6/15/2026 23:04,6/15/2026 23:04,PMI_TL,Completed by Team Leader,Completado por el Líder de Equipo,Completado pelo(a) Líder de Equipe,Complété par le Chef d’équipe
IFD,IFD/FMM,42,UR-L1164,Progress Monitoring Report March Validation Workflow,223625,Approved,FERNANDOCU,Representative,579487,Approved-PMI_CR,Satisfactory,,4/20/2023 8:34,6/15/2026 23:04,6/15/2026 23:04,PMI_CR,Validated by Representative,Validada por el Representante de País,Validado pelo(a) Representante do País,Validé par le Représentant de pays
IFD,IFD/FMM,45,PN-L1161,Progress Monitoring Report March Validation Workflow,281705,Aprobado,GermanZ,Representative,759172,Approved-PMI_CR,SATISFACTORY,,4/29/2024 16:33,6/15/2026 23:04,6/15/2026 23:04,PMI_CR,Validated by Representative,Validada por el Representante de País,Validado pelo(a) Representante do País,Validé par le Représentant de pays
IFD,IFD/FMM,54,BR-L1533,Progress Monitoring Report March Validation Workflow,398567,Approved,ANNETTEK,Representative,1139493,Approved-PMI_CR,Satisfactory,,5/15/2026 18:05,6/15/2026 23:04,6/15/2026 23:04,PMI_CR,Validated by Representative,Validada por el Representante de País,Validado pelo(a) Representante do País,Validé par le Représentant de pays
IFD,IFD/FMM,50,BR-L1550,Progress Monitoring Report March Validation Workflow,334632,Approved,mruizarranz,Division Chief,923105,Approved-PMI_DC,Satisfactory,,4/30/2025 9:10,6/15/2026 23:04,6/15/2026 23:04,PMI_DC,Validated by Division Chief,Validada por el Jefe de División,Validado pelo(a) Chefe de Divisão,Validé par le Chef de Division
IFD,IFD/FMM,50,BR-L1614,Progress Monitoring Report March Validation Workflow,334649,Approved,ANDREMA,Team Leader,918947,Approved-PMI_TL,Satisfactory,,3/28/2025 10:56,6/15/2026 23:04,6/15/2026 23:04,PMI_TL,Completed by Team Leader,Completado por el Líder de Equipo,Completado pelo(a) Líder de Equipe,Complété par le Chef d’équipe
IFD,IFD/FMM,50,PE-L1278,Progress Monitoring Report March Validation Workflow,336053,Approved,mruizarranz,Division Chief,927336,Approved-PMI_DC,Problem,,4/30/2025 9:10,6/15/2026 23:04,6/15/2026 23:04,PMI_DC,Validated by Division Chief,Validada por el Jefe de División,Validado pelo(a) Chefe de Divisão,Validé par le Chef de Division
IFD,IFD/FMM,53,BR-L1513,Progress Monitoring Report September Validation Workflow,361957,Approved-PMI_COO,ANDREMA,Team Leader,1007123,Approved-PMI_TL,Alert,,9/26/2025 17:09,6/15/2026 23:04,6/15/2026 23:04,PMI_TL,Completed by Team Leader,Completado por el Líder de Equipo,Completado pelo(a) Líder de Equipe,Complété par le Chef d’équipe
IFD,IFD/FMM,53,BR-L1592,PMR Cycle & Startup Plan validation,361960,Rejected,PAOLAA,Chief of Operations,1007130,Rejected,Problem,Favor ajustar conforme solicitado e reenviar.,10/10/2025 13:57,6/15/2026 23:04,6/15/2026 23:04,,Rejected,,,
IFD,IFD/FMM,54,BR-L1377,Progress Monitoring Report March Validation Workflow,398471,Approved,susanar,Division Chief,1132429,Approved-PMI_DC,Satisfactory,On behalf of Marta Ruiz Arranz: Se solicita a los equipos mantener actualizado los campos del verificador de contenido.,4/29/2026 11:11,6/15/2026 23:04,6/15/2026 23:04,PMI_DC,Validated by Division Chief,Validada por el Jefe de División,Validado pelo(a) Chefe de Divisão,Validé par le Chef de Division
IFD,IFD/FMM,42,PE-L1266,Progress Monitoring Report March Validation Workflow,223590,Aprobado,ecambiasso,Chief of Operations,569322,Approved-PMI_COO,Alert,,4/3/2023 12:25,6/15/2026 23:04,6/15/2026 23:04,PMI_COO,Validated by Chief of Operations,Validado por los Jefes de Operaciones,Validado pelo(a) Chefe de Operações,Validé par le Chef des opérations
IFD,IFD/FMM,42,BR-L1377,Progress Monitoring Report March Validation Workflow,223543,Approved,emiliopi,Division Chief,581684,Approved-PMI_DC,Satisfactory,,4/24/2023 17:44,6/15/2026 23:04,6/15/2026 23:04,PMI_DC,Validated by Division Chief,Validada por el Jefe de División,Validado pelo(a) Chefe de Divisão,Validé par le Chef de Division
IFD,IFD/FMM,42,BR-L1516,Progress Monitoring Report March Validation Workflow,223546,Approved,MORGAND,Representative,582276,Approved-PMI_CR,Satisfactory,,4/25/2023 10:30,6/15/2026 23:04,6/15/2026 23:04,PMI_CR,Validated by Representative,Validada por el Representante de País,Validado pelo(a) Representante do País,Validé par le Représentant de pays
IFD,IFD/FMM,50,BR-L1517,Progress Monitoring Report March Validation Workflow,334652,Approved,mruizarranz,Division Chief,923090,Approved-PMI_DC,Satisfactory,,4/30/2025 9:09,6/15/2026 23:04,6/15/2026 23:04,PMI_DC,Validated by Division Chief,Validada por el Jefe de División,Validado pelo(a) Chefe de Divisão,Validé par le Chef de Division
IFD,IFD/FMM,50,BL-L1038,Progress Monitoring Report March Validation Workflow,336109,Approved,KARENA,Team Leader,923276,Approved-PMI_TL,Alert,,4/4/2025 17:34,6/15/2026 23:04,6/15/2026 23:04,PMI_TL,Completed by Team Leader,Completado por el Líder de Equipo,Completado pelo(a) Líder de Equipe,Complété par le Chef d’équipe
IFD,IFD/FMM,53,BR-L1533,Progress Monitoring Report September Validation Workflow,361988,Approved-PMI_COO,RMOTTACAFE,Team Leader,1007202,Approved-PMI_TL,Satisfactory,,9/26/2025 18:28,6/15/2026 23:04,6/15/2026 23:04,PMI_TL,Completed by Team Leader,Completado por el Líder de Equipo,Completado pelo(a) Líder de Equipe,Complété par le Chef d’équipe
IFD,IFD/FMM,53,BR-L1377,Progress Monitoring Report September Validation Workflow,363080,Approved-PMI_COO,PAOLAA,Chief of Operations,1010605,Approved-PMI_COO,Satisfactory,,10/17/2025 17:32,6/15/2026 23:04,6/15/2026 23:04,PMI_COO,Validated by Chief of Operations,Validado por los Jefes de Operaciones,Validado pelo(a) Chefe de Operações,Validé par le Chef des opérations
IFD,IFD/FMM,53,CH-L1178,PMR Cycle & Startup Plan validation,364947,Approved,susanar,Division Chief,1016890,Approved-PMI_DC,Satisfactory,,11/13/2025 16:38,6/15/2026 23:04,6/15/2026 23:04,PMI_DC,Validated by Division Chief,Validada por el Jefe de División,Validado pelo(a) Chefe de Divisão,Validé par le Chef de Division
IFD,IFD/FMM,54,BR-L1629,Progress Monitoring Report March Validation Workflow,398474,Approved,susanar,Division Chief,1127397,Approved-PMI_DC,Satisfactory,On behalf of Marta Ruiz Arranz: Se solicita a los equipos mantener actualizado los campos del verificador de contenido.,4/29/2026 11:21,6/15/2026 23:04,6/15/2026 23:04,PMI_DC,Validated by Division Chief,Validada por el Jefe de División,Validado pelo(a) Chefe de Divisão,Validé par le Chef de Division
IFD,IFD/FMM,54,BR-L1599,Progress Monitoring Report March Validation Workflow,398482,Approved,mmacdowell,Team Leader,1122120,Approved-PMI_TL,Satisfactory,,3/27/2026 21:38,6/15/2026 23:04,6/15/2026 23:04,PMI_TL,Completed by Team Leader,Completado por el Líder de Equipo,Completado pelo(a) Líder de Equipe,Complété par le Chef d’équipe
IFD,IFD/FMM,44,BR-L1539,Progress Monitoring Report September Validation Workflow,249308,Approved-PMI_COO,PAOLAA,Chief of Operations,654609,Approved-PMI_COO,Satisfactory,,10/20/2023 18:19,6/15/2026 23:04,6/15/2026 23:04,PMI_COO,Validated by Chief of Operations,Validado por los Jefes de Operaciones,Validado pelo(a) Chefe de Operações,Validé par le Chef des opérations
IFD,IFD/FMM,44,EC-L1251,Progress Monitoring Report September Validation Workflow,250443,Approved-PMI_COO,UBALDOG,Team Leader,657911,Approved-PMI_TL,Problem,,10/6/2023 9:57,6/15/2026 23:04,6/15/2026 23:04,PMI_TL,Completed by Team Leader,Completado por el Líder de Equipo,Completado pelo(a) Líder de Equipe,Complété par le Chef d’équipe
IFD,IFD/FMM,53,BR-L1527,Progress Monitoring Report September Validation Workflow,363084,Approved-PMI_COO,PAOLAA,Chief of Operations,1010619,Approved-PMI_COO,Alert,,10/15/2025 18:55,6/15/2026 23:04,6/15/2026 23:04,PMI_COO,Validated by Chief of Operations,Validado por los Jefes de Operaciones,Validado pelo(a) Chefe de Operações,Validé par le Chef des opérations
IFD,IFD/FMM,54,AR-L1285,Progress Monitoring Report March Validation Workflow,399473,Approved,susanar,Division Chief,1130040,Approved-PMI_DC,Problem,,4/22/2026 9:59,6/15/2026 23:04,6/15/2026 23:04,PMI_DC,Validated by Division Chief,Validada por el Jefe de División,Validado pelo(a) Chefe de Divisão,Validé par le Chef de Division
IFD,IFD/FMM,32,PR-L1150,Progress Monitoring Report March Validation Workflow,103323,Approved,florenciaa,Representative,215301,Approved-PMI_CR,Satisfactory,,4/13/2020 16:51,6/15/2026 23:04,6/15/2026 23:04,PMI_CR,Validated by Representative,Validada por el Representante de País,Validado pelo(a) Representante do País,Validé par le Représentant de pays
IFD,IFD/FMM,29,PE-L1239,Progress Monitoring Report March Validation Workflow,85271,Approved,vcaro,Representative,184637,Approved-PMI_CR,Satisfactory,,5/11/2019 19:54,6/15/2026 23:04,6/15/2026 23:04,PMI_CR,Validated by Representative,Validada por el Representante de País,Validado pelo(a) Representante do País,Validé par le Représentant de pays
IFD,IFD/FMM,45,BR-L1550,Progress Monitoring Report March Validation Workflow,280189,Approved,marianac,Division Chief,758380,Approved-PMI_DC,Satisfactory,,4/29/2024 11:32,6/15/2026 23:04,6/15/2026 23:04,PMI_DC,Validated by Division Chief,Validada por el Jefe de División,Validado pelo(a) Chefe de Divisão,Validé par le Chef de Division
IFD,IFD/FMM,45,BR-L1550,Progress Monitoring Report March Validation Workflow,280189,Approved,PAOLAA,Representative,759231,Approved-PMI_CR,Satisfactory,,4/30/2024 19:15,6/15/2026 23:04,6/15/2026 23:04,PMI_CR,Validated by Representative,Validada por el Representante de País,Validado pelo(a) Representante do País,Validé par le Représentant de pays
IFD,IFD/FMM,49,BR-L1511,Progress Monitoring Report September Validation Workflow,304600,Approved-PMI_COO,PAOLAA,Chief of Operations,826530,Approved-PMI_COO,Alert,,10/4/2024 14:58,6/15/2026 23:04,6/15/2026 23:04,PMI_COO,Validated by Chief of Operations,Validado por los Jefes de Operaciones,Validado pelo(a) Chefe de Operações,Validé par le Chef des opérations
IFD,IFD/FMM,49,BR-L1517,Progress Monitoring Report September Validation Workflow,304601,Approved-PMI_COO,anapa,Team Leader,826531,Approved-PMI_TL,Satisfactory,,9/23/2024 19:26,6/15/2026 23:04,6/15/2026 23:04,PMI_TL,Completed by Team Leader,Completado por el Líder de Equipo,Completado pelo(a) Líder de Equipe,Complété par le Chef d’équipe
IFD,IFD/FMM,42,EC-L1251,Progress Monitoring Report March Validation Workflow,224304,Aprobado,emiliopi,Division Chief,573603,Approved-PMI_DC,Problem,,4/25/2023 10:37,6/15/2026 23:04,6/15/2026 23:04,PMI_DC,Validated by Division Chief,Validada por el Jefe de División,Validado pelo(a) Chefe de Divisão,Validé par le Chef de Division
IFD,IFD/FMM,37,BR-L1534,PMR Cycle & Startup Plan validation,153672,Approved,PAOLAA,Representative,356971,Approved-PMI_CR,Alert,,10/26/2021 9:08,6/15/2026 23:04,6/15/2026 23:04,PMI_CR,Validated by Representative,Validada por el Representante de País,Validado pelo(a) Representante do País,Validé par le Représentant de pays
IFD,IFD/FMM,42,PN-L1172,Progress Monitoring Report March Validation Workflow,225482,Approved,GermanZ,Representative,579506,Approved-PMI_CR,Satisfactory,,4/26/2023 12:49,6/15/2026 23:04,6/15/2026 23:04,PMI_CR,Validated by Representative,Validada por el Representante de País,Validado pelo(a) Representante do País,Validé par le Représentant de pays
IFD,IFD/FMM,28,BR-L1377,Progress Monitoring Report September Validation Workflow,74613,Approved,felixp,Chief of Operations,164430,Approved-PMI_COO,N/A,,10/4/2018 15:53,6/15/2026 23:04,6/15/2026 23:04,PMI_COO,Validated by Chief of Operations,Validado por los Jefes de Operaciones,Validado pelo(a) Chefe de Operações,Validé par le Chef des opérations
IFD,IFD/FMM,35,PE-L1239,Progress Monitoring Report March Validation Workflow,132798,Aprobado,belindap,Team Leader,291164,Approved-PMI_TL,Alert,,3/31/2021 12:50,6/15/2026 23:04,6/15/2026 23:04,PMI_TL,Completed by Team Leader,Completado por el Líder de Equipo,Completado pelo(a) Líder de Equipe,Complété par le Chef d’équipe
IFD,IFD/FMM,37,PN-L1161,PMR Cycle & Startup Plan validation,152214,Approved,josel,Team Leader,350301,Approved-PMI_TL,Satisfactory,,10/1/2021 17:15,6/15/2026 23:04,6/15/2026 23:04,PMI_TL,Completed by Team Leader,Completado por el Líder de Equipo,Completado pelo(a) Líder de Equipe,Complété par le Chef d’équipe
IFD,IFD/FMM,38,EC-L1251,Progress Monitoring Report March Validation Workflow,174762,Rejected,AdrianaLV,Chief of Operations,415309,Approved-PMI_COO,Problem,,3/31/2022 13:56,6/15/2026 23:04,6/15/2026 23:04,PMI_COO,Validated by Chief of Operations,Validado por los Jefes de Operaciones,Validado pelo(a) Chefe de Operações,Validé par le Chef des opérations
IFD,IFD/FMM,38,EC-L1230,Progress Monitoring Report March Validation Workflow,179056,Aprobado,UBALDOG,Team Leader,429474,Approved-PMI_TL,Problem,,4/29/2022 22:05,6/15/2026 23:04,6/15/2026 23:04,PMI_TL,Completed by Team Leader,Completado por el Líder de Equipo,Completado pelo(a) Líder de Equipe,Complété par le Chef d’équipe
IFD,IFD/FMM,40,BR-L1517,PMR Cycle & Startup Plan validation,198918,Approved,anapa,Team Leader,495150,Approved-PMI_TL,Problem,,10/13/2022 17:06,6/15/2026 23:04,6/15/2026 23:04,PMI_TL,Completed by Team Leader,Completado por el Líder de Equipo,Completado pelo(a) Líder de Equipe,Complété par le Chef d’équipe
IFD,IFD/FMM,42,EC-L1253,Progress Monitoring Report March Validation Workflow,223701,Aprobado,UBALDOG,Team Leader,569634,Approved-PMI_TL,Satisfactory,,3/28/2023 12:37,6/15/2026 23:04,6/15/2026 23:04,PMI_TL,Completed by Team Leader,Completado por el Líder de Equipo,Completado pelo(a) Líder de Equipe,Complété par le Chef d’équipe
IFD,IFD/FMM,32,BR-L1527,Progress Monitoring Report March Validation Workflow,103129,Approved,paolaa,Representative,214962,Approved-PMI_CR,Satisfactory,,4/9/2020 13:42,6/15/2026 23:04,6/15/2026 23:04,PMI_CR,Validated by Representative,Validada por el Representante de País,Validado pelo(a) Representante do País,Validé par le Représentant de pays
IFD,IFD/FMM,37,PE-L1231,Progress Monitoring Report September Validation Workflow,152201,Approved-PMI_COO,belindap,Team Leader,350269,Approved-PMI_TL,Alert,,10/1/2021 17:01,6/15/2026 23:04,6/15/2026 23:04,PMI_TL,Completed by Team Leader,Completado por el Líder de Equipo,Completado pelo(a) Líder de Equipe,Complété par le Chef d’équipe
IFD,IFD/FMM,38,UR-L1111,Progress Monitoring Report March Validation Workflow,174789,Approved,FERNANDOCU,Chief of Operations,415386,Approved-PMI_COO,Satisfactory,,3/31/2022 10:45,6/15/2026 23:04,6/15/2026 23:04,PMI_COO,Validated by Chief of Operations,Validado por los Jefes de Operaciones,Validado pelo(a) Chefe de Operações,Validé par le Chef des opérations
IFD,IFD/FMM,32,BR-L1377,Progress Monitoring Report March Validation Workflow,102839,Approved,mmacdowell,Team Leader,211554,Approved-PMI_TL,Satisfactory,,3/17/2020 9:51,6/15/2026 23:04,6/15/2026 23:04,PMI_TL,Completed by Team Leader,Completado por el Líder de Equipo,Completado pelo(a) Líder de Equipe,Complété par le Chef d’équipe
IFD,IFD/FMM,32,BR-L1525,Progress Monitoring Report March Validation Workflow,102843,Approved,paolaa,Chief of Operations,211562,Approved-PMI_COO,Satisfactory,,3/26/2020 16:43,6/15/2026 23:04,6/15/2026 23:04,PMI_COO,Validated by Chief of Operations,Validado por los Jefes de Operaciones,Validado pelo(a) Chefe de Operações,Validé par le Chef des opérations
IFD,IFD/FMM,32,BR-L1527,Progress Monitoring Report March Validation Workflow,103129,Approved,marianac,Division Chief,213287,Approved-PMI_DC,Satisfactory,,4/7/2020 18:30,6/15/2026 23:04,6/15/2026 23:04,PMI_DC,Validated by Division Chief,Validada por el Jefe de División,Validado pelo(a) Chefe de Divisão,Validé par le Chef de Division
IFD,IFD/FMM,42,PR-L1150,Progress Monitoring Report March Validation Workflow,223556,Approved,EDNAAR,Representative,579496,Approved-PMI_CR,Satisfactory,,5/4/2023 16:13,6/15/2026 23:04,6/15/2026 23:04,PMI_CR,Validated by Representative,Validada por el Representante de País,Validado pelo(a) Representante do País,Validé par le Représentant de pays
IFD,IFD/FMM,44,SU-L1060,Progress Monitoring Report September Validation Workflow,249534,Approved-PMI_COO,LALEJANDROA,Team Leader,655067,Approved-PMI_TL,Satisfactory,,9/29/2023 20:14,6/15/2026 23:04,6/15/2026 23:04,PMI_TL,Completed by Team Leader,Completado por el Líder de Equipo,Completado pelo(a) Líder de Equipe,Complété par le Chef d’équipe
IFD,IFD/FMM,44,BL-L1038,Progress Monitoring Report September Validation Workflow,252479,Approved-PMI_COO,JulianB,Chief of Operations,664716,Approved-PMI_COO,Problem,,10/21/2023 1:13,6/15/2026 23:04,6/15/2026 23:04,PMI_COO,Validated by Chief of Operations,Validado por los Jefes de Operaciones,Validado pelo(a) Chefe de Operações,Validé par le Chef des opérations
IFD,IFD/FMM,50,BR-L1534,Progress Monitoring Report March Validation Workflow,334844,Approved,mruizarranz,Division Chief,923101,Approved-PMI_DC,Satisfactory,,4/30/2025 9:10,6/15/2026 23:04,6/15/2026 23:04,PMI_DC,Validated by Division Chief,Validada por el Jefe de División,Validado pelo(a) Chefe de Divisão,Validé par le Chef de Division
IFD,IFD/FMM,50,BR-L1534,Progress Monitoring Report March Validation Workflow,334844,Approved,PAOLAA,Representative,933855,Approved-PMI_CR,Satisfactory,,4/30/2025 15:31,6/15/2026 23:04,6/15/2026 23:04,PMI_CR,Validated by Representative,Validada por el Representante de País,Validado pelo(a) Representante do País,Validé par le Représentant de pays
IFD,IFD/FMM,50,BR-L1527,Progress Monitoring Report March Validation Workflow,334845,Approved,mmacdowell,Team Leader,919463,Approved-PMI_TL,Satisfactory,,3/31/2025 9:16,6/15/2026 23:04,6/15/2026 23:04,PMI_TL,Completed by Team Leader,Completado por el Líder de Equipo,Completado pelo(a) Líder de Equipe,Complété par le Chef d’équipe
IFD,IFD/FMM,35,BL-L1031,Progress Monitoring Report March Validation Workflow,132598,Approved,emiliopi,Division Chief,296324,Approved-PMI_DC,SATISFACTORY,,4/22/2021 9:33,6/15/2026 23:04,6/15/2026 23:04,PMI_DC,Validated by Division Chief,Validada por el Jefe de División,Validado pelo(a) Chefe de Divisão,Validé par le Chef de Division
IFD,IFD/FMM,35,PE-L1231,Progress Monitoring Report March Validation Workflow,133211,Aprobado,JavierGa,Chief of Operations,292412,Approved-PMI_COO,Satisfactory,,4/11/2021 19:53,6/15/2026 23:04,6/15/2026 23:04,PMI_COO,Validated by Chief of Operations,Validado por los Jefes de Operaciones,Validado pelo(a) Chefe de Operações,Validé par le Chef des opérations
IFD,IFD/FMM,35,PE-L1231,Progress Monitoring Report March Validation Workflow,133211,Aprobado,emiliopi,Division Chief,294162,Approved-PMI_DC,Satisfactory,,4/14/2021 9:43,6/15/2026 23:04,6/15/2026 23:04,PMI_DC,Validated by Division Chief,Validada por el Jefe de División,Validado pelo(a) Chefe de Divisão,Validé par le Chef de Division
IFD,IFD/FMM,54,CO-L1164,Progress Monitoring Report March Validation Workflow,399093,Aprobado,PabloAn,Chief of Operations,1124052,Approved-PMI_COO,Satisfactory,,4/6/2026 16:47,6/15/2026 23:04,6/15/2026 23:04,PMI_COO,Validated by Chief of Operations,Validado por los Jefes de Operaciones,Validado pelo(a) Chefe de Operações,Validé par le Chef des opérations
IFD,IFD/FMM,29,UR-L1111,Progress Monitoring Report March Validation Workflow,83792,Approved,fernandocu,Representative,184811,Approved-PMI_CR,Satisfactory,,5/2/2019 13:28,6/15/2026 23:04,6/15/2026 23:04,PMI_CR,Validated by Representative,Validada por el Representante de País,Validado pelo(a) Representante do País,Validé par le Représentant de pays
IFD,IFD/FMM,32,BR-L1525,Progress Monitoring Report March Validation Workflow,102843,Approved,marianac,Division Chief,213253,Approved-PMI_DC,Satisfactory,,4/7/2020 18:30,6/15/2026 23:04,6/15/2026 23:04,PMI_DC,Validated by Division Chief,Validada por el Jefe de División,Validado pelo(a) Chefe de Divisão,Validé par le Chef de Division
IFD,IFD/FMM,32,AR-L1285,Progress Monitoring Report March Validation Workflow,103242,Aprobado,marianac,Division Chief,215543,Approved-PMI_DC,Satisfactory,,4/16/2020 16:37,6/15/2026 23:04,6/15/2026 23:04,PMI_DC,Validated by Division Chief,Validada por el Jefe de División,Validado pelo(a) Chefe de Divisão,Validé par le Chef de Division
IFD,IFD/FMM,29,PE-L1231,Progress Monitoring Report March Validation Workflow,85416,Approved,vcaro,Representative,184636,Approved-PMI_CR,SATISFACTORY,,5/11/2019 19:53,6/15/2026 23:04,6/15/2026 23:04,PMI_CR,Validated by Representative,Validada por el Representante de País,Validado pelo(a) Representante do País,Validé par le Représentant de pays
IFD,IFD/FMM,16,BR-L1377,Progress Monitoring Report September Validation Workflow,24547,Approved,jtostes,Team Leader,53058,Approved-PMI_TL,N/A,,11/16/2015 12:28,6/15/2026 23:04,6/15/2026 23:04,PMI_TL,Completed by Team Leader,Completado por el Líder de Equipo,Completado pelo(a) Líder de Equipe,Complété par le Chef d’équipe
IFD,IFD/FMM,50,BR-L1501,Progress Monitoring Report March Validation Workflow,334841,Approved,PAOLAA,Representative,933846,Approved-PMI_CR,Satisfactory,,4/30/2025 15:31,6/15/2026 23:04,6/15/2026 23:04,PMI_CR,Validated by Representative,Validada por el Representante de País,Validado pelo(a) Representante do País,Validé par le Représentant de pays
IFD,IFD/FMM,38,BL-L1038,Progress Monitoring Report March Validation Workflow,177345,Approved,MONICASC,Team Leader,423335,Approved-PMI_TL,Satisfactory,,4/13/2022 5:06,6/15/2026 23:04,6/15/2026 23:04,PMI_TL,Completed by Team Leader,Completado por el Líder de Equipo,Completado pelo(a) Líder de Equipe,Complété par le Chef d’équipe
IFD,IFD/FMM,38,BL-L1038,Progress Monitoring Report March Validation Workflow,177345,Approved,JulianB,Chief of Operations,423336,Approved-PMI_COO,Satisfactory,,4/23/2022 23:44,6/15/2026 23:04,6/15/2026 23:04,PMI_COO,Validated by Chief of Operations,Validado por los Jefes de Operaciones,Validado pelo(a) Chefe de Operações,Validé par le Chef des opérations
IFD,IFD/FMM,40,BR-L1550,Progress Monitoring Report September Validation Workflow,196703,Approved-PMI_COO,PATRICIAGB,Team Leader,487209,Approved-PMI_TL,Satisfactory,,9/29/2022 14:18,6/15/2026 23:04,6/15/2026 23:04,PMI_TL,Completed by Team Leader,Completado por el Líder de Equipo,Completado pelo(a) Líder de Equipe,Complété par le Chef d’équipe
IFD,IFD/FMM,40,PR-L1150,Progress Monitoring Report September Validation Workflow,196716,Approved-PMI_COO,pablot,Chief of Operations,487251,Approved-PMI_COO,Problem,,10/14/2022 16:15,6/15/2026 23:04,6/15/2026 23:04,PMI_COO,Validated by Chief of Operations,Validado por los Jefes de Operaciones,Validado pelo(a) Chefe de Operações,Validé par le Chef des opérations
IFD,IFD/FMM,49,BR-L1533,Progress Monitoring Report September Validation Workflow,304764,Approved-PMI_COO,RMOTTACAFE,Team Leader,827010,Approved-PMI_TL,Alert,,9/24/2024 16:50,6/15/2026 23:04,6/15/2026 23:04,PMI_TL,Completed by Team Leader,Completado por el Líder de Equipo,Completado pelo(a) Líder de Equipe,Complété par le Chef d’équipe
IFD,IFD/FMM,49,BR-L1533,Progress Monitoring Report September Validation Workflow,304764,Approved-PMI_COO,PAOLAA,Chief of Operations,827013,Approved-PMI_COO,Alert,,10/4/2024 14:58,6/15/2026 23:04,6/15/2026 23:04,PMI_COO,Validated by Chief of Operations,Validado por los Jefes de Operaciones,Validado pelo(a) Chefe de Operações,Validé par le Chef des opérations
IFD,IFD/FMM,15,BR-L1377,Progress Monitoring Report March Validation Workflow,12563,Approved,vicentef,Division Chief,29834,Approved-PMI_DC,SATISFACTORY,,4/29/2015 12:05,6/15/2026 23:04,6/15/2026 23:04,PMI_DC,Validated by Division Chief,Validada por el Jefe de División,Validado pelo(a) Chefe de Divisão,Validé par le Chef de Division
IFD,IFD/FMM,54,PR-L1192,PMR Cycle & Startup Plan validation,405078,Approved,olorarocha,Team Leader,1145758,Approved-PMI_TL,Satisfactory,,5/8/2026 15:20,6/15/2026 23:04,6/15/2026 23:04,PMI_TL,Completed by Team Leader,Completado por el Líder de Equipo,Completado pelo(a) Líder de Equipe,Complété par le Chef d’équipe
IFD,IFD/FMM,38,AR-L1285,Progress Monitoring Report March Validation Workflow,176281,Rejected,emiliopi,Division Chief,420950,Rejected,Problem,.,4/7/2022 10:47,6/15/2026 23:04,6/15/2026 23:04,,Rejected,,,
IFD,IFD/FMM,44,BL-L1031,Progress Monitoring Report September Validation Workflow,252476,Approved-PMI_COO,MONICASC,Team Leader,664703,Approved-PMI_TL,Alert,,10/20/2023 22:13,6/15/2026 23:04,6/15/2026 23:04,PMI_TL,Completed by Team Leader,Completado por el Líder de Equipo,Completado pelo(a) Líder de Equipe,Complété par le Chef d’équipe
IFD,IFD/FMM,42,CO-L1245,Progress Monitoring Report March Validation Workflow,223563,Aprobado,kelvins,Representative,582497,Approved-PMI_CR,Satisfactory,,4/27/2023 16:10,6/15/2026 23:04,6/15/2026 23:04,PMI_CR,Validated by Representative,Validada por el Representante de País,Validado pelo(a) Representante do País,Validé par le Représentant de pays
IFD,IFD/FMM,45,UR-L1111,Progress Monitoring Report March Validation Workflow,283886,Approved,FERNANDOCU,Chief of Operations,760036,Approved-PMI_COO,Satisfactory,,4/30/2024 13:57,6/15/2026 23:04,6/15/2026 23:04,PMI_COO,Validated by Chief of Operations,Validado por los Jefes de Operaciones,Validado pelo(a) Chefe de Operações,Validé par le Chef des opérations
IFD,IFD/FMM,49,CO-L1245,Progress Monitoring Report September Validation Workflow,306789,Approved-PMI_COO,kelvins,Chief of Operations,833355,Approved-PMI_COO,Alert,,10/7/2024 18:34,6/15/2026 23:04,6/15/2026 23:04,PMI_COO,Validated by Chief of Operations,Validado por los Jefes de Operaciones,Validado pelo(a) Chefe de Operações,Validé par le Chef des opérations
IFD,IFD/FMM,50,PR-L1192,Progress Monitoring Report March Validation Workflow,334946,Approved,manuelfe,Chief of Operations,919735,Approved-PMI_COO,Satisfactory,,4/3/2025 15:07,6/15/2026 23:04,6/15/2026 23:04,PMI_COO,Validated by Chief of Operations,Validado por los Jefes de Operaciones,Validado pelo(a) Chefe de Operações,Validé par le Chef des opérations
IFD,IFD/FMM,50,PE-L1239,Progress Monitoring Report March Validation Workflow,335869,Approved,mruizarranz,Division Chief,927318,Approved-PMI_DC,Satisfactory,,4/30/2025 9:10,6/15/2026 23:04,6/15/2026 23:04,PMI_DC,Validated by Division Chief,Validada por el Jefe de División,Validado pelo(a) Chefe de Divisão,Validé par le Chef de Division
IFD,IFD/FMM,53,BL-L1038,Progress Monitoring Report September Validation Workflow,363334,Approved-PMI_COO,ALEXANDREV,Chief of Operations,1011443,Approved-PMI_COO,Alert,,10/6/2025 10:53,6/15/2026 23:04,6/15/2026 23:04,PMI_COO,Validated by Chief of Operations,Validado por los Jefes de Operaciones,Validado pelo(a) Chefe de Operações,Validé par le Chef des opérations
IFD,IFD/FMM,34,AR-L1285,PMR Cycle & Startup Plan validation,112333,Approved,vivianaa,Representative,235882,Approved-PMI_CR,Satisfactory,,10/21/2020 15:39,6/15/2026 23:04,6/15/2026 23:04,PMI_CR,Validated by Representative,Validada por el Representante de País,Validado pelo(a) Representante do País,Validé par le Représentant de pays
IFD,IFD/FMM,32,AR-L1248,Progress Monitoring Report March Validation Workflow,103296,Aprobado,EARRAIZA,Chief of Operations,212407,Approved-PMI_COO,Alert,,4/14/2020 15:35,6/15/2026 23:04,6/15/2026 23:04,PMI_COO,Validated by Chief of Operations,Validado por los Jefes de Operaciones,Validado pelo(a) Chefe de Operações,Validé par le Chef des opérations
IFD,IFD/FMM,29,BR-L1501,Progress Monitoring Report March Validation Workflow,83411,Approved,paolaa,Chief of Operations,179393,Approved-PMI_COO,Satisfactory,,3/27/2019 17:40,6/15/2026 23:04,6/15/2026 23:04,PMI_COO,Validated by Chief of Operations,Validado por los Jefes de Operaciones,Validado pelo(a) Chefe de Operações,Validé par le Chef des opérations
IFD,IFD/FMM,34,AR-L1285,PMR Cycle & Startup Plan validation,112333,Approved,EARRAIZA,Chief of Operations,231960,Approved-PMI_COO,Satisfactory,,10/16/2020 8:43,6/15/2026 23:04,6/15/2026 23:04,PMI_COO,Validated by Chief of Operations,Validado por los Jefes de Operaciones,Validado pelo(a) Chefe de Operações,Validé par le Chef des opérations
IFD,IFD/FMM,34,AR-L1285,PMR Cycle & Startup Plan validation,112333,Approved,emiliopi,Division Chief,234566,Approved-PMI_DC,Satisfactory,,10/20/2020 13:15,6/15/2026 23:04,6/15/2026 23:04,PMI_DC,Validated by Division Chief,Validada por el Jefe de División,Validado pelo(a) Chefe de Divisão,Validé par le Chef de Division
IFD,IFD/FMM,45,BR-L1517,Progress Monitoring Report March Validation Workflow,278293,Rejected,PAOLAA,Chief of Operations,743673,Rejected,Satisfactory,"Segundo orientações de SPD, serão rejeitados todos os fluxos do ciclo para que o sistema seja reajustado e calcule corretamente a qualificação das operações.  Se infomará as equipes quando poderão ser relanzados os fluxos de validação. Obrigada.",4/2/2024 16:21,6/15/2026 23:04,6/15/2026 23:04,,Rejected,,,
IFD,IFD/FMM,42,BR-L1511,Progress Monitoring Report March Validation Workflow,223591,Approved,PAOLAA,Chief of Operations,569324,Approved-PMI_COO,Satisfactory,,4/22/2023 18:11,6/15/2026 23:04,6/15/2026 23:04,PMI_COO,Validated by Chief of Operations,Validado por los Jefes de Operaciones,Validado pelo(a) Chefe de Operações,Validé par le Chef des opérations
IFD,IFD/FMM,42,EC-L1230,Progress Monitoring Report March Validation Workflow,224064,Aprobado,emiliopi,Division Chief,573557,Approved-PMI_DC,Satisfactory,,4/25/2023 10:37,6/15/2026 23:04,6/15/2026 23:04,PMI_DC,Validated by Division Chief,Validada por el Jefe de División,Validado pelo(a) Chefe de Divisão,Validé par le Chef de Division
IFD,IFD/FMM,44,BR-L1550,PMR Cycle & Startup Plan validation,250673,Approved,RMOTTACAFE,Team Leader,658716,Approved-PMI_TL,Problem,,10/9/2023 10:53,6/15/2026 23:04,6/15/2026 23:04,PMI_TL,Completed by Team Leader,Completado por el Líder de Equipo,Completado pelo(a) Líder de Equipe,Complété par le Chef d’équipe
IFD,IFD/FMM,44,BR-L1550,PMR Cycle & Startup Plan validation,250673,Approved,marianac,Division Chief,664656,Approved-PMI_DC,Problem,"Se aprueba con el visto bueno de Alejandro Rasteletti, Jefe de División a.i",10/23/2023 14:23,6/15/2026 23:04,6/15/2026 23:04,PMI_DC,Validated by Division Chief,Validada por el Jefe de División,Validado pelo(a) Chefe de Divisão,Validé par le Chef de Division
IFD,IFD/FMM,45,BR-L1535,Progress Monitoring Report March Validation Workflow,278192,Rejected,PAOLAA,Chief of Operations,743407,Rejected,Satisfactory,"Segundo orientações de SPD, serão rejeitados todos os fluxos do ciclo para que o sistema seja reajustado e calcule corretamente a qualificação das operações.  Se infomará as equipes quando poderão ser relanzados os fluxos de validação. Obrigada.",4/2/2024 16:24,6/15/2026 23:04,6/15/2026 23:04,,Rejected,,,
IFD,IFD/FMM,45,BR-L1592,Progress Monitoring Report March Validation Workflow,278193,Rejected,ANDREMA,Team Leader,743408,Approved-PMI_TL,Alert,,3/28/2024 9:42,6/15/2026 23:04,6/15/2026 23:04,PMI_TL,Completed by Team Leader,Completado por el Líder de Equipo,Completado pelo(a) Líder de Equipe,Complété par le Chef d’équipe
IFD,IFD/FMM,54,PR-L1150,Progress Monitoring Report March Validation Workflow,398906,Approved,susanar,Division Chief,1126658,Approved-PMI_DC,Satisfactory,,4/23/2026 14:59,6/15/2026 23:04,6/15/2026 23:04,PMI_DC,Validated by Division Chief,Validada por el Jefe de División,Validado pelo(a) Chefe de Divisão,Validé par le Chef de Division
IFD,IFD/FMM,38,AR-L1285,Progress Monitoring Report March Validation Workflow,176281,Rejected,DOBARA,Chief of Operations,419660,Approved-PMI_COO,Problem,"Según se observa en la tabla que resume la clasificación del Programa surgida del ejercicio de PMR 2021, los desembolsos acumulados, tras haber transcurrido 21 meses desde la elegibilidad total de la operación, siguen con cierto retraso. Para explicar este desvío es importante destacar que, en el periodo 2020-2021, el inicio de la ejecución financiera de la operación coincidió con el inicio de la pandemia, y se vio postergado asimismo por el tiempo demandado en la formalización de los acuerdos y suscripción de los Convenios entre el Ejecutor y las provincias participantes del programa (que se incrementaron de seis a 18).  Pese a la postergación en el primer período de puesta en marcha de la operación, durante 2021 el programa logró materializar avances sustanciales en la ejecución generando las condiciones propicias para compensar en los siguientes períodos los desvíos en la ejecución física y financiera que en la actualidad arrojan resultados desfavorables en los indicadores evaluados.  Respecto de los avances realizados durante el año 2021, se comenzó con la ejecución de la obra de construcción de la terminal de cargas Puerto Las Palmas, Provincia del Chaco; se avanzó en los procesos de licitación de las obras: reconstrucción sitio N°3 del Puerto Deseado, Provincia de Santa Cruz; Red de Fibra Óptica Troncal Homogénea Multiservicio, Provincia de Río Negro; infraestructura de Parques Industriales - Parque Industrial y de la  Innovación – Posadas, Provincia de Misiones; parque Industrial Puerto Rico, Provincia de Misiones; Nuevo Hospital en la localidad de Villaguay, Provincia de Entre Ríos; y se generaron importantes avances en la formulación de los proyectos de mejoramiento y pavimentación de la Ruta Provincial Nº3, Cañada Ombú – Los Amores, Provincia de Santa Fe; mejoramiento del predio Parque Industrial Formosa, Provincia de Formosa; y reconstrucción y repavimentación de Calzada asfáltica existente de Ruta Provincial N°301, Provincia de Tucumán.  Asimismo, en el marco de las acciones de fortalecimiento de la administración tributaria y sistemas de catastro, durante 2021 se ha avanzado en la formulación y en los procesos de selección del proyecto Reingeniería del Sistema de Administración Tributaria (SIAT) de la Agencia de Recaudación Tributaria de la Provincia de Río Negro; del desarrollo e implementación del Sistema de Folio Real Unificado Digital y Digitalización de Matrículas de Santa Fe; del proyecto de mejora de la administración financiera provincial y actualización tecnológica del SAFyC de Río Negro; y del proyecto de fortalecimiento, integración e interoperabilidad de la Dirección de Catastro y Cartografía, Registro de la Propiedad Inmueble de la Administración Tributaria Provincial de la provincia de Chaco; y en Planes Estratégicos de Desarrollo y proyectos de inversión de sectores estratégicos en la provincia de la Rioja y con alcance federal.  Considerando que los importantes avances que ha tenido la ejecución del Programa en el 2021 permitirán compensar los desvíos del primer año de elegibilidad, se recomienda la reclasificación de la operación a ""alerta"". Para mayores detalles, ver el documento adjunto.  ",4/6/2022 18:44,6/15/2026 23:04,6/15/2026 23:04,PMI_COO,Validated by Chief of Operations,Validado por los Jefes de Operaciones,Validado pelo(a) Chefe de Operações,Validé par le Chef des opérations
IFD,IFD/FMM,42,PE-L1239,Progress Monitoring Report March Validation Workflow,223717,Rejected,ecambiasso,Chief of Operations,569685,Approved-PMI_COO,Satisfactory,,4/3/2023 12:06,6/15/2026 23:04,6/15/2026 23:04,PMI_COO,Validated by Chief of Operations,Validado por los Jefes de Operaciones,Validado pelo(a) Chefe de Operações,Validé par le Chef des opérations
IFD,IFD/FMM,49,BR-L1501,Progress Monitoring Report September Validation Workflow,305563,Approved-PMI_COO,PAOLAA,Chief of Operations,829504,Approved-PMI_COO,Satisfactory,,10/4/2024 14:58,6/15/2026 23:04,6/15/2026 23:04,PMI_COO,Validated by Chief of Operations,Validado por los Jefes de Operaciones,Validado pelo(a) Chefe de Operações,Validé par le Chef des opérations
IFD,IFD/FMM,49,PN-L1161,Progress Monitoring Report September Validation Workflow,306578,Approved-PMI_COO,UBALDOG,Team Leader,832679,Approved-PMI_TL,Problem,,10/4/2024 14:03,6/15/2026 23:04,6/15/2026 23:04,PMI_TL,Completed by Team Leader,Completado por el Líder de Equipo,Completado pelo(a) Líder de Equipe,Complété par le Chef d’équipe
IFD,IFD/FMM,38,AR-L1248,Progress Monitoring Report March Validation Workflow,174749,Approved,emiliopi,Division Chief,420222,Approved-PMI_DC,Satisfactory,,4/19/2022 14:14,6/15/2026 23:04,6/15/2026 23:04,PMI_DC,Validated by Division Chief,Validada por el Jefe de División,Validado pelo(a) Chefe de Divisão,Validé par le Chef de Division
IFD,IFD/FMM,37,BR-L1516,Progress Monitoring Report September Validation Workflow,152106,Approved-PMI_COO,PAOLAA,Chief of Operations,350046,Approved-PMI_COO,Problem,,10/19/2021 11:34,6/15/2026 23:04,6/15/2026 23:04,PMI_COO,Validated by Chief of Operations,Validado por los Jefes de Operaciones,Validado pelo(a) Chefe de Operações,Validé par le Chef des opérations
IFD,IFD/FMM,37,BR-L1527,PMR Cycle & Startup Plan validation,152108,Approved,PAOLAA,Representative,356970,Approved-PMI_CR,Problem,,10/26/2021 9:07,6/15/2026 23:04,6/15/2026 23:04,PMI_CR,Validated by Representative,Validada por el Representante de País,Validado pelo(a) Representante do País,Validé par le Représentant de pays
IFD,IFD/FMM,42,BR-L1501,Progress Monitoring Report March Validation Workflow,223545,Approved,mmacdowell,Team Leader,569203,Approved-PMI_TL,Satisfactory,,3/27/2023 19:00,6/15/2026 23:04,6/15/2026 23:04,PMI_TL,Completed by Team Leader,Completado por el Líder de Equipo,Completado pelo(a) Líder de Equipe,Complété par le Chef d’équipe
IFD,IFD/FMM,29,BR-L1511,Progress Monitoring Report March Validation Workflow,84021,Approved,anapa,Team Leader,180433,Approved-PMI_TL,Satisfactory,,3/22/2019 19:33,6/15/2026 23:04,6/15/2026 23:04,PMI_TL,Completed by Team Leader,Completado por el Líder de Equipo,Completado pelo(a) Líder de Equipe,Complété par le Chef d’équipe
IFD,IFD/FMM,29,BR-L1511,Progress Monitoring Report March Validation Workflow,84021,Approved,vicentef,Division Chief,182101,Approved-PMI_DC,Satisfactory,,3/28/2019 13:41,6/15/2026 23:04,6/15/2026 23:04,PMI_DC,Validated by Division Chief,Validada por el Jefe de División,Validado pelo(a) Chefe de Divisão,Validé par le Chef de Division
IFD,IFD/FMM,54,BR-L1517,Progress Monitoring Report March Validation Workflow,398433,Approved,YUDYB,Chief of Operations,1121981,Approved-PMI_COO,Satisfactory,,4/17/2026 9:24,6/15/2026 23:04,6/15/2026 23:04,PMI_COO,Validated by Chief of Operations,Validado por los Jefes de Operaciones,Validado pelo(a) Chefe de Operações,Validé par le Chef des opérations
IFD,IFD/FMM,54,BR-L1592,Progress Monitoring Report March Validation Workflow,398438,Approved,ANNETTEK,Representative,1135171,Approved-PMI_CR,Satisfactory,,5/15/2026 18:05,6/15/2026 23:04,6/15/2026 23:04,PMI_CR,Validated by Representative,Validada por el Representante de País,Validado pelo(a) Representante do País,Validé par le Représentant de pays
IFD,IFD/FMM,44,BR-L1550,PMR Cycle & Startup Plan validation,250673,Approved,PAOLAA,Chief of Operations,658717,Approved-PMI_COO,Problem,,10/20/2023 18:21,6/15/2026 23:04,6/15/2026 23:04,PMI_COO,Validated by Chief of Operations,Validado por los Jefes de Operaciones,Validado pelo(a) Chefe de Operações,Validé par le Chef des opérations
IFD,IFD/FMM,38,CO-L1164,Progress Monitoring Report March Validation Workflow,177021,Aprobado,kelvins,Representative,423411,Approved-PMI_CR,Alert,,4/19/2022 15:00,6/15/2026 23:04,6/15/2026 23:04,PMI_CR,Validated by Representative,Validada por el Representante de País,Validado pelo(a) Representante do País,Validé par le Représentant de pays
IFD,IFD/FMM,40,PE-L1239,Progress Monitoring Report September Validation Workflow,196865,Approved-PMI_COO,ecambiasso,Chief of Operations,487706,Approved-PMI_COO,Alert,,10/17/2022 16:54,6/15/2026 23:04,6/15/2026 23:04,PMI_COO,Validated by Chief of Operations,Validado por los Jefes de Operaciones,Validado pelo(a) Chefe de Operações,Validé par le Chef des opérations
IFD,IFD/FMM,40,BR-L1517,PMR Cycle & Startup Plan validation,198918,Approved,emiliopi,Division Chief,496696,Approved-PMI_DC,Problem,,10/18/2022 17:21,6/15/2026 23:04,6/15/2026 23:04,PMI_DC,Validated by Division Chief,Validada por el Jefe de División,Validado pelo(a) Chefe de Divisão,Validé par le Chef de Division
IFD,IFD/FMM,50,PR-L1150,Progress Monitoring Report March Validation Workflow,334944,Approved,olorarocha,Team Leader,919730,Approved-PMI_TL,Satisfactory,,3/31/2025 13:40,6/15/2026 23:04,6/15/2026 23:04,PMI_TL,Completed by Team Leader,Completado por el Líder de Equipo,Completado pelo(a) Líder de Equipe,Complété par le Chef d’équipe
IFD,IFD/FMM,50,PR-L1192,Progress Monitoring Report March Validation Workflow,334946,Approved,olorarocha,Team Leader,919734,Approved-PMI_TL,Satisfactory,,3/31/2025 13:42,6/15/2026 23:04,6/15/2026 23:04,PMI_TL,Completed by Team Leader,Completado por el Líder de Equipo,Completado pelo(a) Líder de Equipe,Complété par le Chef d’équipe
IFD,IFD/FMM,50,PR-L1192,Progress Monitoring Report March Validation Workflow,334946,Approved,mruizarranz,Division Chief,922282,Approved-PMI_DC,Satisfactory,,4/30/2025 9:10,6/15/2026 23:04,6/15/2026 23:04,PMI_DC,Validated by Division Chief,Validada por el Jefe de División,Validado pelo(a) Chefe de Divisão,Validé par le Chef de Division
IFD,IFD/FMM,50,BR-L1377,Progress Monitoring Report March Validation Workflow,335670,Approved,PAOLAA,Representative,933842,Approved-PMI_CR,Satisfactory,,4/30/2025 15:31,6/15/2026 23:04,6/15/2026 23:04,PMI_CR,Validated by Representative,Validada por el Representante de País,Validado pelo(a) Representante do País,Validé par le Représentant de pays
IFD,IFD/FMM,50,AR-L1285,Progress Monitoring Report March Validation Workflow,334753,Aprobado,jgomezreino,Team Leader,919227,Approved-PMI_TL,Satisfactory,,3/28/2025 16:25,6/15/2026 23:04,6/15/2026 23:04,PMI_TL,Completed by Team Leader,Completado por el Líder de Equipo,Completado pelo(a) Líder de Equipe,Complété par le Chef d’équipe
IFD,IFD/FMM,50,AR-L1285,Progress Monitoring Report March Validation Workflow,334753,Aprobado,mruizarranz,Division Chief,927417,Approved-PMI_DC,Satisfactory,,4/30/2025 9:09,6/15/2026 23:04,6/15/2026 23:04,PMI_DC,Validated by Division Chief,Validada por el Jefe de División,Validado pelo(a) Chefe de Divisão,Validé par le Chef de Division
IFD,IFD/FMM,50,AR-L1285,Progress Monitoring Report March Validation Workflow,334753,Aprobado,SOFIAD,Representative,933837,Approved-PMI_CR,Satisfactory,,5/14/2025 10:27,6/15/2026 23:04,6/15/2026 23:04,PMI_CR,Validated by Representative,Validada por el Representante de País,Validado pelo(a) Representante do País,Validé par le Représentant de pays
IFD,IFD/FMM,54,BR-L1511,Progress Monitoring Report March Validation Workflow,398565,Approved,YUDYB,Chief of Operations,1122501,Approved-PMI_COO,Satisfactory,,4/8/2026 22:11,6/15/2026 23:04,6/15/2026 23:04,PMI_COO,Validated by Chief of Operations,Validado por los Jefes de Operaciones,Validado pelo(a) Chefe de Operações,Validé par le Chef des opérations
IFD,IFD/FMM,54,BR-L1511,Progress Monitoring Report March Validation Workflow,398565,Approved,ANNETTEK,Representative,1135064,Approved-PMI_CR,Satisfactory,,5/15/2026 18:04,6/15/2026 23:04,6/15/2026 23:04,PMI_CR,Validated by Representative,Validada por el Representante de País,Validado pelo(a) Representante do País,Validé par le Représentant de pays
IFD,IFD/FMM,54,BR-L1550,Progress Monitoring Report March Validation Workflow,398569,Approved,RMOTTACAFE,Team Leader,1122552,Approved-PMI_TL,Satisfactory,,3/30/2026 13:02,6/15/2026 23:04,6/15/2026 23:04,PMI_TL,Completed by Team Leader,Completado por el Líder de Equipo,Completado pelo(a) Líder de Equipe,Complété par le Chef d’équipe
IFD,IFD/FMM,54,BR-L1643,Progress Monitoring Report March Validation Workflow,398570,Approved,RMOTTACAFE,Team Leader,1122554,Approved-PMI_TL,Satisfactory,,3/30/2026 13:04,6/15/2026 23:04,6/15/2026 23:04,PMI_TL,Completed by Team Leader,Completado por el Líder de Equipo,Completado pelo(a) Líder de Equipe,Complété par le Chef d’équipe
IFD,IFD/FMM,53,BR-L1535,Progress Monitoring Report September Validation Workflow,361958,Approved-PMI_COO,PAOLAA,Chief of Operations,1007126,Approved-PMI_COO,Problem,,10/17/2025 17:32,6/15/2026 23:04,6/15/2026 23:04,PMI_COO,Validated by Chief of Operations,Validado por los Jefes de Operaciones,Validado pelo(a) Chefe de Operações,Validé par le Chef des opérations
IFD,IFD/FMM,53,BR-L1592,PMR Cycle & Startup Plan validation,361960,Rejected,ANDREMA,Team Leader,1007129,Approved-PMI_TL,Problem,,9/26/2025 17:15,6/15/2026 23:04,6/15/2026 23:04,PMI_TL,Completed by Team Leader,Completado por el Líder de Equipo,Completado pelo(a) Líder de Equipe,Complété par le Chef d’équipe
IFD,IFD/FMM,53,BR-L1517,Progress Monitoring Report September Validation Workflow,361962,Approved-PMI_COO,PAOLAA,Chief of Operations,1007134,Approved-PMI_COO,Satisfactory,,10/15/2025 18:55,6/15/2026 23:04,6/15/2026 23:04,PMI_COO,Validated by Chief of Operations,Validado por los Jefes de Operaciones,Validado pelo(a) Chefe de Operações,Validé par le Chef des opérations
IFD,IFD/FMM,54,BR-L1516,Progress Monitoring Report March Validation Workflow,398468,Approved,mmacdowell,Team Leader,1122087,Approved-PMI_TL,Satisfactory,,3/27/2026 19:45,6/15/2026 23:04,6/15/2026 23:04,PMI_TL,Completed by Team Leader,Completado por el Líder de Equipo,Completado pelo(a) Líder de Equipe,Complété par le Chef d’équipe
IFD,IFD/FMM,54,BR-L1534,Progress Monitoring Report March Validation Workflow,398470,Approved,susanar,Division Chief,1127430,Approved-PMI_DC,Satisfactory,,4/22/2026 11:57,6/15/2026 23:04,6/15/2026 23:04,PMI_DC,Validated by Division Chief,Validada por el Jefe de División,Validado pelo(a) Chefe de Divisão,Validé par le Chef de Division
IFD,IFD/FMM,54,BR-L1534,Progress Monitoring Report March Validation Workflow,398470,Approved,ANNETTEK,Representative,1135146,Approved-PMI_CR,Satisfactory,,5/15/2026 18:05,6/15/2026 23:04,6/15/2026 23:04,PMI_CR,Validated by Representative,Validada por el Representante de País,Validado pelo(a) Representante do País,Validé par le Représentant de pays
IFD,IFD/FMM,54,EC-L1251,Progress Monitoring Report March Validation Workflow,399406,Approved,ignezt,Representative,1139527,Approved-PMI_CR,Satisfactory,,5/14/2026 22:58,6/15/2026 23:04,6/15/2026 23:04,PMI_CR,Validated by Representative,Validada por el Representante de País,Validado pelo(a) Representante do País,Validé par le Représentant de pays
IFD,IFD/FMM,54,EC-L1253,Progress Monitoring Report March Validation Workflow,406579,Approved,VinicioR,Chief of Operations,1151178,Approved-PMI_COO,Alert,,5/15/2026 17:31,6/15/2026 23:04,6/15/2026 23:04,PMI_COO,Validated by Chief of Operations,Validado por los Jefes de Operaciones,Validado pelo(a) Chefe de Operações,Validé par le Chef des opérations
IFD,IFD/FMM,34,EC-L1251,PMR Cycle & Startup Plan validation,114096,Rejected,UBALDOG,Team Leader,237351,Approved-PMI_TL,Satisfactory,,10/22/2020 17:35,6/15/2026 23:04,6/15/2026 23:04,PMI_TL,Completed by Team Leader,Completado por el Líder de Equipo,Completado pelo(a) Líder de Equipe,Complété par le Chef d’équipe
IFD,IFD/FMM,34,PR-L1150,Progress Monitoring Report September Validation Workflow,112567,Approved-PMI_COO,AXELRADICS,Team Leader,232518,Approved-PMI_TL,Alert,,10/12/2020 15:57,6/15/2026 23:04,6/15/2026 23:04,PMI_TL,Completed by Team Leader,Completado por el Líder de Equipo,Completado pelo(a) Líder de Equipe,Complété par le Chef d’équipe
IFD,IFD/FMM,45,UR-L1164,PMR Cycle & Startup Plan validation,287764,Approved,FERNANDOCU,Chief of Operations,770807,Approved-PMI_COO,Satisfactory,,5/22/2024 8:46,6/15/2026 23:04,6/15/2026 23:04,PMI_COO,Validated by Chief of Operations,Validado por los Jefes de Operaciones,Validado pelo(a) Chefe de Operações,Validé par le Chef des opérations
IFD,IFD/FMM,45,EC-L1230,Progress Monitoring Report March Validation Workflow,282373,Approved,VinicioR,Chief of Operations,754505,Approved-PMI_COO,Problem,,4/22/2024 15:53,6/15/2026 23:04,6/15/2026 23:04,PMI_COO,Validated by Chief of Operations,Validado por los Jefes de Operaciones,Validado pelo(a) Chefe de Operações,Validé par le Chef des opérations
IFD,IFD/FMM,45,CO-L1164,Progress Monitoring Report March Validation Workflow,284719,Aprobado,kelvins,Chief of Operations,762982,Approved-PMI_COO,Satisfactory,,5/7/2024 13:58,6/15/2026 23:04,6/15/2026 23:04,PMI_COO,Validated by Chief of Operations,Validado por los Jefes de Operaciones,Validado pelo(a) Chefe de Operações,Validé par le Chef des opérations
IFD,IFD/FMM,50,PN-L1172,Progress Monitoring Report March Validation Workflow,335189,Aprobado,UBALDOG,Team Leader,920371,Approved-PMI_TL,Alert,,4/1/2025 13:10,6/15/2026 23:04,6/15/2026 23:04,PMI_TL,Completed by Team Leader,Completado por el Líder de Equipo,Completado pelo(a) Líder de Equipe,Complété par le Chef d’équipe
IFD,IFD/FMM,50,UR-L1193,Progress Monitoring Report March Validation Workflow,335190,Approved,SERGIOCI,Team Leader,920375,Approved-PMI_TL,Satisfactory,,4/1/2025 13:10,6/15/2026 23:04,6/15/2026 23:04,PMI_TL,Completed by Team Leader,Completado por el Líder de Equipo,Completado pelo(a) Líder de Equipe,Complété par le Chef d’équipe
IFD,IFD/FMM,49,UR-L1193,PMR Cycle & Startup Plan validation,310948,Approved,FERNANDOCU,Chief of Operations,847627,Approved-PMI_COO,Problem,,11/4/2024 9:25,6/15/2026 23:04,6/15/2026 23:04,PMI_COO,Validated by Chief of Operations,Validado por los Jefes de Operaciones,Validado pelo(a) Chefe de Operações,Validé par le Chef des opérations
IFD,IFD/FMM,53,BR-L1599,Progress Monitoring Report September Validation Workflow,363088,Approved-PMI_COO,PAOLAA,Chief of Operations,1010627,Approved-PMI_COO,Satisfactory,,10/15/2025 18:56,6/15/2026 23:04,6/15/2026 23:04,PMI_COO,Validated by Chief of Operations,Validado por los Jefes de Operaciones,Validado pelo(a) Chefe de Operações,Validé par le Chef des opérations
IFD,IFD/FMM,45,PE-L1266,Progress Monitoring Report March Validation Workflow,280086,Approved,ecambiasso,Representative,759166,Approved-PMI_CR,Satisfactory,,5/2/2024 11:37,6/15/2026 23:04,6/15/2026 23:04,PMI_CR,Validated by Representative,Validada por el Representante de País,Validado pelo(a) Representante do País,Validé par le Représentant de pays
IFD,IFD/FMM,45,BR-L1533,Progress Monitoring Report March Validation Workflow,280188,Approved,marianac,Division Chief,758376,Approved-PMI_DC,Satisfactory,,4/29/2024 11:32,6/15/2026 23:04,6/15/2026 23:04,PMI_DC,Validated by Division Chief,Validada por el Jefe de División,Validado pelo(a) Chefe de Divisão,Validé par le Chef de Division
IFD,IFD/FMM,35,UR-L1111,Progress Monitoring Report March Validation Workflow,133117,Approved,emiliopi,Division Chief,292246,Approved-PMI_DC,Satisfactory,,4/8/2021 16:59,6/15/2026 23:04,6/15/2026 23:04,PMI_DC,Validated by Division Chief,Validada por el Jefe de División,Validado pelo(a) Chefe de Divisão,Validé par le Chef de Division
IFD,IFD/FMM,40,BR-L1517,PMR Cycle & Startup Plan validation,197092,Rejected,anapa,Team Leader,488307,Approved-PMI_TL,Problem,,9/30/2022 17:27,6/15/2026 23:04,6/15/2026 23:04,PMI_TL,Completed by Team Leader,Completado por el Líder de Equipo,Completado pelo(a) Líder de Equipe,Complété par le Chef d’équipe
IFD,IFD/FMM,26,PE-L1231,Progress Monitoring Report March Validation Workflow,65743,Approved,vcaro,Representative,144475,Approved-PMI_CR,SATISFACTORY,,4/19/2018 14:41,6/15/2026 23:04,6/15/2026 23:04,PMI_CR,Validated by Representative,Validada por el Representante de País,Validado pelo(a) Representante do País,Validé par le Représentant de pays
IFD,IFD/FMM,32,UR-L1111,Progress Monitoring Report March Validation Workflow,103711,Approved,marianac,Division Chief,214002,Approved-PMI_DC,Satisfactory,,4/10/2020 11:43,6/15/2026 23:04,6/15/2026 23:04,PMI_DC,Validated by Division Chief,Validada por el Jefe de División,Validado pelo(a) Chefe de Divisão,Validé par le Chef de Division
IFD,IFD/FMM,54,UR-L1164,Progress Monitoring Report March Validation Workflow,400287,Aprobado,SERGIOCI,Team Leader,1128175,Approved-PMI_TL,Problem,,4/9/2026 19:53,6/15/2026 23:04,6/15/2026 23:04,PMI_TL,Completed by Team Leader,Completado por el Líder de Equipo,Completado pelo(a) Líder de Equipe,Complété par le Chef d’équipe
IFD,IFD/FMM,54,AR-L1285,Progress Monitoring Report March Validation Workflow,399473,Approved,lfvera,Chief of Operations,1125162,Approved-PMI_COO,Problem,,4/14/2026 15:37,6/15/2026 23:04,6/15/2026 23:04,PMI_COO,Validated by Chief of Operations,Validado por los Jefes de Operaciones,Validado pelo(a) Chefe de Operações,Validé par le Chef des opérations
IFD,IFD/FMM,53,PE-L1288,Progress Monitoring Report September Validation Workflow,362605,Approved-PMI_COO,ecambiasso,Chief of Operations,1009048,Approved-PMI_COO,N/A,,10/7/2025 16:03,6/15/2026 23:04,6/15/2026 23:04,PMI_COO,Validated by Chief of Operations,Validado por los Jefes de Operaciones,Validado pelo(a) Chefe de Operações,Validé par le Chef des opérations
IFD,IFD/FMM,54,PE-L1266,Progress Monitoring Report March Validation Workflow,400443,Approved,MartinA,Team Leader,1128708,Approved-PMI_TL,Satisfactory,,4/10/2026 16:22,6/15/2026 23:04,6/15/2026 23:04,PMI_TL,Completed by Team Leader,Completado por el Líder de Equipo,Completado pelo(a) Líder de Equipe,Complété par le Chef d’équipe
IFD,IFD/FMM,54,BR-L1629,Progress Monitoring Report March Validation Workflow,398474,Approved,mmacdowell,Team Leader,1122099,Approved-PMI_TL,Satisfactory,,3/27/2026 19:57,6/15/2026 23:04,6/15/2026 23:04,PMI_TL,Completed by Team Leader,Completado por el Líder de Equipo,Completado pelo(a) Líder de Equipe,Complété par le Chef d’équipe
IFD,IFD/FMM,32,BR-L1511,PMR Cycle & Startup Plan validation,103257,Approved,paolaa,Chief of Operations,212333,Approved-PMI_COO,Satisfactory,"Validado. Sugerencia: dado que es el PMR Startup Plan, sería recomendable revisar y validar los indicadores CRF con la División.",3/26/2020 11:09,6/15/2026 23:04,6/15/2026 23:04,PMI_COO,Validated by Chief of Operations,Validado por los Jefes de Operaciones,Validado pelo(a) Chefe de Operações,Validé par le Chef des opérations
IFD,IFD/FMM,35,CO-L1245,Progress Monitoring Report March Validation Workflow,132960,Aprobado,emiliopi,Division Chief,296625,Approved-PMI_DC,Satisfactory,,4/22/2021 9:35,6/15/2026 23:04,6/15/2026 23:04,PMI_DC,Validated by Division Chief,Validada por el Jefe de División,Validado pelo(a) Chefe de Divisão,Validé par le Chef de Division
IFD,IFD/FMM,35,CO-L1164,Progress Monitoring Report March Validation Workflow,134548,Approved,emiliopi,Division Chief,297465,Approved-PMI_DC,SATISFACTORY,,4/22/2021 15:37,6/15/2026 23:04,6/15/2026 23:04,PMI_DC,Validated by Division Chief,Validada por el Jefe de División,Validado pelo(a) Chefe de Divisão,Validé par le Chef de Division
IFD,IFD/FMM,53,BR-L1599,Progress Monitoring Report September Validation Workflow,363088,Approved-PMI_COO,mmacdowell,Team Leader,1010626,Approved-PMI_TL,Satisfactory,,10/2/2025 13:51,6/15/2026 23:04,6/15/2026 23:04,PMI_TL,Completed by Team Leader,Completado por el Líder de Equipo,Completado pelo(a) Líder de Equipe,Complété par le Chef d’équipe
IFD,IFD/FMM,25,AR-L1248,Progress Monitoring Report September Validation Workflow,56114,Approved,sergiori,Chief of Operations,124957,Approved-PMI_COO,,,10/12/2017 9:56,6/15/2026 23:04,6/15/2026 23:04,PMI_COO,Validated by Chief of Operations,Validado por los Jefes de Operaciones,Validado pelo(a) Chefe de Operações,Validé par le Chef des opérations
IFD,IFD/FMM,29,AR-L1248,Progress Monitoring Report March Validation Workflow,85934,Approved,vivianaa,Representative,184634,Approved-PMI_CR,SATISFACTORY,,4/25/2019 15:26,6/15/2026 23:04,6/15/2026 23:04,PMI_CR,Validated by Representative,Validada por el Representante de País,Validado pelo(a) Representante do País,Validé par le Représentant de pays
IFD,IFD/FMM,32,PR-L1150,Progress Monitoring Report March Validation Workflow,103323,Approved,axelradics,Team Leader,212454,Approved-PMI_TL,Satisfactory,,3/20/2020 17:13,6/15/2026 23:04,6/15/2026 23:04,PMI_TL,Completed by Team Leader,Completado por el Líder de Equipo,Completado pelo(a) Líder de Equipe,Complété par le Chef d’équipe
IFD,IFD/FMM,38,BR-L1511,Progress Monitoring Report March Validation Workflow,174560,Approved,emiliopi,Division Chief,423840,Approved-PMI_DC,SATISFACTORY,,4/19/2022 14:18,6/15/2026 23:04,6/15/2026 23:04,PMI_DC,Validated by Division Chief,Validada por el Jefe de División,Validado pelo(a) Chefe de Divisão,Validé par le Chef de Division
IFD,IFD/FMM,42,PN-L1172,Progress Monitoring Report March Validation Workflow,225482,Approved,emiliopi,Division Chief,576943,Approved-PMI_DC,Satisfactory,,4/18/2023 14:38,6/15/2026 23:04,6/15/2026 23:04,PMI_DC,Validated by Division Chief,Validada por el Jefe de División,Validado pelo(a) Chefe de Divisão,Validé par le Chef de Division
IFD,IFD/FMM,35,BR-L1377,Progress Monitoring Report March Validation Workflow,132619,Approved,mmacdowell,Team Leader,290600,Approved-PMI_TL,Satisfactory,,3/30/2021 13:25,6/15/2026 23:04,6/15/2026 23:04,PMI_TL,Completed by Team Leader,Completado por el Líder de Equipo,Completado pelo(a) Líder de Equipe,Complété par le Chef d’équipe
IFD,IFD/FMM,40,CO-L1245,Progress Monitoring Report September Validation Workflow,197011,Approved-PMI_COO,kelvins,Chief of Operations,488085,Approved-PMI_COO,Problem,,10/14/2022 14:09,6/15/2026 23:04,6/15/2026 23:04,PMI_COO,Validated by Chief of Operations,Validado por los Jefes de Operaciones,Validado pelo(a) Chefe de Operações,Validé par le Chef des opérations
IFD,IFD/FMM,42,EC-L1251,Progress Monitoring Report March Validation Workflow,224304,Aprobado,UBALDOG,Team Leader,571493,Approved-PMI_TL,Problem,,3/31/2023 11:20,6/15/2026 23:04,6/15/2026 23:04,PMI_TL,Completed by Team Leader,Completado por el Líder de Equipo,Completado pelo(a) Líder de Equipe,Complété par le Chef d’équipe
IFD,IFD/FMM,40,EC-L1230,Progress Monitoring Report September Validation Workflow,197100,Approved-PMI_COO,AdrianaLV,Chief of Operations,488325,Approved-PMI_COO,Problem,,10/11/2022 13:02,6/15/2026 23:04,6/15/2026 23:04,PMI_COO,Validated by Chief of Operations,Validado por los Jefes de Operaciones,Validado pelo(a) Chefe de Operações,Validé par le Chef des opérations
IFD,IFD/FMM,25,UR-L1111,PMR Startup Plan Validation,59287,Approved,morgand,Representative,132544,Approved-PMI_CR,,,1/8/2018 14:56,6/15/2026 23:04,6/15/2026 23:04,PMI_CR,Validated by Representative,Validada por el Representante de País,Validado pelo(a) Representante do País,Validé par le Représentant de pays
IFD,IFD/FMM,45,UR-L1193,Progress Monitoring Report March Validation Workflow,282354,Rejected,FERNANDOCU,Chief of Operations,754433,Rejected,Satisfactory,Por favor ajustar los valores de la matriz de resultados de acuerdo a los requisitos para la carga de información en Convergencia. ,4/26/2024 12:26,6/15/2026 23:04,6/15/2026 23:04,,Rejected,,,
IFD,IFD/FMM,53,PN-L1161,Progress Monitoring Report September Validation Workflow,362006,Approved-PMI_COO,jeant,Chief of Operations,1007276,Approved-PMI_COO,Alert,,10/3/2025 13:11,6/15/2026 23:04,6/15/2026 23:04,PMI_COO,Validated by Chief of Operations,Validado por los Jefes de Operaciones,Validado pelo(a) Chefe de Operações,Validé par le Chef des opérations
IFD,IFD/FMM,50,BR-L1550,Progress Monitoring Report March Validation Workflow,334632,Approved,PAOLAA,Representative,933859,Approved-PMI_CR,Satisfactory,,4/30/2025 15:31,6/15/2026 23:04,6/15/2026 23:04,PMI_CR,Validated by Representative,Validada por el Representante de País,Validado pelo(a) Representante do País,Validé par le Représentant de pays
IFD,IFD/FMM,50,BR-L1592,Progress Monitoring Report March Validation Workflow,334642,Approved,mruizarranz,Division Chief,923073,Approved-PMI_DC,Satisfactory,,4/30/2025 9:10,6/15/2026 23:04,6/15/2026 23:04,PMI_DC,Validated by Division Chief,Validada por el Jefe de División,Validado pelo(a) Chefe de Divisão,Validé par le Chef de Division
IFD,IFD/FMM,50,BR-L1539,Progress Monitoring Report March Validation Workflow,334645,Approved,PAOLAA,Representative,933857,Approved-PMI_CR,Satisfactory,,4/30/2025 15:31,6/15/2026 23:04,6/15/2026 23:04,PMI_CR,Validated by Representative,Validada por el Representante de País,Validado pelo(a) Representante do País,Validé par le Représentant de pays
IFD,IFD/FMM,50,BR-L1513,Progress Monitoring Report March Validation Workflow,334646,Approved,ANDREMA,Team Leader,918927,Approved-PMI_TL,Satisfactory,,3/28/2025 10:49,6/15/2026 23:04,6/15/2026 23:04,PMI_TL,Completed by Team Leader,Completado por el Líder de Equipo,Completado pelo(a) Líder de Equipe,Complété par le Chef d’équipe
IFD,IFD/FMM,53,BR-L1614,Progress Monitoring Report September Validation Workflow,361959,Approved-PMI_COO,ANDREMA,Team Leader,1007127,Approved-PMI_TL,Satisfactory,,9/26/2025 17:13,6/15/2026 23:04,6/15/2026 23:04,PMI_TL,Completed by Team Leader,Completado por el Líder de Equipo,Completado pelo(a) Líder de Equipe,Complété par le Chef d’équipe
IFD,IFD/FMM,54,BR-L1501,Progress Monitoring Report March Validation Workflow,398467,Approved,ANNETTEK,Representative,1135051,Approved-PMI_CR,Satisfactory,,5/15/2026 18:04,6/15/2026 23:04,6/15/2026 23:04,PMI_CR,Validated by Representative,Validada por el Representante de País,Validado pelo(a) Representante do País,Validé par le Représentant de pays
IFD,IFD/FMM,54,BR-L1527,Progress Monitoring Report March Validation Workflow,398469,Approved,susanar,Division Chief,1132439,Approved-PMI_DC,Satisfactory,,4/22/2026 11:37,6/15/2026 23:04,6/15/2026 23:04,PMI_DC,Validated by Division Chief,Validada por el Jefe de División,Validado pelo(a) Chefe de Divisão,Validé par le Chef de Division
IFD,IFD/FMM,42,PE-L1231,Progress Monitoring Report March Validation Workflow,223588,Aprobado,ecambiasso,Representative,582501,Approved-PMI_CR,Satisfactory,,5/10/2023 9:55,6/15/2026 23:04,6/15/2026 23:04,PMI_CR,Validated by Representative,Validada por el Representante de País,Validado pelo(a) Representante do País,Validé par le Représentant de pays
IFD,IFD/FMM,38,BR-L1533,Progress Monitoring Report March Validation Workflow,174422,Approved,emiliopi,Division Chief,423877,Approved-PMI_DC,Problem,,4/19/2022 14:17,6/15/2026 23:04,6/15/2026 23:04,PMI_DC,Validated by Division Chief,Validada por el Jefe de División,Validado pelo(a) Chefe de Divisão,Validé par le Chef de Division
IFD,IFD/FMM,38,BR-L1525,Progress Monitoring Report March Validation Workflow,174423,Approved,PAOLAA,Representative,424597,Approved-PMI_CR,Problem,,4/19/2022 20:14,6/15/2026 23:04,6/15/2026 23:04,PMI_CR,Validated by Representative,Validada por el Representante de País,Validado pelo(a) Representante do País,Validé par le Représentant de pays
IFD,IFD/FMM,38,PN-L1161,Progress Monitoring Report March Validation Workflow,174927,Approved,emiliopi,Division Chief,415807,Approved-PMI_DC,Satisfactory,,4/13/2022 9:48,6/15/2026 23:04,6/15/2026 23:04,PMI_DC,Validated by Division Chief,Validada por el Jefe de División,Validado pelo(a) Chefe de Divisão,Validé par le Chef de Division
IFD,IFD/FMM,54,BR-L1513,Progress Monitoring Report March Validation Workflow,398432,Approved,ANNETTEK,Representative,1135065,Approved-PMI_CR,Satisfactory,,5/15/2026 18:04,6/15/2026 23:04,6/15/2026 23:04,PMI_CR,Validated by Representative,Validada por el Representante de País,Validado pelo(a) Representante do País,Validé par le Représentant de pays
IFD,IFD/FMM,54,UR-L1193,Progress Monitoring Report March Validation Workflow,398886,Aprobado,LGRODRIGUEZ,Chief of Operations,1123522,Approved-PMI_COO,Satisfactory,"Sale en satisfactorio para 2025. Para 2026, tiene que lograr las metas del año para los productos para continuar en satisfactorio: - Módulos del SIIF implementados; - Sistema de gestión humana del estado (GRP.uy RRHH) implementado; - GRP.uy (gestión administrativa y financiera), actualizado; - Sistema GRP.uy implementado en las unidades ejecutoras; - Módulos del sistema implementados. Se sugiere hacer seguimiento de estos hitos y su planificación en revisión de cartera. ",4/10/2026 11:30,6/15/2026 23:04,6/15/2026 23:04,PMI_COO,Validated by Chief of Operations,Validado por los Jefes de Operaciones,Validado pelo(a) Chefe de Operações,Validé par le Chef des opérations
IFD,IFD/FMM,54,UR-L1164,Progress Monitoring Report March Validation Workflow,400287,Aprobado,LGRODRIGUEZ,Representative,1139558,Approved-PMI_CR,ALERT,,5/12/2026 10:24,6/15/2026 23:04,6/15/2026 23:04,PMI_CR,Validated by Representative,Validada por el Representante de País,Validado pelo(a) Representante do País,Validé par le Représentant de pays
IFD,IFD/FMM,54,ME-L1309,Progress Monitoring Report March Validation Workflow,400787,Approved,andresmu,Team Leader,1129839,Approved-PMI_TL,Satisfactory,,4/14/2026 11:56,6/15/2026 23:04,6/15/2026 23:04,PMI_TL,Completed by Team Leader,Completado por el Líder de Equipo,Completado pelo(a) Líder de Equipe,Complété par le Chef d’équipe
IFD,IFD/FMM,40,PE-L1231,Progress Monitoring Report September Validation Workflow,196954,Approved-PMI_COO,AXELRADICS,Team Leader,487937,Approved-PMI_TL,Satisfactory,,9/30/2022 12:55,6/15/2026 23:04,6/15/2026 23:04,PMI_TL,Completed by Team Leader,Completado por el Líder de Equipo,Completado pelo(a) Líder de Equipe,Complété par le Chef d’équipe
IFD,IFD/FMM,32,BR-L1516,Progress Monitoring Report March Validation Workflow,103128,Approved,paolaa,Chief of Operations,212108,Approved-PMI_COO,Satisfactory,,3/26/2020 16:42,6/15/2026 23:04,6/15/2026 23:04,PMI_COO,Validated by Chief of Operations,Validado por los Jefes de Operaciones,Validado pelo(a) Chefe de Operações,Validé par le Chef des opérations
IFD,IFD/FMM,25,UR-L1111,Progress Monitoring Report September Validation Workflow,56552,Approved,miguelt,Chief of Operations,125917,Approved-PMI_COO,,,10/9/2017 16:41,6/15/2026 23:04,6/15/2026 23:04,PMI_COO,Validated by Chief of Operations,Validado por los Jefes de Operaciones,Validado pelo(a) Chefe de Operações,Validé par le Chef des opérations
IFD,IFD/FMM,50,BR-L1501,Progress Monitoring Report March Validation Workflow,334841,Approved,mmacdowell,Team Leader,919455,Approved-PMI_TL,Satisfactory,,3/31/2025 9:01,6/15/2026 23:04,6/15/2026 23:04,PMI_TL,Completed by Team Leader,Completado por el Líder de Equipo,Completado pelo(a) Líder de Equipe,Complété par le Chef d’équipe
IFD,IFD/FMM,50,BR-L1516,Progress Monitoring Report March Validation Workflow,334842,Approved,PAOLAA,Chief of Operations,919458,Approved-PMI_COO,Satisfactory,,4/4/2025 15:13,6/15/2026 23:04,6/15/2026 23:04,PMI_COO,Validated by Chief of Operations,Validado por los Jefes de Operaciones,Validado pelo(a) Chefe de Operações,Validé par le Chef des opérations
IFD,IFD/FMM,53,BR-L1599,Progress Monitoring Report September Validation Workflow,362166,Rejected,mmacdowell,Team Leader,1007745,Approved-PMI_TL,Satisfactory,,9/29/2025 15:25,6/15/2026 23:04,6/15/2026 23:04,PMI_TL,Completed by Team Leader,Completado por el Líder de Equipo,Completado pelo(a) Líder de Equipe,Complété par le Chef d’équipe
IFD,IFD/FMM,53,UR-L1164,Progress Monitoring Report September Validation Workflow,362147,Approved-PMI_COO,rlima,Chief of Operations,1007705,Approved-PMI_COO,Problem,,10/6/2025 15:43,6/15/2026 23:04,6/15/2026 23:04,PMI_COO,Validated by Chief of Operations,Validado por los Jefes de Operaciones,Validado pelo(a) Chefe de Operações,Validé par le Chef des opérations
IFD,IFD/FMM,54,PE-L1278,Progress Monitoring Report March Validation Workflow,399561,Approved,MartinA,Team Leader,1125451,Approved-PMI_TL,Satisfactory,,4/6/2026 14:25,6/15/2026 23:04,6/15/2026 23:04,PMI_TL,Completed by Team Leader,Completado por el Líder de Equipo,Completado pelo(a) Líder de Equipe,Complété par le Chef d’équipe
IFD,IFD/FMM,45,BR-L1534,Progress Monitoring Report March Validation Workflow,280256,Approved,PAOLAA,Chief of Operations,747388,Approved-PMI_COO,Satisfactory,,4/26/2024 9:54,6/15/2026 23:04,6/15/2026 23:04,PMI_COO,Validated by Chief of Operations,Validado por los Jefes de Operaciones,Validado pelo(a) Chefe de Operações,Validé par le Chef des opérations
IFD,IFD/FMM,23,UR-L1111,Progress Monitoring Report March Validation Workflow,47482,Approved,miguelt,Chief of Operations,105857,Approved-PMI_COO,SATISFACTORY,,3/27/2017 16:39,6/15/2026 23:04,6/15/2026 23:04,PMI_COO,Validated by Chief of Operations,Validado por los Jefes de Operaciones,Validado pelo(a) Chefe de Operações,Validé par le Chef des opérations
IFD,IFD/FMM,38,AR-L1248,Progress Monitoring Report March Validation Workflow,174749,Approved,JOSEA,Representative,424584,Approved-PMI_CR,Satisfactory,,5/4/2022 14:23,6/15/2026 23:04,6/15/2026 23:04,PMI_CR,Validated by Representative,Validada por el Representante de País,Validado pelo(a) Representante do País,Validé par le Représentant de pays
IFD,IFD/FMM,42,BR-L1533,Progress Monitoring Report March Validation Workflow,223465,Approved,MORGAND,Representative,582280,Approved-PMI_CR,Satisfactory,,4/25/2023 10:30,6/15/2026 23:04,6/15/2026 23:04,PMI_CR,Validated by Representative,Validada por el Representante de País,Validado pelo(a) Representante do País,Validé par le Représentant de pays
IFD,IFD/FMM,42,BR-L1550,Progress Monitoring Report March Validation Workflow,223474,Approved,PAOLAA,Chief of Operations,569030,Approved-PMI_COO,Satisfactory,,4/22/2023 18:14,6/15/2026 23:04,6/15/2026 23:04,PMI_COO,Validated by Chief of Operations,Validado por los Jefes de Operaciones,Validado pelo(a) Chefe de Operações,Validé par le Chef des opérations
IFD,IFD/FMM,45,CO-L1245,Progress Monitoring Report March Validation Workflow,282292,Aprobado,MONICASC,Team Leader,754204,Approved-PMI_TL,Alert,,4/17/2024 17:43,6/15/2026 23:04,6/15/2026 23:04,PMI_TL,Completed by Team Leader,Completado por el Líder de Equipo,Completado pelo(a) Líder de Equipe,Complété par le Chef d’équipe
IFD,IFD/FMM,49,AR-L1248,Progress Monitoring Report September Validation Workflow,306485,Approved-PMI_COO,DOBARA,Chief of Operations,832413,Approved-PMI_COO,Satisfactory,,10/18/2024 9:51,6/15/2026 23:04,6/15/2026 23:04,PMI_COO,Validated by Chief of Operations,Validado por los Jefes de Operaciones,Validado pelo(a) Chefe de Operações,Validé par le Chef des opérations
IFD,IFD/FMM,44,PN-L1172,PMR Cycle & Startup Plan validation,251624,Approved,GermanZ,Chief of Operations,661903,Approved-PMI_COO,Satisfactory,,10/27/2023 15:30,6/15/2026 23:04,6/15/2026 23:04,PMI_COO,Validated by Chief of Operations,Validado por los Jefes de Operaciones,Validado pelo(a) Chefe de Operações,Validé par le Chef des opérations
IFD,IFD/FMM,49,BL-L1038,Progress Monitoring Report September Validation Workflow,306401,Approved-PMI_COO,JESSICACH,Team Leader,832137,Approved-PMI_TL,Alert,,10/3/2024 15:00,6/15/2026 23:04,6/15/2026 23:04,PMI_TL,Completed by Team Leader,Completado por el Líder de Equipo,Completado pelo(a) Líder de Equipe,Complété par le Chef d’équipe
IFD,IFD/FMM,31,PE-L1239,Progress Monitoring Report September Validation Workflow,93735,Approved-PMI_COO,josel,Team Leader,197116,Approved-PMI_TL,Satisfactory,,10/4/2019 23:21,6/15/2026 23:04,6/15/2026 23:04,PMI_TL,Completed by Team Leader,Completado por el Líder de Equipo,Completado pelo(a) Líder de Equipe,Complété par le Chef d’équipe
IFD,IFD/FMM,38,BR-L1533,Progress Monitoring Report March Validation Workflow,174422,Approved,PATRICIAGB,Team Leader,414452,Approved-PMI_TL,Problem,,3/23/2022 16:25,6/15/2026 23:04,6/15/2026 23:04,PMI_TL,Completed by Team Leader,Completado por el Líder de Equipo,Completado pelo(a) Líder de Equipe,Complété par le Chef d’équipe
IFD,IFD/FMM,38,AR-L1285,Progress Monitoring Report March Validation Workflow,176817,Approved,DOBARA,Chief of Operations,421672,Approved-PMI_COO,ALERT,"Según se observa en la tabla que resume la clasificación del Programa surgida del ejercicio de PMR 2021, los desembolsos acumulados, tras haber transcurrido 21 meses desde la elegibilidad total de la operación, siguen con cierto retraso. Para explicar este desvío es importante destacar que en el periodo 2020-2021 el inicio de la ejecución financiera de la operación, coincidió con el inicio de la pandemia, y se vio postergado asimismo por el tiempo demandado en la formalización de los acuerdos y suscripción de los Convenios entre el Ejecutor y las provincias participantes del programa (que se incrementaron de seis a 18).  Pese a la postergación en el primer período de puesta en marcha de la operación, durante 2021 el programa logró materializar avances sustanciales en la ejecución generando las condiciones propicias para compensar en los siguientes períodos los desvíos en la ejecución física y financiera que en la actualidad arrojan resultados desfavorables en los indicadores evaluados.  Respecto de los avances realizados durante el año 2021, se comenzó con la ejecución de la obra de construcción de la terminal de cargas Puerto Las Palmas, Provincia del Chaco; se avanzó en los procesos de licitación de las obras: reconstrucción sitio N°3 del Puerto Deseado, Provincia de Santa Cruz; Red de Fibra Óptica Troncal Homogénea Multiservicio, Provincia de Río Negro; infraestructura de Parques Industriales - Parque Industrial y de la  Innovación – Posadas, Provincia de Misiones; parque Industrial Puerto Rico, Provincia de Misiones; Nuevo Hospital en la localidad de Villaguay, Provincia de Entre Ríos; y se generaron importantes avances en la formulación de los proyectos de mejoramiento y pavimentación de la Ruta Provincial Nº3, Cañada Ombú – Los Amores, Provincia de Santa Fe; mejoramiento del predio Parque Industrial Formosa, Provincia de Formosa; y reconstrucción y repavimentación de Calzada asfáltica existente de Ruta Provincial N°301, Provincia de Tucumán.  Asimismo, en el marco de las acciones de fortalecimiento de la administración tributaria y sistemas de catastro, durante 2021 se ha avanzado en la formulación y en los procesos de selección del proyecto Reingeniería del Sistema de Administración Tributaria (SIAT) de la Agencia de Recaudación Tributaria de la Provincia de Río Negro; del desarrollo e implementación del Sistema de Folio Real Unificado Digital y Digitalización de Matrículas de Santa Fe; del proyecto de mejora de la administración financiera provincial y actualización tecnológica del SAFyC de Río Negro; y del proyecto de fortalecimiento, integración e interoperabilidad de la Dirección de Catastro y Cartografía, Registro de la Propiedad Inmueble de la Administración Tributaria Provincial de la provincia de Chaco; y en Planes Estratégicos de Desarrollo y proyectos de inversión de sectores estratégicos en la provincia de la Rioja y con alcance federal. Para mayores detalles, ver el documento adjunto.  Considerando que los importantes avances que ha tenido la ejecución del Programa en el 2021 permitirán compensar los desvíos del primer año de elegibilidad, se recomienda la reclasificación de la operación a ""alerta"". ",4/8/2022 11:47,6/15/2026 23:04,6/15/2026 23:04,PMI_COO,Validated by Chief of Operations,Validado por los Jefes de Operaciones,Validado pelo(a) Chefe de Operações,Validé par le Chef des opérations
IFD,IFD/FMM,42,BR-L1527,Progress Monitoring Report March Validation Workflow,223548,Approved,MORGAND,Representative,582279,Approved-PMI_CR,Satisfactory,,4/25/2023 10:30,6/15/2026 23:04,6/15/2026 23:04,PMI_CR,Validated by Representative,Validada por el Representante de País,Validado pelo(a) Representante do País,Validé par le Représentant de pays
IFD,IFD/FMM,42,AR-L1248,Progress Monitoring Report March Validation Workflow,223627,Approved,emiliopi,Division Chief,578431,Approved-PMI_DC,Satisfactory,,4/18/2023 14:31,6/15/2026 23:04,6/15/2026 23:04,PMI_DC,Validated by Division Chief,Validada por el Jefe de División,Validado pelo(a) Chefe de Divisão,Validé par le Chef de Division
IFD,IFD/FMM,45,BL-L1038,Progress Monitoring Report March Validation Workflow,281988,Approved,JulianB,Chief of Operations,752990,Approved-PMI_COO,SATISFACTORY,"The change in automatic classification from Alert to Satisfactory is agreed based on the request of the Team Leader with the following justification: The financial plan for 2023 was not met primarily due to strategic adjustments in the government's execution approach. Initially, the plan included phased acquisitions of computing products across 2025, 2026, and 2027 to enhance the capacity of the MOF data center hardware. However, to address governmental needs, this acquisition schedule was expedited. As a result, the procurement, initially scheduled over multiple years, was consolidated and fast-tracked to be completed in a shorter timeframe. This shift led to unplanned expenditures in 2023. Although the entire payment for these acquisitions was planned for December 2023, procedural delays led to the approval being moved to January, with the complete payment subsequently made on February 16th. This acceleration in procurement and the associated financial disbursements were necessary to meet immediate operational requirements. Although it significantly impacted the financial forecast for 2023, it was essential to ensure the timely enhancement of data center capabilities, supporting critical government functions. Due to this change in approach, the system-generated rating resulted in an Alert Classification for the PMR due to the outlier. However, the change in approach that contributed to this reality was a positive adjustment that will undoubtedly serve the project well. As such, I kindly ask for your review and the COO’s manual performance reclassification to be satisfactory. ",4/17/2024 10:46,6/15/2026 23:04,6/15/2026 23:04,PMI_COO,Validated by Chief of Operations,Validado por los Jefes de Operaciones,Validado pelo(a) Chefe de Operações,Validé par le Chef des opérations
IFD,IFD/FMM,45,BL-L1038,Progress Monitoring Report March Validation Workflow,281988,Approved,marianac,Division Chief,753553,Approved-PMI_DC,SATISFACTORY,,4/23/2024 10:04,6/15/2026 23:04,6/15/2026 23:04,PMI_DC,Validated by Division Chief,Validada por el Jefe de División,Validado pelo(a) Chefe de Divisão,Validé par le Chef de Division
IFD,IFD/FMM,50,BR-L1377,Progress Monitoring Report March Validation Workflow,335670,Approved,mruizarranz,Division Chief,928946,Approved-PMI_DC,Satisfactory,,4/30/2025 9:09,6/15/2026 23:04,6/15/2026 23:04,PMI_DC,Validated by Division Chief,Validada por el Jefe de División,Validado pelo(a) Chefe de Divisão,Validé par le Chef de Division
IFD,IFD/FMM,35,BR-L1525,Progress Monitoring Report March Validation Workflow,132078,Approved,PAOLAA,Representative,293601,Approved-PMI_CR,Alert,,4/8/2021 22:07,6/15/2026 23:04,6/15/2026 23:04,PMI_CR,Validated by Representative,Validada por el Representante de País,Validado pelo(a) Representante do País,Validé par le Représentant de pays
IFD,IFD/FMM,42,SU-L1060,Progress Monitoring Report March Validation Workflow,223758,Approved,LALEJANDROA,Team Leader,569790,Approved-PMI_TL,Satisfactory,,3/28/2023 15:45,6/15/2026 23:04,6/15/2026 23:04,PMI_TL,Completed by Team Leader,Completado por el Líder de Equipo,Completado pelo(a) Líder de Equipe,Complété par le Chef d’équipe
IFD,IFD/FMM,53,BR-L1377,Progress Monitoring Report September Validation Workflow,362198,Rejected,mmacdowell,Team Leader,1007826,Approved-PMI_TL,Satisfactory,,9/29/2025 15:49,6/15/2026 23:04,6/15/2026 23:04,PMI_TL,Completed by Team Leader,Completado por el Líder de Equipo,Completado pelo(a) Líder de Equipe,Complété par le Chef d’équipe
IFD,IFD/FMM,53,BR-L1377,Progress Monitoring Report September Validation Workflow,362198,Rejected,PAOLAA,Chief of Operations,1007827,Rejected,Satisfactory,Por gentileza ajustar conforme solicitado e reenviar.,9/30/2025 13:58,6/15/2026 23:04,6/15/2026 23:04,,Rejected,,,
IFD,IFD/FMM,53,PE-L1278,Progress Monitoring Report September Validation Workflow,362496,Approved-PMI_COO,MartinA,Team Leader,1008745,Approved-PMI_TL,Problem,,9/30/2025 13:59,6/15/2026 23:04,6/15/2026 23:04,PMI_TL,Completed by Team Leader,Completado por el Líder de Equipo,Completado pelo(a) Líder de Equipe,Complété par le Chef d’équipe
IFD,IFD/FMM,53,PE-L1278,Progress Monitoring Report September Validation Workflow,362496,Approved-PMI_COO,ecambiasso,Chief of Operations,1008746,Approved-PMI_COO,Problem,,10/7/2025 16:02,6/15/2026 23:04,6/15/2026 23:04,PMI_COO,Validated by Chief of Operations,Validado por los Jefes de Operaciones,Validado pelo(a) Chefe de Operações,Validé par le Chef des opérations
IFD,IFD/FMM,44,BR-L1533,Progress Monitoring Report September Validation Workflow,249337,Approved-PMI_COO,PAOLAA,Chief of Operations,654660,Approved-PMI_COO,Alert,,10/20/2023 18:01,6/15/2026 23:04,6/15/2026 23:04,PMI_COO,Validated by Chief of Operations,Validado por los Jefes de Operaciones,Validado pelo(a) Chefe de Operações,Validé par le Chef des opérations
IFD,IFD/FMM,44,BR-L1513,Progress Monitoring Report September Validation Workflow,249339,Approved-PMI_COO,PAOLAA,Chief of Operations,654663,Approved-PMI_COO,Satisfactory,,10/20/2023 17:57,6/15/2026 23:04,6/15/2026 23:04,PMI_COO,Validated by Chief of Operations,Validado por los Jefes de Operaciones,Validado pelo(a) Chefe de Operações,Validé par le Chef des opérations
IFD,IFD/FMM,45,UR-L1111,Progress Monitoring Report March Validation Workflow,279553,Cancelled,SERGIOCI,Team Leader,745370,Approved-PMI_TL,Satisfactory,,4/1/2024 16:42,6/15/2026 23:04,6/15/2026 23:04,PMI_TL,Completed by Team Leader,Completado por el Líder de Equipo,Completado pelo(a) Líder de Equipe,Complété par le Chef d’équipe
IFD,IFD/FMM,45,EC-L1253,Progress Monitoring Report March Validation Workflow,282385,Approved,UBALDOG,Team Leader,754577,Approved-PMI_TL,Satisfactory,,4/18/2024 12:19,6/15/2026 23:04,6/15/2026 23:04,PMI_TL,Completed by Team Leader,Completado por el Líder de Equipo,Completado pelo(a) Líder de Equipe,Complété par le Chef d’équipe
IFD,IFD/FMM,45,EC-L1251,Progress Monitoring Report March Validation Workflow,282393,Rejected,UBALDOG,Team Leader,754601,Approved-PMI_TL,Problem,"Por favor, consdieren  modificar la calificación, pues en esta operacion sólo queda en la matriz de resultados una consultoría importante, de 2,4 millones, (y otra pequeñita de 33.000 dólares), y ya está contratada y el contrato en ejecución.   Vale recordar que la parte problemática de esta operación eran los 25 millones de dólares por indemnización de desvinculaciones, los cuales eran inejecutables, y que esa parte de la operación fue cancelada antes del 31 de diciembre de 2023.   ",4/18/2024 12:31,6/15/2026 23:04,6/15/2026 23:04,PMI_TL,Completed by Team Leader,Completado por el Líder de Equipo,Completado pelo(a) Líder de Equipe,Complété par le Chef d’équipe
IFD,IFD/FMM,45,BR-L1377,Progress Monitoring Report March Validation Workflow,283750,Approved,mmacdowell,Team Leader,759564,Approved-PMI_TL,Satisfactory,,4/29/2024 16:39,6/15/2026 23:04,6/15/2026 23:04,PMI_TL,Completed by Team Leader,Completado por el Líder de Equipo,Completado pelo(a) Líder de Equipe,Complété par le Chef d’équipe
IFD,IFD/FMM,45,PE-L1231,Progress Monitoring Report March Validation Workflow,284262,Approved,AXELRADICS,Team Leader,761300,Approved-PMI_TL,Satisfactory,,5/2/2024 13:28,6/15/2026 23:04,6/15/2026 23:04,PMI_TL,Completed by Team Leader,Completado por el Líder de Equipo,Completado pelo(a) Líder de Equipe,Complété par le Chef d’équipe
IFD,IFD/FMM,44,AR-L1248,Progress Monitoring Report September Validation Workflow,249427,Approved-PMI_COO,jgomezreino,Team Leader,654841,Approved-PMI_TL,Satisfactory,,9/29/2023 14:41,6/15/2026 23:04,6/15/2026 23:04,PMI_TL,Completed by Team Leader,Completado por el Líder de Equipo,Completado pelo(a) Líder de Equipe,Complété par le Chef d’équipe
IFD,IFD/FMM,44,UR-L1164,Progress Monitoring Report September Validation Workflow,249431,Approved-PMI_COO,FERNANDOCU,Chief of Operations,654852,Approved-PMI_COO,Satisfactory,,10/4/2023 10:44,6/15/2026 23:04,6/15/2026 23:04,PMI_COO,Validated by Chief of Operations,Validado por los Jefes de Operaciones,Validado pelo(a) Chefe de Operações,Validé par le Chef des opérations
IFD,IFD/FMM,45,PN-L1172,Progress Monitoring Report March Validation Workflow,280087,Approved,GermanZ,Representative,756442,Approved-PMI_CR,Satisfactory,,4/24/2024 11:24,6/15/2026 23:04,6/15/2026 23:04,PMI_CR,Validated by Representative,Validada por el Representante de País,Validado pelo(a) Representante do País,Validé par le Représentant de pays
IFD,IFD/FMM,26,UR-L1111,Progress Monitoring Report March Validation Workflow,65771,Approved,vicentef,Division Chief,144553,Approved-PMI_DC,SATISFACTORY,,3/26/2018 16:44,6/15/2026 23:04,6/15/2026 23:04,PMI_DC,Validated by Division Chief,Validada por el Jefe de División,Validado pelo(a) Chefe de Divisão,Validé par le Chef de Division
IFD,IFD/FMM,40,PE-L1266,PMR Cycle & Startup Plan validation,202474,Aprobado,marianac,Division Chief,507672,Approved-PMI_DC,Problem,,11/9/2022 11:07,6/15/2026 23:04,6/15/2026 23:04,PMI_DC,Validated by Division Chief,Validada por el Jefe de División,Validado pelo(a) Chefe de Divisão,Validé par le Chef de Division
IFD,IFD/FMM,49,BR-L1513,PMR Cycle & Startup Plan validation,305514,Approved,PAOLAA,Chief of Operations,829384,Approved-PMI_COO,Problem,,10/4/2024 14:58,6/15/2026 23:04,6/15/2026 23:04,PMI_COO,Validated by Chief of Operations,Validado por los Jefes de Operaciones,Validado pelo(a) Chefe de Operações,Validé par le Chef des opérations
IFD,IFD/FMM,22,BR-L1377,Progress Monitoring Report September Validation Workflow,37656,Approved,felixp,Chief of Operations,84894,Approved-PMI_COO,,,10/18/2016 17:50,6/15/2026 23:04,6/15/2026 23:04,PMI_COO,Validated by Chief of Operations,Validado por los Jefes de Operaciones,Validado pelo(a) Chefe de Operações,Validé par le Chef des opérations
IFD,IFD/FMM,23,UR-L1111,Progress Monitoring Report March Validation Workflow,47482,Approved,vicentef,Division Chief,106789,Approved-PMI_DC,SATISFACTORY,,4/14/2017 9:38,6/15/2026 23:04,6/15/2026 23:04,PMI_DC,Validated by Division Chief,Validada por el Jefe de División,Validado pelo(a) Chefe de Divisão,Validé par le Chef de Division
IFD,IFD/FMM,44,EC-L1230,Progress Monitoring Report September Validation Workflow,250442,Approved-PMI_COO,UBALDOG,Team Leader,657909,Approved-PMI_TL,Problem,,10/6/2023 9:56,6/15/2026 23:04,6/15/2026 23:04,PMI_TL,Completed by Team Leader,Completado por el Líder de Equipo,Completado pelo(a) Líder de Equipe,Complété par le Chef d’équipe
IFD,IFD/FMM,29,BR-L1377,Progress Monitoring Report March Validation Workflow,83756,Approved,vicentef,Division Chief,182049,Approved-PMI_DC,Satisfactory,,3/28/2019 13:39,6/15/2026 23:04,6/15/2026 23:04,PMI_DC,Validated by Division Chief,Validada por el Jefe de División,Validado pelo(a) Chefe de Divisão,Validé par le Chef de Division
IFD,IFD/FMM,34,PE-L1231,Progress Monitoring Report September Validation Workflow,112566,Approved-PMI_COO,belindap,Team Leader,232513,Approved-PMI_TL,Problem,,10/12/2020 15:45,6/15/2026 23:04,6/15/2026 23:04,PMI_TL,Completed by Team Leader,Completado por el Líder de Equipo,Completado pelo(a) Líder de Equipe,Complété par le Chef d’équipe
IFD,IFD/FMM,45,AR-L1248,Progress Monitoring Report March Validation Workflow,280506,Aprobado,DOBARA,Chief of Operations,748080,Approved-PMI_COO,Satisfactory,,4/16/2024 11:44,6/15/2026 23:04,6/15/2026 23:04,PMI_COO,Validated by Chief of Operations,Validado por los Jefes de Operaciones,Validado pelo(a) Chefe de Operações,Validé par le Chef des opérations
IFD,IFD/FMM,45,AR-L1285,Progress Monitoring Report March Validation Workflow,280507,Aprobado,SOFIAD,Representative,759189,Approved-PMI_CR,Satisfactory,,5/15/2024 9:51,6/15/2026 23:04,6/15/2026 23:04,PMI_CR,Validated by Representative,Validada por el Representante de País,Validado pelo(a) Representante do País,Validé par le Représentant de pays
IFD,IFD/FMM,49,PE-L1266,Progress Monitoring Report September Validation Workflow,306197,Approved-PMI_COO,ecambiasso,Chief of Operations,831465,Approved-PMI_COO,Alert,,10/17/2024 15:34,6/15/2026 23:04,6/15/2026 23:04,PMI_COO,Validated by Chief of Operations,Validado por los Jefes de Operaciones,Validado pelo(a) Chefe de Operações,Validé par le Chef des opérations
IFD,IFD/FMM,38,BR-L1511,Progress Monitoring Report March Validation Workflow,174560,Approved,PAOLAA,Chief of Operations,414821,Approved-PMI_COO,SATISFACTORY,"Entre os PROFISCOS em execução, PROFISCO II MS foi o que mais sofreu com a pandemia. Em 2021, eles avançaram bem, mas o aquecimento do mercado de TI fez com que os provedores não cumprissem seus compromissos de entrega. Tanto que já estão fazendo vários pagamentos represados. Isso aconteceu também no Rio Grande do Sul e no Maranhão, mas no Mato Grosso do Sul o montante relacionado era bem mais expressivo no planejamento financeiro do ano.  Considerando as razões expostas e o plano de execução para 2022, esta Chefia de Operações recomenda requalificar o projeto a ""Satisfatorio"".  ",4/17/2022 19:00,6/15/2026 23:04,6/15/2026 23:04,PMI_COO,Validated by Chief of Operations,Validado por los Jefes de Operaciones,Validado pelo(a) Chefe de Operações,Validé par le Chef des opérations
IFD,IFD/FMM,45,BR-L1513,Progress Monitoring Report March Validation Workflow,280200,Approved,PAOLAA,Chief of Operations,747227,Approved-PMI_COO,Satisfactory,,4/26/2024 8:50,6/15/2026 23:04,6/15/2026 23:04,PMI_COO,Validated by Chief of Operations,Validado por los Jefes de Operaciones,Validado pelo(a) Chefe de Operações,Validé par le Chef des opérations
IFD,IFD/FMM,45,BR-L1592,Progress Monitoring Report March Validation Workflow,280205,Approved,PAOLAA,Chief of Operations,747239,Approved-PMI_COO,Alert,,4/26/2024 8:52,6/15/2026 23:04,6/15/2026 23:04,PMI_COO,Validated by Chief of Operations,Validado por los Jefes de Operaciones,Validado pelo(a) Chefe de Operações,Validé par le Chef des opérations
IFD,IFD/FMM,38,EC-L1251,Progress Monitoring Report March Validation Workflow,179009,Aprobado,AdrianaLV,Representative,431865,Approved-PMI_CR,Problem,,5/5/2022 13:22,6/15/2026 23:04,6/15/2026 23:04,PMI_CR,Validated by Representative,Validada por el Representante de País,Validado pelo(a) Representante do País,Validé par le Représentant de pays
IFD,IFD/FMM,26,BR-L1377,Progress Monitoring Report March Validation Workflow,65853,Approved,hugof,Representative,145740,Approved-PMI_CR,SATISFACTORY,,4/10/2018 11:30,6/15/2026 23:04,6/15/2026 23:04,PMI_CR,Validated by Representative,Validada por el Representante de País,Validado pelo(a) Representante do País,Validé par le Représentant de pays
IFD,IFD/FMM,28,AR-L1248,Progress Monitoring Report September Validation Workflow,74298,Approved,EARRAIZA,Chief of Operations,163823,Approved-PMI_COO,N/A,,10/12/2018 17:47,6/15/2026 23:04,6/15/2026 23:04,PMI_COO,Validated by Chief of Operations,Validado por los Jefes de Operaciones,Validado pelo(a) Chefe de Operações,Validé par le Chef des opérations
IFD,IFD/FMM,29,EC-L1230,Progress Monitoring Report March Validation Workflow,83976,Approved,gpalmerio,Chief of Operations,180345,Approved-PMI_COO,Satisfactory,,4/1/2019 11:19,6/15/2026 23:04,6/15/2026 23:04,PMI_COO,Validated by Chief of Operations,Validado por los Jefes de Operaciones,Validado pelo(a) Chefe de Operações,Validé par le Chef des opérations
IFD,IFD/FMM,34,BR-L1525,Progress Monitoring Report September Validation Workflow,110651,Approved-PMI_COO,PAOLAA,Chief of Operations,226828,Approved-PMI_COO,Satisfactory,,10/20/2020 23:04,6/15/2026 23:04,6/15/2026 23:04,PMI_COO,Validated by Chief of Operations,Validado por los Jefes de Operaciones,Validado pelo(a) Chefe de Operações,Validé par le Chef des opérations
IFD,IFD/FMM,34,BR-L1501,Progress Monitoring Report September Validation Workflow,112207,Approved-PMI_COO,PAOLAA,Chief of Operations,231643,Approved-PMI_COO,Satisfactory,,10/21/2020 22:32,6/15/2026 23:04,6/15/2026 23:04,PMI_COO,Validated by Chief of Operations,Validado por los Jefes de Operaciones,Validado pelo(a) Chefe de Operações,Validé par le Chef des opérations
IFD,IFD/FMM,37,PN-L1161,PMR Cycle & Startup Plan validation,152214,Approved,GermanZ,Chief of Operations,350302,Approved-PMI_COO,Satisfactory,,10/28/2021 19:42,6/15/2026 23:04,6/15/2026 23:04,PMI_COO,Validated by Chief of Operations,Validado por los Jefes de Operaciones,Validado pelo(a) Chefe de Operações,Validé par le Chef des opérations
IFD,IFD/FMM,50,CH-L1178,Progress Monitoring Report March Validation Workflow,335413,Approved,jgomezreino,Team Leader,920967,Approved-PMI_TL,Problem,,4/2/2025 8:26,6/15/2026 23:04,6/15/2026 23:04,PMI_TL,Completed by Team Leader,Completado por el Líder de Equipo,Completado pelo(a) Líder de Equipe,Complété par le Chef d’équipe
IFD,IFD/FMM,50,CH-L1178,Progress Monitoring Report March Validation Workflow,335413,Approved,mruizarranz,Division Chief,928640,Approved-PMI_DC,Problem,,4/30/2025 9:10,6/15/2026 23:04,6/15/2026 23:04,PMI_DC,Validated by Division Chief,Validada por el Jefe de División,Validado pelo(a) Chefe de Divisão,Validé par le Chef de Division
IFD,IFD/FMM,54,PN-L1172,Progress Monitoring Report March Validation Workflow,399101,Aprobado,jeant,Representative,1136721,Approved-PMI_CR,Problem,,4/23/2026 17:43,6/15/2026 23:04,6/15/2026 23:04,PMI_CR,Validated by Representative,Validada por el Representante de País,Validado pelo(a) Representante do País,Validé par le Représentant de pays
IFD,IFD/FMM,54,EC-L1253,Progress Monitoring Report March Validation Workflow,401388,Rejected,VinicioR,Chief of Operations,1131978,Approved-PMI_COO,Alert,,4/17/2026 14:00,6/15/2026 23:04,6/15/2026 23:04,PMI_COO,Validated by Chief of Operations,Validado por los Jefes de Operaciones,Validado pelo(a) Chefe de Operações,Validé par le Chef des opérations
IFD,IFD/FMM,53,UR-L1193,Progress Monitoring Report September Validation Workflow,362152,Approved-PMI_COO,rlima,Chief of Operations,1007718,Approved-PMI_COO,Alert,,10/6/2025 15:54,6/15/2026 23:04,6/15/2026 23:04,PMI_COO,Validated by Chief of Operations,Validado por los Jefes de Operaciones,Validado pelo(a) Chefe de Operações,Validé par le Chef des opérations
IFD,IFD/FMM,54,PN-L1161,Progress Monitoring Report March Validation Workflow,399098,Aprobado,susanar,Division Chief,1128453,Approved-PMI_DC,Alert,,4/23/2026 14:52,6/15/2026 23:04,6/15/2026 23:04,PMI_DC,Validated by Division Chief,Validada por el Jefe de División,Validado pelo(a) Chefe de Divisão,Validé par le Chef de Division
IFD,IFD/FMM,50,PE-L1266,Progress Monitoring Report March Validation Workflow,335856,Approved,ecambiasso,Chief of Operations,922490,Approved-PMI_COO,Alert,,4/14/2025 17:46,6/15/2026 23:04,6/15/2026 23:04,PMI_COO,Validated by Chief of Operations,Validado por los Jefes de Operaciones,Validado pelo(a) Chefe de Operações,Validé par le Chef des opérations
IFD,IFD/FMM,49,BR-L1550,Progress Monitoring Report September Validation Workflow,304765,Approved-PMI_COO,PAOLAA,Chief of Operations,827018,Approved-PMI_COO,Alert,,10/4/2024 14:58,6/15/2026 23:04,6/15/2026 23:04,PMI_COO,Validated by Chief of Operations,Validado por los Jefes de Operaciones,Validado pelo(a) Chefe de Operações,Validé par le Chef des opérations
IFD,IFD/FMM,54,CO-L1164,Progress Monitoring Report March Validation Workflow,399093,Aprobado,PabloAn,Representative,1139525,Approved-PMI_CR,Satisfactory,,4/29/2026 21:18,6/15/2026 23:04,6/15/2026 23:04,PMI_CR,Validated by Representative,Validada por el Representante de País,Validado pelo(a) Representante do País,Validé par le Représentant de pays
IFD,IFD/FMM,34,AR-L1285,PMR Cycle & Startup Plan validation,112333,Approved,jgomezreino,Team Leader,231959,Approved-PMI_TL,Satisfactory,,10/9/2020 15:00,6/15/2026 23:04,6/15/2026 23:04,PMI_TL,Completed by Team Leader,Completado por el Líder de Equipo,Completado pelo(a) Líder de Equipe,Complété par le Chef d’équipe
IFD,IFD/FMM,31,PE-L1231,PMR Cycle & Startup Plan validation,95442,Approved,javierga,Chief of Operations,199996,Approved-PMI_COO,Problem,,11/17/2019 21:18,6/15/2026 23:04,6/15/2026 23:04,PMI_COO,Validated by Chief of Operations,Validado por los Jefes de Operaciones,Validado pelo(a) Chefe de Operações,Validé par le Chef des opérations
IFD,IFD/FMM,32,AR-L1248,Progress Monitoring Report March Validation Workflow,103296,Aprobado,vivianaa,Representative,216019,Approved-PMI_CR,Alert,,4/23/2020 11:21,6/15/2026 23:04,6/15/2026 23:04,PMI_CR,Validated by Representative,Validada por el Representante de País,Validado pelo(a) Representante do País,Validé par le Représentant de pays
IFD,IFD/FMM,54,BR-L1535,Progress Monitoring Report March Validation Workflow,398702,Rejected,ANDREMA,Team Leader,1123008,Approved-PMI_TL,Satisfactory,,3/30/2026 18:54,6/15/2026 23:04,6/15/2026 23:04,PMI_TL,Completed by Team Leader,Completado por el Líder de Equipo,Completado pelo(a) Líder de Equipe,Complété par le Chef d’équipe
IFD,IFD/FMM,45,BR-L1501,Progress Monitoring Report March Validation Workflow,280219,Approved,PAOLAA,Representative,759217,Approved-PMI_CR,Satisfactory,,4/30/2024 19:15,6/15/2026 23:04,6/15/2026 23:04,PMI_CR,Validated by Representative,Validada por el Representante de País,Validado pelo(a) Representante do País,Validé par le Représentant de pays
IFD,IFD/FMM,45,BR-L1516,Progress Monitoring Report March Validation Workflow,280221,Approved,PAOLAA,Chief of Operations,747280,Approved-PMI_COO,Satisfactory,,4/26/2024 12:28,6/15/2026 23:04,6/15/2026 23:04,PMI_COO,Validated by Chief of Operations,Validado por los Jefes de Operaciones,Validado pelo(a) Chefe de Operações,Validé par le Chef des opérations
IFD,IFD/FMM,45,BR-L1527,Progress Monitoring Report March Validation Workflow,280223,Approved,PAOLAA,Chief of Operations,747284,Approved-PMI_COO,Satisfactory,,4/26/2024 12:28,6/15/2026 23:04,6/15/2026 23:04,PMI_COO,Validated by Chief of Operations,Validado por los Jefes de Operaciones,Validado pelo(a) Chefe de Operações,Validé par le Chef des opérations
IFD,IFD/FMM,54,BR-L1516,Progress Monitoring Report March Validation Workflow,398468,Approved,susanar,Division Chief,1132436,Approved-PMI_DC,Satisfactory,,4/22/2026 11:30,6/15/2026 23:04,6/15/2026 23:04,PMI_DC,Validated by Division Chief,Validada por el Jefe de División,Validado pelo(a) Chefe de Divisão,Validé par le Chef de Division
IFD,IFD/FMM,54,UR-L1205,Progress Monitoring Report March Validation Workflow,399875,Aprobado,susanar,Division Chief,1127482,Approved-PMI_DC,Satisfactory,On behalf of Marta Ruiz Arranz: Se solicita al equipo mantener actualizado los campos del verificador de contenido.,4/29/2026 11:56,6/15/2026 23:04,6/15/2026 23:04,PMI_DC,Validated by Division Chief,Validada por el Jefe de División,Validado pelo(a) Chefe de Divisão,Validé par le Chef de Division
IFD,IFD/FMM,42,BR-L1534,Progress Monitoring Report March Validation Workflow,223601,Approved,anapa,Team Leader,569351,Approved-PMI_TL,Satisfactory,,3/27/2023 22:59,6/15/2026 23:04,6/15/2026 23:04,PMI_TL,Completed by Team Leader,Completado por el Líder de Equipo,Completado pelo(a) Líder de Equipe,Complété par le Chef d’équipe
IFD,IFD/FMM,45,EC-L1253,Progress Monitoring Report March Validation Workflow,282385,Approved,marianac,Division Chief,756129,Approved-PMI_DC,Satisfactory,,4/29/2024 10:58,6/15/2026 23:04,6/15/2026 23:04,PMI_DC,Validated by Division Chief,Validada por el Jefe de División,Validado pelo(a) Chefe de Divisão,Validé par le Chef de Division
IFD,IFD/FMM,45,EC-L1251,Progress Monitoring Report March Validation Workflow,282393,Rejected,marianac,Division Chief,756127,Rejected,Problem,Se devuelve el flujo a solicitud del TL.,4/22/2024 16:17,6/15/2026 23:04,6/15/2026 23:04,,Rejected,,,
IFD,IFD/FMM,45,BR-L1377,Progress Monitoring Report March Validation Workflow,283750,Approved,PAOLAA,Chief of Operations,759565,Approved-PMI_COO,Satisfactory,,4/30/2024 19:11,6/15/2026 23:04,6/15/2026 23:04,PMI_COO,Validated by Chief of Operations,Validado por los Jefes de Operaciones,Validado pelo(a) Chefe de Operações,Validé par le Chef des opérations
IFD,IFD/FMM,44,BR-L1550,PMR Cycle & Startup Plan validation,249458,Rejected,PAOLAA,Chief of Operations,654905,Rejected,Problem,"No módulo de Evaluation Tracking devem estar registradas as avaliações previstas no contrato de empréstimo, neste caso, conforme cláusula 5.03, avaliação intermediária e avaliação final do programa. Favor ajustar e reenviar. Obrigada.",10/6/2023 16:12,6/15/2026 23:04,6/15/2026 23:04,,Rejected,,,
IFD,IFD/FMM,45,PE-L1266,Progress Monitoring Report March Validation Workflow,280086,Approved,AXELRADICS,Team Leader,746907,Approved-PMI_TL,Satisfactory,,4/3/2024 16:43,6/15/2026 23:04,6/15/2026 23:04,PMI_TL,Completed by Team Leader,Completado por el Líder de Equipo,Completado pelo(a) Líder de Equipe,Complété par le Chef d’équipe
IFD,IFD/FMM,45,PN-L1172,Progress Monitoring Report March Validation Workflow,280087,Approved,marianac,Division Chief,750806,Approved-PMI_DC,Satisfactory,,4/23/2024 10:03,6/15/2026 23:04,6/15/2026 23:04,PMI_DC,Validated by Division Chief,Validada por el Jefe de División,Validado pelo(a) Chefe de Divisão,Validé par le Chef de Division
IFD,IFD/FMM,38,BR-L1539,Progress Monitoring Report March Validation Workflow,174557,Approved,PAOLAA,Representative,424606,Approved-PMI_CR,Satisfactory,,4/19/2022 20:14,6/15/2026 23:04,6/15/2026 23:04,PMI_CR,Validated by Representative,Validada por el Representante de País,Validado pelo(a) Representante do País,Validé par le Représentant de pays
IFD,IFD/FMM,31,BR-L1377,Progress Monitoring Report September Validation Workflow,93441,Approved-PMI_COO,jtostes,Team Leader,196552,Approved-PMI_TL,Alert,,10/2/2019 17:00,6/15/2026 23:04,6/15/2026 23:04,PMI_TL,Completed by Team Leader,Completado por el Líder de Equipo,Completado pelo(a) Líder de Equipe,Complété par le Chef d’équipe
IFD,IFD/FMM,45,UR-L1164,PMR Cycle & Startup Plan validation,287764,Approved,marianac,Division Chief,770843,Approved-PMI_DC,Satisfactory,,5/22/2024 9:52,6/15/2026 23:04,6/15/2026 23:04,PMI_DC,Validated by Division Chief,Validada por el Jefe de División,Validado pelo(a) Chefe de Divisão,Validé par le Chef de Division
IFD,IFD/FMM,44,UR-L1111,Progress Monitoring Report September Validation Workflow,249430,Approved-PMI_COO,jgomezreino,Team Leader,654848,Approved-PMI_TL,Satisfactory,,9/29/2023 14:44,6/15/2026 23:04,6/15/2026 23:04,PMI_TL,Completed by Team Leader,Completado por el Líder de Equipo,Completado pelo(a) Líder de Equipe,Complété par le Chef d’équipe
IFD,IFD/FMM,35,AR-L1285,Progress Monitoring Report March Validation Workflow,132068,Approved,EARRAIZA,Chief of Operations,289179,Approved-PMI_COO,Satisfactory,,4/12/2021 10:26,6/15/2026 23:04,6/15/2026 23:04,PMI_COO,Validated by Chief of Operations,Validado por los Jefes de Operaciones,Validado pelo(a) Chefe de Operações,Validé par le Chef des opérations
IFD,IFD/FMM,37,BR-L1511,Progress Monitoring Report September Validation Workflow,151934,Approved-PMI_COO,PAOLAA,Chief of Operations,349595,Approved-PMI_COO,Alert,,10/19/2021 11:35,6/15/2026 23:04,6/15/2026 23:04,PMI_COO,Validated by Chief of Operations,Validado por los Jefes de Operaciones,Validado pelo(a) Chefe de Operações,Validé par le Chef des opérations
IFD,IFD/FMM,38,BR-L1534,Progress Monitoring Report March Validation Workflow,174556,Approved,anapa,Team Leader,414811,Approved-PMI_TL,Satisfactory,,3/24/2022 13:41,6/15/2026 23:04,6/15/2026 23:04,PMI_TL,Completed by Team Leader,Completado por el Líder de Equipo,Completado pelo(a) Líder de Equipe,Complété par le Chef d’équipe
IFD,IFD/FMM,38,BR-L1534,Progress Monitoring Report March Validation Workflow,174556,Approved,PAOLAA,Chief of Operations,414812,Approved-PMI_COO,Satisfactory,,4/7/2022 10:37,6/15/2026 23:04,6/15/2026 23:04,PMI_COO,Validated by Chief of Operations,Validado por los Jefes de Operaciones,Validado pelo(a) Chefe de Operações,Validé par le Chef des opérations
IFD,IFD/FMM,40,CO-L1245,Progress Monitoring Report September Validation Workflow,197011,Approved-PMI_COO,mariosa,Team Leader,488084,Approved-PMI_TL,Problem,,9/30/2022 14:45,6/15/2026 23:04,6/15/2026 23:04,PMI_TL,Completed by Team Leader,Completado por el Líder de Equipo,Completado pelo(a) Líder de Equipe,Complété par le Chef d’équipe
IFD,IFD/FMM,26,PE-L1231,Progress Monitoring Report March Validation Workflow,65743,Approved,vicentef,Division Chief,143757,Approved-PMI_DC,SATISFACTORY,,3/22/2018 10:41,6/15/2026 23:04,6/15/2026 23:04,PMI_DC,Validated by Division Chief,Validada por el Jefe de División,Validado pelo(a) Chefe de Divisão,Validé par le Chef de Division
IFD,IFD/FMM,26,AR-L1248,Progress Monitoring Report March Validation Workflow,65758,Approved,vicentef,Division Chief,146830,Approved-PMI_DC,SATISFACTORY,,4/17/2018 9:15,6/15/2026 23:04,6/15/2026 23:04,PMI_DC,Validated by Division Chief,Validada por el Jefe de División,Validado pelo(a) Chefe de Divisão,Validé par le Chef de Division
IFD,IFD/FMM,32,BL-L1031,Progress Monitoring Report March Validation Workflow,103014,Approved,marianac,Division Chief,214272,Approved-PMI_DC,Satisfactory,,4/9/2020 12:12,6/15/2026 23:04,6/15/2026 23:04,PMI_DC,Validated by Division Chief,Validada por el Jefe de División,Validado pelo(a) Chefe de Divisão,Validé par le Chef de Division
IFD,IFD/FMM,38,UR-L1111,Progress Monitoring Report March Validation Workflow,174789,Approved,jgomezreino,Team Leader,415385,Approved-PMI_TL,Satisfactory,,3/25/2022 12:46,6/15/2026 23:04,6/15/2026 23:04,PMI_TL,Completed by Team Leader,Completado por el Líder de Equipo,Completado pelo(a) Líder de Equipe,Complété par le Chef d’équipe
IFD,IFD/FMM,45,PN-L1161,Progress Monitoring Report March Validation Workflow,281705,Aprobado,GermanZ,Chief of Operations,752153,Approved-PMI_COO,SATISFACTORY,"Las razones del cambio son:  1.Están adjudicadas ya $10.5 millones. Incluyen la compra de infraestructura por un monto de U$8.5 millones (Ver cuadro abajo).  Contrataciones realizadas	10,466,620.32 Menos pagos realizados hasta 20/03/2024	234,648.28 Pagos pendientes en reserva y vigencia 2024	8,499,405.24 Menos Saldo disponible – anticipo	1,265,351.72 Pendiente de Desembolso	7,234,053.52  En este momento, el ministro ya firmo la autorización para el primer pago que es de US$1.2 millones. Los procesos internos del MEF y los refrendos de contratos y desembolsos por parte de Contraloría han hecho lento el pago del primer desembolso. Otra variable que retraso el primer pago, aun cuando la Unidad Ejecutora estaba lista para avanzar en diciembre pasado, fue que DIPRENA freno los procesos de compra publica para asegurarse que el MEF cumplía con la Ley de Responsabilidad Social y Fiscal en el 2023.  2.	Importante notar que, si se hubieran podido solventar de forma expedita todos los pasos de control y de política pública del MEF, y el control ex ante de Contraloría, lo que hubiera significado que el desembolso se hubiera realizado en diciembre del 2023 tal como estaba planificado, este proyecto estaría en verde sin necesidad de solicitar una modificación debido a retrasos administrativos del MEF y Contraloría.  Adicionalmente, importante señalar que, a la fecha, la UE esta en el proceso de adjudicar US$9.4 millones, los cuales incluyen una licitación de licencias de ORACLE por un monto de US$ 6.4.  Estos avances auguran que la operación para 2024 cumplirá con sus metas financieras y de productos y estamos en proceso de recibir una solicitud de desembolso por 7 millones. ",4/23/2024 13:30,6/15/2026 23:04,6/15/2026 23:04,PMI_COO,Validated by Chief of Operations,Validado por los Jefes de Operaciones,Validado pelo(a) Chefe de Operações,Validé par le Chef des opérations
IFD,IFD/FMM,42,AR-L1248,Progress Monitoring Report March Validation Workflow,223627,Approved,jgomezreino,Team Leader,569409,Approved-PMI_TL,Satisfactory,,3/28/2023 9:13,6/15/2026 23:04,6/15/2026 23:04,PMI_TL,Completed by Team Leader,Completado por el Líder de Equipo,Completado pelo(a) Líder de Equipe,Complété par le Chef d’équipe
IFD,IFD/FMM,35,CO-L1245,Progress Monitoring Report March Validation Workflow,132960,Aprobado,kelvins,Representative,297893,Approved-PMI_CR,Satisfactory,,4/23/2021 18:27,6/15/2026 23:04,6/15/2026 23:04,PMI_CR,Validated by Representative,Validada por el Representante de País,Validado pelo(a) Representante do País,Validé par le Représentant de pays
IFD,IFD/FMM,35,CO-L1164,Progress Monitoring Report March Validation Workflow,134548,Approved,kelvins,Chief of Operations,296820,Approved-PMI_COO,SATISFACTORY,"El Jefe de Equipo solicitó la reclasificación de la evaluación automática del desempeño en el entendimiento de que la operación no tenía metas físicas planeadas para 2020, que representa el primer año efectivo de ejecución, de manera que la calificación automáticas se basó en la planificación financiera.  El Team Leader reporta avances importantes en 2020 en esta etapa inicial, incluyendo: i) la definición y la aprobación de los reglamentos y especificaciones técnicas para el levantamiento catastral; ii) la priorización de los municipios a intervenir con el programa y la planificación de la intervención en los distintos municipios; iii)  la adquisición de insumos cartográfico para los municipios de intervención inicial; iv) el avance en la depuración de la información del registro de la propiedad; v) la contratación del operador privado para el levantamiento catastral; y en la definición del diseño sólido del Sistema Nacional Catastral.   La Representación analizó y valoró favorablemente los elementos presentados y procesión con la clasificación solicitada.  ",4/21/2021 10:32,6/15/2026 23:04,6/15/2026 23:04,PMI_COO,Validated by Chief of Operations,Validado por los Jefes de Operaciones,Validado pelo(a) Chefe de Operações,Validé par le Chef des opérations
IFD,IFD/FMM,38,BR-L1525,Progress Monitoring Report March Validation Workflow,174423,Approved,emiliopi,Division Chief,421117,Approved-PMI_DC,Problem,,4/19/2022 14:17,6/15/2026 23:04,6/15/2026 23:04,PMI_DC,Validated by Division Chief,Validada por el Jefe de División,Validado pelo(a) Chefe de Divisão,Validé par le Chef de Division
IFD,IFD/FMM,42,BR-L1516,Progress Monitoring Report March Validation Workflow,223546,Approved,emiliopi,Division Chief,581708,Approved-PMI_DC,Satisfactory,,4/24/2023 17:45,6/15/2026 23:04,6/15/2026 23:04,PMI_DC,Validated by Division Chief,Validada por el Jefe de División,Validado pelo(a) Chefe de Divisão,Validé par le Chef de Division
IFD,IFD/FMM,54,SU-L1060,Progress Monitoring Report March Validation Workflow,399933,Approved,AdrianaLV,Representative,1136459,Approved-PMI_CR,Satisfactory,,4/27/2026 11:37,6/15/2026 23:04,6/15/2026 23:04,PMI_CR,Validated by Representative,Validada por el Representante de País,Validado pelo(a) Representante do País,Validé par le Représentant de pays
IFD,IFD/FMM,54,PR-L1150,Progress Monitoring Report March Validation Workflow,398906,Approved,manuelfe,Chief of Operations,1123559,Approved-PMI_COO,Satisfactory,,4/8/2026 9:46,6/15/2026 23:04,6/15/2026 23:04,PMI_COO,Validated by Chief of Operations,Validado por los Jefes de Operaciones,Validado pelo(a) Chefe de Operações,Validé par le Chef des opérations
IFD,IFD/FMM,54,UR-L1164,Progress Monitoring Report March Validation Workflow,400287,Aprobado,susanar,Division Chief,1129411,Approved-PMI_DC,ALERT,On behalf of Marta Ruiz Arranz: Se solicita al equipo mantener actualizado los campos del verificador de contenido.,4/29/2026 11:52,6/15/2026 23:04,6/15/2026 23:04,PMI_DC,Validated by Division Chief,Validada por el Jefe de División,Validado pelo(a) Chefe de Divisão,Validé par le Chef de Division
IFD,IFD/FMM,37,CO-L1245,PMR Cycle & Startup Plan validation,152231,Aprobado,emiliopi,Division Chief,357789,Approved-PMI_DC,Alert,,10/27/2021 9:20,6/15/2026 23:04,6/15/2026 23:04,PMI_DC,Validated by Division Chief,Validada por el Jefe de División,Validado pelo(a) Chefe de Divisão,Validé par le Chef de Division
IFD,IFD/FMM,42,PE-L1231,Progress Monitoring Report March Validation Workflow,223588,Aprobado,AXELRADICS,Team Leader,569317,Approved-PMI_TL,Satisfactory,,3/27/2023 21:54,6/15/2026 23:04,6/15/2026 23:04,PMI_TL,Completed by Team Leader,Completado por el Líder de Equipo,Completado pelo(a) Líder de Equipe,Complété par le Chef d’équipe
IFD,IFD/FMM,42,PE-L1231,Progress Monitoring Report March Validation Workflow,223588,Aprobado,ecambiasso,Chief of Operations,569318,Approved-PMI_COO,Satisfactory,,4/3/2023 12:28,6/15/2026 23:04,6/15/2026 23:04,PMI_COO,Validated by Chief of Operations,Validado por los Jefes de Operaciones,Validado pelo(a) Chefe de Operações,Validé par le Chef des opérations
IFD,IFD/FMM,42,PE-L1239,Progress Monitoring Report March Validation Workflow,227754,Aprobado,ecambiasso,Chief of Operations,584265,Approved-PMI_COO,Satisfactory,,4/28/2023 8:41,6/15/2026 23:04,6/15/2026 23:04,PMI_COO,Validated by Chief of Operations,Validado por los Jefes de Operaciones,Validado pelo(a) Chefe de Operações,Validé par le Chef des opérations
IFD,IFD/FMM,29,AR-L1248,Progress Monitoring Report March Validation Workflow,83802,Rejected,emiliopi,Team Leader,180022,Approved-PMI_TL,Alert,"En 2018 existieron retrasos en los desembolsos y la ejecución asociados a las restricciones presupuestarias del pais.  El MinT ha informado al equipo que a pesar de estos retrasos, solicitará un nuevo desembolso en este mes de marzo de 2019 con el que la operación se clasificaría como satisfactoria.",3/22/2019 10:40,6/15/2026 23:04,6/15/2026 23:04,PMI_TL,Completed by Team Leader,Completado por el Líder de Equipo,Completado pelo(a) Líder de Equipe,Complété par le Chef d’équipe
IFD,IFD/FMM,31,BR-L1501,Progress Monitoring Report September Validation Workflow,93754,Approved-PMI_COO,mmacdowell,Team Leader,197149,Approved-PMI_TL,Alert,,10/7/2019 8:48,6/15/2026 23:04,6/15/2026 23:04,PMI_TL,Completed by Team Leader,Completado por el Líder de Equipo,Completado pelo(a) Líder de Equipe,Complété par le Chef d’équipe
IFD,IFD/FMM,29,PE-L1239,Progress Monitoring Report March Validation Workflow,85271,Approved,javierga,Chief of Operations,181969,Approved-PMI_COO,Satisfactory,,4/10/2019 15:03,6/15/2026 23:04,6/15/2026 23:04,PMI_COO,Validated by Chief of Operations,Validado por los Jefes de Operaciones,Validado pelo(a) Chefe de Operações,Validé par le Chef des opérations
IFD,IFD/FMM,31,PE-L1231,PMR Cycle & Startup Plan validation,94573,Rejected,josel,Team Leader,198532,Approved-PMI_TL,Problem,,10/18/2019 18:21,6/15/2026 23:04,6/15/2026 23:04,PMI_TL,Completed by Team Leader,Completado por el Líder de Equipo,Completado pelo(a) Líder de Equipe,Complété par le Chef d’équipe
IFD,IFD/FMM,42,BL-L1031,Progress Monitoring Report March Validation Workflow,225674,Approved,emiliopi,Division Chief,579204,Approved-PMI_DC,Satisfactory,,4/18/2023 14:36,6/15/2026 23:04,6/15/2026 23:04,PMI_DC,Validated by Division Chief,Validada por el Jefe de División,Validado pelo(a) Chefe de Divisão,Validé par le Chef de Division
IFD,IFD/FMM,35,BR-L1527,Progress Monitoring Report March Validation Workflow,132158,Approved,PAOLAA,Chief of Operations,289416,Approved-PMI_COO,Satisfactory,,4/6/2021 0:02,6/15/2026 23:04,6/15/2026 23:04,PMI_COO,Validated by Chief of Operations,Validado por los Jefes de Operaciones,Validado pelo(a) Chefe de Operações,Validé par le Chef des opérations
IFD,IFD/FMM,37,UR-L1111,Progress Monitoring Report September Validation Workflow,152043,Approved-PMI_COO,FERNANDOCU,Chief of Operations,349892,Approved-PMI_COO,Problem,En la revisión de cartera debe analizarse el ritmo de ejecución de esta operación vis a vis la eventual preparación del PDGS III. ,10/12/2021 15:50,6/15/2026 23:04,6/15/2026 23:04,PMI_COO,Validated by Chief of Operations,Validado por los Jefes de Operaciones,Validado pelo(a) Chefe de Operações,Validé par le Chef des opérations
IFD,IFD/FMM,38,BR-L1540,Progress Monitoring Report March Validation Workflow,175146,Approved,mmacdowell,Team Leader,416354,Approved-PMI_TL,Satisfactory,,3/28/2022 15:38,6/15/2026 23:04,6/15/2026 23:04,PMI_TL,Completed by Team Leader,Completado por el Líder de Equipo,Completado pelo(a) Líder de Equipe,Complété par le Chef d’équipe
IFD,IFD/FMM,44,PE-L1231,Progress Monitoring Report September Validation Workflow,249369,Approved-PMI_COO,ecambiasso,Chief of Operations,654722,Approved-PMI_COO,Satisfactory,,10/19/2023 8:24,6/15/2026 23:04,6/15/2026 23:04,PMI_COO,Validated by Chief of Operations,Validado por los Jefes de Operaciones,Validado pelo(a) Chefe de Operações,Validé par le Chef des opérations
IFD,IFD/FMM,44,PE-L1239,Progress Monitoring Report September Validation Workflow,249370,Approved-PMI_COO,AXELRADICS,Team Leader,654723,Approved-PMI_TL,Problem,,9/29/2023 12:02,6/15/2026 23:04,6/15/2026 23:04,PMI_TL,Completed by Team Leader,Completado por el Líder de Equipo,Completado pelo(a) Líder de Equipe,Complété par le Chef d’équipe
IFD,IFD/FMM,44,CO-L1245,Progress Monitoring Report September Validation Workflow,249404,Approved-PMI_COO,mariosa,Team Leader,654788,Approved-PMI_TL,Alert,,9/29/2023 13:22,6/15/2026 23:04,6/15/2026 23:04,PMI_TL,Completed by Team Leader,Completado por el Líder de Equipo,Completado pelo(a) Líder de Equipe,Complété par le Chef d’équipe
IFD,IFD/FMM,40,BR-L1511,Progress Monitoring Report September Validation Workflow,196541,Approved-PMI_COO,anapa,Team Leader,486677,Approved-PMI_TL,Alert,,9/28/2022 17:29,6/15/2026 23:04,6/15/2026 23:04,PMI_TL,Completed by Team Leader,Completado por el Líder de Equipo,Completado pelo(a) Líder de Equipe,Complété par le Chef d’équipe
IFD,IFD/FMM,45,BR-L1533,Progress Monitoring Report March Validation Workflow,280188,Approved,PAOLAA,Representative,759226,Approved-PMI_CR,Satisfactory,,4/30/2024 19:15,6/15/2026 23:04,6/15/2026 23:04,PMI_CR,Validated by Representative,Validada por el Representante de País,Validado pelo(a) Representante do País,Validé par le Représentant de pays
IFD,IFD/FMM,45,BR-L1535,Progress Monitoring Report March Validation Workflow,280203,Approved,PAOLAA,Chief of Operations,747235,Approved-PMI_COO,Satisfactory,,4/26/2024 12:28,6/15/2026 23:04,6/15/2026 23:04,PMI_COO,Validated by Chief of Operations,Validado por los Jefes de Operaciones,Validado pelo(a) Chefe de Operações,Validé par le Chef des opérations
IFD,IFD/FMM,37,BR-L1534,PMR Cycle & Startup Plan validation,153672,Approved,PAOLAA,Chief of Operations,354561,Approved-PMI_COO,Alert,,10/19/2021 11:34,6/15/2026 23:04,6/15/2026 23:04,PMI_COO,Validated by Chief of Operations,Validado por los Jefes de Operaciones,Validado pelo(a) Chefe de Operações,Validé par le Chef des opérations
IFD,IFD/FMM,37,AR-L1248,Progress Monitoring Report September Validation Workflow,152093,Approved-PMI_COO,jgomezreino,Team Leader,350015,Approved-PMI_TL,Alert,,10/1/2021 13:33,6/15/2026 23:04,6/15/2026 23:04,PMI_TL,Completed by Team Leader,Completado por el Líder de Equipo,Completado pelo(a) Líder de Equipe,Complété par le Chef d’équipe
IFD,IFD/FMM,38,PR-L1150,Progress Monitoring Report March Validation Workflow,174683,Approved,emiliopi,Division Chief,420911,Approved-PMI_DC,Satisfactory,,4/19/2022 14:18,6/15/2026 23:04,6/15/2026 23:04,PMI_DC,Validated by Division Chief,Validada por el Jefe de División,Validado pelo(a) Chefe de Divisão,Validé par le Chef de Division
IFD,IFD/FMM,38,BR-L1377,Progress Monitoring Report March Validation Workflow,174692,Approved,emiliopi,Division Chief,423848,Approved-PMI_DC,Satisfactory,,4/19/2022 14:16,6/15/2026 23:04,6/15/2026 23:04,PMI_DC,Validated by Division Chief,Validada por el Jefe de División,Validado pelo(a) Chefe de Divisão,Validé par le Chef de Division
IFD,IFD/FMM,50,BL-L1038,Progress Monitoring Report March Validation Workflow,336109,Approved,mruizarranz,Division Chief,926450,Approved-PMI_DC,Alert,,4/30/2025 9:09,6/15/2026 23:04,6/15/2026 23:04,PMI_DC,Validated by Division Chief,Validada por el Jefe de División,Validado pelo(a) Chefe de Divisão,Validé par le Chef de Division
IFD,IFD/FMM,44,BR-L1511,Progress Monitoring Report September Validation Workflow,249302,Approved-PMI_COO,PAOLAA,Chief of Operations,654597,Approved-PMI_COO,Problem,,10/20/2023 17:57,6/15/2026 23:04,6/15/2026 23:04,PMI_COO,Validated by Chief of Operations,Validado por los Jefes de Operaciones,Validado pelo(a) Chefe de Operações,Validé par le Chef des opérations
IFD,IFD/FMM,29,AR-L1248,Progress Monitoring Report March Validation Workflow,85934,Approved,vicentef,Division Chief,183754,Approved-PMI_DC,SATISFACTORY,,4/16/2019 15:26,6/15/2026 23:04,6/15/2026 23:04,PMI_DC,Validated by Division Chief,Validada por el Jefe de División,Validado pelo(a) Chefe de Divisão,Validé par le Chef de Division
IFD,IFD/FMM,32,CO-L1164,Progress Monitoring Report March Validation Workflow,103362,Approved,JULIANAPAR,Chief of Operations,212520,Approved-PMI_COO,Satisfactory,,4/2/2020 16:58,6/15/2026 23:04,6/15/2026 23:04,PMI_COO,Validated by Chief of Operations,Validado por los Jefes de Operaciones,Validado pelo(a) Chefe de Operações,Validé par le Chef des opérations
IFD,IFD/FMM,34,EC-L1251,PMR Cycle & Startup Plan validation,114096,Rejected,emiliopi,Division Chief,237692,Approved-PMI_DC,Satisfactory,,10/27/2020 10:32,6/15/2026 23:04,6/15/2026 23:04,PMI_DC,Validated by Division Chief,Validada por el Jefe de División,Validado pelo(a) Chefe de Divisão,Validé par le Chef de Division
IFD,IFD/FMM,40,BR-L1533,PMR Cycle & Startup Plan validation,199108,Approved,emiliopi,Division Chief,496697,Approved-PMI_DC,Problem,,10/18/2022 17:23,6/15/2026 23:04,6/15/2026 23:04,PMI_DC,Validated by Division Chief,Validada por el Jefe de División,Validado pelo(a) Chefe de Divisão,Validé par le Chef de Division
IFD,IFD/FMM,40,BR-L1533,PMR Cycle & Startup Plan validation,199108,Approved,PAOLAA,Representative,497268,Approved-PMI_CR,Problem,,10/24/2022 15:01,6/15/2026 23:04,6/15/2026 23:04,PMI_CR,Validated by Representative,Validada por el Representante de País,Validado pelo(a) Representante do País,Validé par le Représentant de pays
IFD,IFD/FMM,37,BR-L1525,Progress Monitoring Report September Validation Workflow,151944,Approved-PMI_COO,PAOLAA,Chief of Operations,349624,Approved-PMI_COO,Problem,,10/13/2021 15:14,6/15/2026 23:04,6/15/2026 23:04,PMI_COO,Validated by Chief of Operations,Validado por los Jefes de Operaciones,Validado pelo(a) Chefe de Operações,Validé par le Chef des opérations
IFD,IFD/FMM,28,UR-L1111,Progress Monitoring Report September Validation Workflow,74781,Approved,axelradics,Team Leader,164739,Approved-PMI_TL,N/A,,10/2/2018 12:35,6/15/2026 23:04,6/15/2026 23:04,PMI_TL,Completed by Team Leader,Completado por el Líder de Equipo,Completado pelo(a) Líder de Equipe,Complété par le Chef d’équipe
IFD,IFD/FMM,35,BR-L1511,Progress Monitoring Report March Validation Workflow,132523,Approved,PAOLAA,Chief of Operations,290346,Approved-PMI_COO,Satisfactory,,4/6/2021 0:01,6/15/2026 23:04,6/15/2026 23:04,PMI_COO,Validated by Chief of Operations,Validado por los Jefes de Operaciones,Validado pelo(a) Chefe de Operações,Validé par le Chef des opérations
IFD,IFD/FMM,40,BR-L1527,Progress Monitoring Report September Validation Workflow,196831,Approved-PMI_COO,PAOLAA,Chief of Operations,487624,Approved-PMI_COO,Alert,,10/18/2022 9:47,6/15/2026 23:04,6/15/2026 23:04,PMI_COO,Validated by Chief of Operations,Validado por los Jefes de Operaciones,Validado pelo(a) Chefe de Operações,Validé par le Chef des opérations
IFD,IFD/FMM,35,PN-L1161,Progress Monitoring Report March Validation Workflow,132195,Approved,RocioMB,Representative,295953,Approved-PMI_CR,Satisfactory,,5/12/2021 21:53,6/15/2026 23:04,6/15/2026 23:04,PMI_CR,Validated by Representative,Validada por el Representante de País,Validado pelo(a) Representante do País,Validé par le Représentant de pays
IFD,IFD/FMM,38,BR-L1501,Progress Monitoring Report March Validation Workflow,174693,Approved,emiliopi,Division Chief,423866,Approved-PMI_DC,Satisfactory,,4/19/2022 14:16,6/15/2026 23:04,6/15/2026 23:04,PMI_DC,Validated by Division Chief,Validada por el Jefe de División,Validado pelo(a) Chefe de Divisão,Validé par le Chef de Division
IFD,IFD/FMM,38,BR-L1501,Progress Monitoring Report March Validation Workflow,174693,Approved,PAOLAA,Representative,424593,Approved-PMI_CR,Satisfactory,,4/19/2022 20:14,6/15/2026 23:04,6/15/2026 23:04,PMI_CR,Validated by Representative,Validada por el Representante de País,Validado pelo(a) Representante do País,Validé par le Représentant de pays
IFD,IFD/FMM,40,BR-L1534,Progress Monitoring Report September Validation Workflow,196542,Approved-PMI_COO,anapa,Team Leader,486679,Approved-PMI_TL,Alert,,9/28/2022 17:31,6/15/2026 23:04,6/15/2026 23:04,PMI_TL,Completed by Team Leader,Completado por el Líder de Equipo,Completado pelo(a) Líder de Equipe,Complété par le Chef d’équipe
IFD,IFD/FMM,54,AR-L1405,PMR Cycle & Startup Plan validation,401063,Approved,lfvera,Chief of Operations,1130853,Approved-PMI_COO,Satisfactory,,4/17/2026 8:37,6/15/2026 23:04,6/15/2026 23:04,PMI_COO,Validated by Chief of Operations,Validado por los Jefes de Operaciones,Validado pelo(a) Chefe de Operações,Validé par le Chef des opérations
IFD,IFD/FMM,31,AR-L1285,Progress Monitoring Report September Validation Workflow,93700,Approved-PMI_COO,axelradics,Team Leader,197047,Approved-PMI_TL,Satisfactory,,10/4/2019 17:47,6/15/2026 23:04,6/15/2026 23:04,PMI_TL,Completed by Team Leader,Completado por el Líder de Equipo,Completado pelo(a) Líder de Equipe,Complété par le Chef d’équipe
IFD,IFD/FMM,32,AR-L1285,Progress Monitoring Report March Validation Workflow,103242,Aprobado,vivianaa,Representative,216020,Approved-PMI_CR,Satisfactory,,4/23/2020 11:24,6/15/2026 23:04,6/15/2026 23:04,PMI_CR,Validated by Representative,Validada por el Representante de País,Validado pelo(a) Representante do País,Validé par le Représentant de pays
IFD,IFD/FMM,25,UR-L1111,PMR Startup Plan Validation,59287,Approved,axelradics,Team Leader,132245,Approved-PMI_TL,N/A,,1/3/2018 8:39,6/15/2026 23:04,6/15/2026 23:04,PMI_TL,Completed by Team Leader,Completado por el Líder de Equipo,Completado pelo(a) Líder de Equipe,Complété par le Chef d’équipe
IFD,IFD/FMM,34,BR-L1516,PMR Cycle & Startup Plan validation,112205,Approved,mmacdowell,Team Leader,231639,Approved-PMI_TL,Problem,,10/9/2020 10:40,6/15/2026 23:04,6/15/2026 23:04,PMI_TL,Completed by Team Leader,Completado por el Líder de Equipo,Completado pelo(a) Líder de Equipe,Complété par le Chef d’équipe
IFD,IFD/FMM,35,PE-L1239,Progress Monitoring Report March Validation Workflow,132798,Aprobado,JavierGa,Representative,297895,Approved-PMI_CR,Alert,,4/23/2021 16:00,6/15/2026 23:04,6/15/2026 23:04,PMI_CR,Validated by Representative,Validada por el Representante de País,Validado pelo(a) Representante do País,Validé par le Représentant de pays
IFD,IFD/FMM,37,CO-L1245,PMR Cycle & Startup Plan validation,152231,Aprobado,arasteletti,Team Leader,350333,Approved-PMI_TL,Alert,,10/1/2021 17:37,6/15/2026 23:04,6/15/2026 23:04,PMI_TL,Completed by Team Leader,Completado por el Líder de Equipo,Completado pelo(a) Líder de Equipe,Complété par le Chef d’équipe
IFD,IFD/FMM,38,BL-L1031,Progress Monitoring Report March Validation Workflow,174955,Approved,MONICASC,Team Leader,415836,Approved-PMI_TL,Satisfactory,,3/25/2022 17:57,6/15/2026 23:04,6/15/2026 23:04,PMI_TL,Completed by Team Leader,Completado por el Líder de Equipo,Completado pelo(a) Líder de Equipe,Complété par le Chef d’équipe
IFD,IFD/FMM,31,AR-L1285,Progress Monitoring Report September Validation Workflow,93700,Approved-PMI_COO,vivianaa,Chief of Operations,197048,Approved-PMI_COO,Satisfactory,,10/22/2019 18:18,6/15/2026 23:04,6/15/2026 23:04,PMI_COO,Validated by Chief of Operations,Validado por los Jefes de Operaciones,Validado pelo(a) Chefe de Operações,Validé par le Chef des opérations
IFD,IFD/FMM,50,BR-L1527,Progress Monitoring Report March Validation Workflow,334845,Approved,PAOLAA,Representative,933853,Approved-PMI_CR,Satisfactory,,4/30/2025 15:31,6/15/2026 23:04,6/15/2026 23:04,PMI_CR,Validated by Representative,Validada por el Representante de País,Validado pelo(a) Representante do País,Validé par le Représentant de pays
IFD,IFD/FMM,50,CO-L1164,Progress Monitoring Report March Validation Workflow,336204,Aprobado,PabloAn,Chief of Operations,923629,Approved-PMI_COO,ALERT,"A diciembre de 2024 el Programa lleva 62 meses de ejecución y desembolsos por un 21% del total. La ejecución de 2024 fue satisfactoria, incluyendo el arranque de levantamiento catastral por IGAC en 10 municipios, la apertura de 5 oficinas de trabajo y avances en la interlocución con las comunidades. ANT entregó más de 1.000 títulos en 4 municipios de Boyacá en el marco del programa, y el DNP armó el equipo central para avanzar con la cooperación técnica territorial durante 2025. En lo tecnológico, IGAC arrancó una estrategia revisada para el Sistema de Gestión Catastral, DNP avanzó con el diseño del NODO-AT, y la SNR fortaleció su infraestructura informática para la transición de folios físicos al sistema digitalizado. En noviembre 15 de 2024 el Directorio Ejecutivo aprobó la modificación del préstamo que fue solicitada al Banco en 2023, la cual incorpora cambios importantes en la matriz de resultados, distribución de recursos entre entidades y amplía el plazo de ejecución. La demora en la aprobación se debió a los procesos complejos por parte de los varios ejecutores para validar y posteriormente firmar los documentos relacionados. Por lo tanto, los ajustes en la matriz de resultados y en los instrumentos de planificación derivados de la modificación no lograron ser formalizados para este ciclo de evaluación, conllevando a una clasificación inferior a la que se habría obtenido con una MdR actualizada. Todas las modificaciones al préstamo ya fueron incorporadas para el ciclo 2025 y se realizaron actividades de validación de los productos críticos para el año. Tomando en consideracion estos antecedentes, se modifica la clasificación desde problema a alerta. Se mantendra un seguimiento estrecho del equipo de proyecto y la unidad ejecutora para continuar mejorando el desempeño del proyecto.",4/8/2025 12:20,6/15/2026 23:04,6/15/2026 23:04,PMI_COO,Validated by Chief of Operations,Validado por los Jefes de Operaciones,Validado pelo(a) Chefe de Operações,Validé par le Chef des opérations
IFD,IFD/FMM,50,CO-L1164,Progress Monitoring Report March Validation Workflow,336204,Aprobado,PabloAn,Representative,933864,Approved-PMI_CR,ALERT,,4/30/2025 16:33,6/15/2026 23:04,6/15/2026 23:04,PMI_CR,Validated by Representative,Validada por el Representante de País,Validado pelo(a) Representante do País,Validé par le Représentant de pays
IFD,IFD/FMM,54,CO-L1245,Progress Monitoring Report March Validation Workflow,399091,Aprobado,susanar,Division Chief,1125684,Approved-PMI_DC,Satisfactory,,4/22/2026 12:28,6/15/2026 23:04,6/15/2026 23:04,PMI_DC,Validated by Division Chief,Validada por el Jefe de División,Validado pelo(a) Chefe de Divisão,Validé par le Chef de Division
IFD,IFD/FMM,45,BR-L1517,Progress Monitoring Report March Validation Workflow,280254,Approved,PAOLAA,Representative,759222,Approved-PMI_CR,Satisfactory,,4/30/2024 19:15,6/15/2026 23:04,6/15/2026 23:04,PMI_CR,Validated by Representative,Validada por el Representante de País,Validado pelo(a) Representante do País,Validé par le Représentant de pays
IFD,IFD/FMM,49,CO-L1164,Progress Monitoring Report September Validation Workflow,305940,Approved-PMI_COO,mariosa,Team Leader,830642,Approved-PMI_TL,Problem,,10/1/2024 14:16,6/15/2026 23:04,6/15/2026 23:04,PMI_TL,Completed by Team Leader,Completado por el Líder de Equipo,Completado pelo(a) Líder de Equipe,Complété par le Chef d’équipe
IFD,IFD/FMM,49,BR-L1534,Progress Monitoring Report September Validation Workflow,304555,Approved-PMI_COO,PAOLAA,Chief of Operations,826395,Approved-PMI_COO,Satisfactory,,10/4/2024 14:58,6/15/2026 23:04,6/15/2026 23:04,PMI_COO,Validated by Chief of Operations,Validado por los Jefes de Operaciones,Validado pelo(a) Chefe de Operações,Validé par le Chef des opérations
IFD,IFD/FMM,50,CO-L1245,Progress Monitoring Report March Validation Workflow,335077,Aprobado,PabloAn,Chief of Operations,920101,Approved-PMI_COO,Satisfactory,,4/2/2025 17:25,6/15/2026 23:04,6/15/2026 23:04,PMI_COO,Validated by Chief of Operations,Validado por los Jefes de Operaciones,Validado pelo(a) Chefe de Operações,Validé par le Chef des opérations
IFD,IFD/FMM,37,BR-L1535,Progress Monitoring Report September Validation Workflow,152111,Approved-PMI_COO,PAOLAA,Chief of Operations,350057,Approved-PMI_COO,Satisfactory,,10/13/2021 15:14,6/15/2026 23:04,6/15/2026 23:04,PMI_COO,Validated by Chief of Operations,Validado por los Jefes de Operaciones,Validado pelo(a) Chefe de Operações,Validé par le Chef des opérations
IFD,IFD/FMM,40,BL-L1031,Progress Monitoring Report September Validation Workflow,197145,Approved-PMI_COO,JulianB,Chief of Operations,488448,Approved-PMI_COO,Satisfactory,,10/13/2022 18:57,6/15/2026 23:04,6/15/2026 23:04,PMI_COO,Validated by Chief of Operations,Validado por los Jefes de Operaciones,Validado pelo(a) Chefe de Operações,Validé par le Chef des opérations
IFD,IFD/FMM,49,BL-L1031,Progress Monitoring Report September Validation Workflow,306400,Approved-PMI_COO,JESSICACH,Team Leader,832135,Approved-PMI_TL,Problem,,10/3/2024 14:59,6/15/2026 23:04,6/15/2026 23:04,PMI_TL,Completed by Team Leader,Completado por el Líder de Equipo,Completado pelo(a) Líder de Equipe,Complété par le Chef d’équipe
IFD,IFD/FMM,54,SU-L1060,Progress Monitoring Report March Validation Workflow,399933,Approved,margarital,Chief of Operations,1126921,Approved-PMI_COO,Satisfactory,,4/8/2026 12:53,6/15/2026 23:04,6/15/2026 23:04,PMI_COO,Validated by Chief of Operations,Validado por los Jefes de Operaciones,Validado pelo(a) Chefe de Operações,Validé par le Chef des opérations
IFD,IFD/FMM,50,EC-L1253,Progress Monitoring Report March Validation Workflow,335171,Rejected,VinicioR,Representative,925253,Rejected,Alert,Por ajuste de ejecucion financiero,4/9/2025 14:53,6/15/2026 23:04,6/15/2026 23:04,,Rejected,,,
IFD,IFD/FMM,50,UR-L1164,Progress Monitoring Report March Validation Workflow,335183,Aprobado,mruizarranz,Division Chief,923718,Approved-PMI_DC,Satisfactory,,4/30/2025 9:11,6/15/2026 23:04,6/15/2026 23:04,PMI_DC,Validated by Division Chief,Validada por el Jefe de División,Validado pelo(a) Chefe de Divisão,Validé par le Chef de Division
IFD,IFD/FMM,50,CO-L1164,Progress Monitoring Report March Validation Workflow,336092,Rejected,PabloAn,Chief of Operations,923238,Rejected,Problem,"Por favor, incluir explicacion sobre el estado de implementacion del programa en esta seccion de comentarios.",4/7/2025 10:54,6/15/2026 23:04,6/15/2026 23:04,,Rejected,,,
IFD,IFD/FMM,53,BR-L1511,Progress Monitoring Report September Validation Workflow,361986,Approved-PMI_COO,PAOLAA,Chief of Operations,1007196,Approved-PMI_COO,Alert,,10/15/2025 18:55,6/15/2026 23:04,6/15/2026 23:04,PMI_COO,Validated by Chief of Operations,Validado por los Jefes de Operaciones,Validado pelo(a) Chefe de Operações,Validé par le Chef des opérations
IFD,IFD/FMM,53,PN-L1172,Progress Monitoring Report September Validation Workflow,362007,Approved-PMI_COO,jeant,Chief of Operations,1007278,Approved-PMI_COO,Problem,,10/3/2025 13:11,6/15/2026 23:04,6/15/2026 23:04,PMI_COO,Validated by Chief of Operations,Validado por los Jefes de Operaciones,Validado pelo(a) Chefe de Operações,Validé par le Chef des opérations
IFD,IFD/FMM,54,BR-L1599,Progress Monitoring Report March Validation Workflow,398482,Approved,YUDYB,Chief of Operations,1122121,Approved-PMI_COO,Satisfactory,,4/17/2026 9:27,6/15/2026 23:04,6/15/2026 23:04,PMI_COO,Validated by Chief of Operations,Validado por los Jefes de Operaciones,Validado pelo(a) Chefe de Operações,Validé par le Chef des opérations
IFD,IFD/FMM,50,BR-L1513,Progress Monitoring Report March Validation Workflow,334646,Approved,mruizarranz,Division Chief,923088,Approved-PMI_DC,Satisfactory,,4/30/2025 9:09,6/15/2026 23:04,6/15/2026 23:04,PMI_DC,Validated by Division Chief,Validada por el Jefe de División,Validado pelo(a) Chefe de Divisão,Validé par le Chef de Division
IFD,IFD/FMM,54,BR-L1527,Progress Monitoring Report March Validation Workflow,398469,Approved,YUDYB,Chief of Operations,1122090,Approved-PMI_COO,Satisfactory,,4/17/2026 9:25,6/15/2026 23:04,6/15/2026 23:04,PMI_COO,Validated by Chief of Operations,Validado por los Jefes de Operaciones,Validado pelo(a) Chefe de Operações,Validé par le Chef des opérations
IFD,IFD/FMM,54,UR-L1205,Progress Monitoring Report March Validation Workflow,399875,Aprobado,SERGIOCI,Team Leader,1126715,Approved-PMI_TL,Satisfactory,,4/8/2026 10:56,6/15/2026 23:04,6/15/2026 23:04,PMI_TL,Completed by Team Leader,Completado por el Líder de Equipo,Completado pelo(a) Líder de Equipe,Complété par le Chef d’équipe
IFD,IFD/FMM,54,UR-L1205,Progress Monitoring Report March Validation Workflow,399875,Aprobado,LGRODRIGUEZ,Representative,1139566,Approved-PMI_CR,Satisfactory,,5/12/2026 10:00,6/15/2026 23:04,6/15/2026 23:04,PMI_CR,Validated by Representative,Validada por el Representante de País,Validado pelo(a) Representante do País,Validé par le Représentant de pays
IFD,IFD/FMM,42,PE-L1266,Progress Monitoring Report March Validation Workflow,223590,Aprobado,ecambiasso,Representative,582502,Approved-PMI_CR,Alert,,5/10/2023 9:55,6/15/2026 23:04,6/15/2026 23:04,PMI_CR,Validated by Representative,Validada por el Representante de País,Validado pelo(a) Representante do País,Validé par le Représentant de pays
IFD,IFD/FMM,44,AR-L1285,Progress Monitoring Report September Validation Workflow,249428,Approved-PMI_COO,jgomezreino,Team Leader,654843,Approved-PMI_TL,Problem,,9/29/2023 14:42,6/15/2026 23:04,6/15/2026 23:04,PMI_TL,Completed by Team Leader,Completado por el Líder de Equipo,Completado pelo(a) Líder de Equipe,Complété par le Chef d’équipe
IFD,IFD/FMM,44,BR-L1516,Progress Monitoring Report September Validation Workflow,249451,Approved-PMI_COO,mmacdowell,Team Leader,654892,Approved-PMI_TL,Alert,,9/29/2023 15:55,6/15/2026 23:04,6/15/2026 23:04,PMI_TL,Completed by Team Leader,Completado por el Líder de Equipo,Completado pelo(a) Líder de Equipe,Complété par le Chef d’équipe
IFD,IFD/FMM,45,EC-L1251,Progress Monitoring Report March Validation Workflow,282901,Rejected,UBALDOG,Team Leader,756481,Approved-PMI_TL,Problem,,4/23/2024 10:50,6/15/2026 23:04,6/15/2026 23:04,PMI_TL,Completed by Team Leader,Completado por el Líder de Equipo,Completado pelo(a) Líder de Equipe,Complété par le Chef d’équipe
IFD,IFD/FMM,45,EC-L1251,Progress Monitoring Report March Validation Workflow,283801,Approved,marianac,Division Chief,762904,Approved-PMI_DC,SATISFACTORY,,5/8/2024 11:59,6/15/2026 23:04,6/15/2026 23:04,PMI_DC,Validated by Division Chief,Validada por el Jefe de División,Validado pelo(a) Chefe de Divisão,Validé par le Chef de Division
IFD,IFD/FMM,50,AR-L1405,Progress Monitoring Report March Validation Workflow,334596,Aprobado,jgomezreino,Team Leader,918815,Approved-PMI_TL,Satisfactory,,3/28/2025 8:54,6/15/2026 23:04,6/15/2026 23:04,PMI_TL,Completed by Team Leader,Completado por el Líder de Equipo,Completado pelo(a) Líder de Equipe,Complété par le Chef d’équipe
IFD,IFD/FMM,40,PN-L1172,Progress Monitoring Report September Validation Workflow,196997,Approved-PMI_COO,GermanZ,Chief of Operations,488042,Approved-PMI_COO,Satisfactory,,11/15/2022 10:26,6/15/2026 23:04,6/15/2026 23:04,PMI_COO,Validated by Chief of Operations,Validado por los Jefes de Operaciones,Validado pelo(a) Chefe de Operações,Validé par le Chef des opérations
IFD,IFD/FMM,32,PE-L1239,PMR Cycle & Startup Plan validation,104834,Approved,vcaro,Representative,216760,Approved-PMI_CR,Satisfactory,,5/2/2020 22:00,6/15/2026 23:04,6/15/2026 23:04,PMI_CR,Validated by Representative,Validada por el Representante de País,Validado pelo(a) Representante do País,Validé par le Représentant de pays
IFD,IFD/FMM,44,BR-L1535,Progress Monitoring Report September Validation Workflow,249342,Approved-PMI_COO,ANDREMA,Team Leader,654667,Approved-PMI_TL,Problem,,9/29/2023 10:31,6/15/2026 23:04,6/15/2026 23:04,PMI_TL,Completed by Team Leader,Completado por el Líder de Equipo,Completado pelo(a) Líder de Equipe,Complété par le Chef d’équipe
IFD,IFD/FMM,50,BR-L1614,Progress Monitoring Report March Validation Workflow,334649,Approved,mruizarranz,Division Chief,923049,Approved-PMI_DC,Satisfactory,,4/30/2025 9:10,6/15/2026 23:04,6/15/2026 23:04,PMI_DC,Validated by Division Chief,Validada por el Jefe de División,Validado pelo(a) Chefe de Divisão,Validé par le Chef de Division
IFD,IFD/FMM,50,EC-L1253,Progress Monitoring Report March Validation Workflow,335171,Rejected,ZOILAN,Team Leader,920336,Approved-PMI_TL,Alert,,4/1/2025 12:17,6/15/2026 23:04,6/15/2026 23:04,PMI_TL,Completed by Team Leader,Completado por el Líder de Equipo,Completado pelo(a) Líder de Equipe,Complété par le Chef d’équipe
IFD,IFD/FMM,50,UR-L1111,Progress Monitoring Report March Validation Workflow,335181,Approved,SERGIOCI,Team Leader,920353,Approved-PMI_TL,Satisfactory,,4/1/2025 12:48,6/15/2026 23:04,6/15/2026 23:04,PMI_TL,Completed by Team Leader,Completado por el Líder de Equipo,Completado pelo(a) Líder de Equipe,Complété par le Chef d’équipe
IFD,IFD/FMM,44,BR-L1527,Progress Monitoring Report September Validation Workflow,249452,Approved-PMI_COO,mmacdowell,Team Leader,654894,Approved-PMI_TL,Satisfactory,,9/29/2023 15:57,6/15/2026 23:04,6/15/2026 23:04,PMI_TL,Completed by Team Leader,Completado por el Líder de Equipo,Completado pelo(a) Líder de Equipe,Complété par le Chef d’équipe
IFD,IFD/FMM,44,BR-L1377,Progress Monitoring Report September Validation Workflow,249453,Approved-PMI_COO,mmacdowell,Team Leader,654896,Approved-PMI_TL,Satisfactory,,9/29/2023 15:58,6/15/2026 23:04,6/15/2026 23:04,PMI_TL,Completed by Team Leader,Completado por el Líder de Equipo,Completado pelo(a) Líder de Equipe,Complété par le Chef d’équipe
IFD,IFD/FMM,44,BR-L1377,Progress Monitoring Report September Validation Workflow,249453,Approved-PMI_COO,PAOLAA,Chief of Operations,654897,Approved-PMI_COO,Satisfactory,,10/20/2023 17:52,6/15/2026 23:04,6/15/2026 23:04,PMI_COO,Validated by Chief of Operations,Validado por los Jefes de Operaciones,Validado pelo(a) Chefe de Operações,Validé par le Chef des opérations
IFD,IFD/FMM,26,UR-L1111,Progress Monitoring Report March Validation Workflow,65771,Approved,miguelt,Representative,145103,Approved-PMI_CR,SATISFACTORY,,3/28/2018 13:41,6/15/2026 23:04,6/15/2026 23:04,PMI_CR,Validated by Representative,Validada por el Representante de País,Validado pelo(a) Representante do País,Validé par le Représentant de pays
IFD,IFD/FMM,45,BR-L1539,PMR Cycle & Startup Plan validation,278066,Rejected,PAOLAA,Chief of Operations,743096,Rejected,Satisfactory,"Segundo orientações de SPD, serão rejeitados todos os fluxos do ciclo para que o sistema seja reajustado e calcule corretamente a qualificação das operações.  Se infomará as equipes quando poderão ser relanzados os fluxos de validação. Obrigada.",4/2/2024 16:24,6/15/2026 23:04,6/15/2026 23:04,,Rejected,,,
IFD,IFD/FMM,49,BR-L1535,Progress Monitoring Report September Validation Workflow,305515,Approved-PMI_COO,ANDREMA,Team Leader,829388,Approved-PMI_TL,Alert,,9/30/2024 9:10,6/15/2026 23:04,6/15/2026 23:04,PMI_TL,Completed by Team Leader,Completado por el Líder de Equipo,Completado pelo(a) Líder de Equipe,Complété par le Chef d’équipe
IFD,IFD/FMM,49,BR-L1540,Progress Monitoring Report September Validation Workflow,305518,Approved-PMI_COO,ANDREMA,Team Leader,829394,Approved-PMI_TL,Satisfactory,,9/30/2024 9:19,6/15/2026 23:04,6/15/2026 23:04,PMI_TL,Completed by Team Leader,Completado por el Líder de Equipo,Completado pelo(a) Líder de Equipe,Complété par le Chef d’équipe
IFD,IFD/FMM,49,BR-L1525,Progress Monitoring Report September Validation Workflow,305519,Approved-PMI_COO,ANDREMA,Team Leader,829396,Approved-PMI_TL,Problem,,9/30/2024 9:21,6/15/2026 23:04,6/15/2026 23:04,PMI_TL,Completed by Team Leader,Completado por el Líder de Equipo,Completado pelo(a) Líder de Equipe,Complété par le Chef d’équipe
IFD,IFD/FMM,35,BR-L1533,Progress Monitoring Report March Validation Workflow,132077,Approved,PAOLAA,Chief of Operations,289203,Approved-PMI_COO,Alert,,4/6/2021 17:22,6/15/2026 23:04,6/15/2026 23:04,PMI_COO,Validated by Chief of Operations,Validado por los Jefes de Operaciones,Validado pelo(a) Chefe de Operações,Validé par le Chef des opérations
IFD,IFD/FMM,34,BR-L1516,PMR Cycle & Startup Plan validation,112205,Approved,PAOLAA,Chief of Operations,231640,Approved-PMI_COO,Problem,,10/21/2020 22:32,6/15/2026 23:04,6/15/2026 23:04,PMI_COO,Validated by Chief of Operations,Validado por los Jefes de Operaciones,Validado pelo(a) Chefe de Operações,Validé par le Chef des opérations
IFD,IFD/FMM,32,EC-L1251,Progress Monitoring Report March Validation Workflow,103089,Approved,marianac,Division Chief,214421,Approved-PMI_DC,Satisfactory,,4/9/2020 12:12,6/15/2026 23:04,6/15/2026 23:04,PMI_DC,Validated by Division Chief,Validada por el Jefe de División,Validado pelo(a) Chefe de Divisão,Validé par le Chef de Division
IFD,IFD/FMM,38,BL-L1031,Progress Monitoring Report March Validation Workflow,174955,Approved,JulianB,Chief of Operations,415837,Approved-PMI_COO,Satisfactory,,4/7/2022 21:15,6/15/2026 23:04,6/15/2026 23:04,PMI_COO,Validated by Chief of Operations,Validado por los Jefes de Operaciones,Validado pelo(a) Chefe de Operações,Validé par le Chef des opérations
IFD,IFD/FMM,49,BR-L1614,Progress Monitoring Report September Validation Workflow,305516,Approved-PMI_COO,ANDREMA,Team Leader,829390,Approved-PMI_TL,Satisfactory,,9/30/2024 9:13,6/15/2026 23:04,6/15/2026 23:04,PMI_TL,Completed by Team Leader,Completado por el Líder de Equipo,Completado pelo(a) Líder de Equipe,Complété par le Chef d’équipe
IFD,IFD/FMM,49,BR-L1540,Progress Monitoring Report September Validation Workflow,305518,Approved-PMI_COO,PAOLAA,Chief of Operations,829395,Approved-PMI_COO,Satisfactory,,10/4/2024 14:58,6/15/2026 23:04,6/15/2026 23:04,PMI_COO,Validated by Chief of Operations,Validado por los Jefes de Operaciones,Validado pelo(a) Chefe de Operações,Validé par le Chef des opérations
IFD,IFD/FMM,34,CO-L1164,PMR Cycle & Startup Plan validation,113812,Aprobado,emiliopi,Division Chief,237951,Approved-PMI_DC,Problem,,10/27/2020 10:33,6/15/2026 23:04,6/15/2026 23:04,PMI_DC,Validated by Division Chief,Validada por el Jefe de División,Validado pelo(a) Chefe de Divisão,Validé par le Chef de Division
IFD,IFD/FMM,35,BR-L1377,Progress Monitoring Report March Validation Workflow,132155,Rejected,PAOLAA,Chief of Operations,289410,Rejected,Satisfactory,Favor ajustar segun solicitado y reenviar aún hoy. Gracias.,3/30/2021 11:08,6/15/2026 23:04,6/15/2026 23:04,,Rejected,,,
IFD,IFD/FMM,35,BR-L1501,Progress Monitoring Report March Validation Workflow,132156,Approved,emiliopi,Division Chief,292049,Approved-PMI_DC,Satisfactory,,4/7/2021 14:18,6/15/2026 23:04,6/15/2026 23:04,PMI_DC,Validated by Division Chief,Validada por el Jefe de División,Validado pelo(a) Chefe de Divisão,Validé par le Chef de Division
IFD,IFD/FMM,50,BR-L1501,Progress Monitoring Report March Validation Workflow,334841,Approved,mruizarranz,Division Chief,923085,Approved-PMI_DC,Satisfactory,,4/30/2025 9:09,6/15/2026 23:04,6/15/2026 23:04,PMI_DC,Validated by Division Chief,Validada por el Jefe de División,Validado pelo(a) Chefe de Divisão,Validé par le Chef de Division
IFD,IFD/FMM,53,UR-L1111,Progress Monitoring Report September Validation Workflow,362146,Approved-PMI_COO,SERGIOCI,Team Leader,1007702,Approved-PMI_TL,Alert,,9/29/2025 14:58,6/15/2026 23:04,6/15/2026 23:04,PMI_TL,Completed by Team Leader,Completado por el Líder de Equipo,Completado pelo(a) Líder de Equipe,Complété par le Chef d’équipe
IFD,IFD/FMM,45,BR-L1517,Progress Monitoring Report March Validation Workflow,280254,Approved,PAOLAA,Chief of Operations,747385,Approved-PMI_COO,Satisfactory,,4/26/2024 9:49,6/15/2026 23:04,6/15/2026 23:04,PMI_COO,Validated by Chief of Operations,Validado por los Jefes de Operaciones,Validado pelo(a) Chefe de Operações,Validé par le Chef des opérations
IFD,IFD/FMM,45,PR-L1150,Progress Monitoring Report March Validation Workflow,280719,Approved,marianac,Division Chief,749648,Approved-PMI_DC,Satisfactory,,4/29/2024 11:26,6/15/2026 23:04,6/15/2026 23:04,PMI_DC,Validated by Division Chief,Validada por el Jefe de División,Validado pelo(a) Chefe de Divisão,Validé par le Chef de Division
IFD,IFD/FMM,50,PE-L1266,Progress Monitoring Report March Validation Workflow,335856,Approved,MartinA,Team Leader,922489,Approved-PMI_TL,Alert,,4/3/2025 17:11,6/15/2026 23:04,6/15/2026 23:04,PMI_TL,Completed by Team Leader,Completado por el Líder de Equipo,Completado pelo(a) Líder de Equipe,Complété par le Chef d’équipe
IFD,IFD/FMM,15,BR-L1377,Progress Monitoring Report March Validation Workflow,12563,Approved,juancarlosh,Chief of Operations,29745,Approved-PMI_COO,SATISFACTORY,,4/24/2015 17:13,6/15/2026 23:04,6/15/2026 23:04,PMI_COO,Validated by Chief of Operations,Validado por los Jefes de Operaciones,Validado pelo(a) Chefe de Operações,Validé par le Chef des opérations
IFD,IFD/FMM,42,BR-L1550,Progress Monitoring Report March Validation Workflow,223474,Approved,MORGAND,Representative,582285,Approved-PMI_CR,Satisfactory,,4/25/2023 10:31,6/15/2026 23:04,6/15/2026 23:04,PMI_CR,Validated by Representative,Validada por el Representante de País,Validado pelo(a) Representante do País,Validé par le Représentant de pays
IFD,IFD/FMM,54,BR-L1535,Progress Monitoring Report March Validation Workflow,398702,Rejected,YUDYB,Chief of Operations,1123009,Rejected,Satisfactory,devolvido à equipe para ajustes,4/9/2026 13:32,6/15/2026 23:04,6/15/2026 23:04,,Rejected,,,
IFD,IFD/FMM,37,BR-L1377,Progress Monitoring Report September Validation Workflow,152104,Approved-PMI_COO,PAOLAA,Chief of Operations,350042,Approved-PMI_COO,Satisfactory,,10/19/2021 11:34,6/15/2026 23:04,6/15/2026 23:04,PMI_COO,Validated by Chief of Operations,Validado por los Jefes de Operaciones,Validado pelo(a) Chefe de Operações,Validé par le Chef des opérations
IFD,IFD/FMM,37,BR-L1501,Progress Monitoring Report September Validation Workflow,152110,Approved-PMI_COO,mmacdowell,Team Leader,350054,Approved-PMI_TL,Satisfactory,,10/1/2021 14:15,6/15/2026 23:04,6/15/2026 23:04,PMI_TL,Completed by Team Leader,Completado por el Líder de Equipo,Completado pelo(a) Líder de Equipe,Complété par le Chef d’équipe
IFD,IFD/FMM,42,BR-L1535,Progress Monitoring Report March Validation Workflow,223447,Approved,MORGAND,Representative,582282,Approved-PMI_CR,Satisfactory,,4/25/2023 10:30,6/15/2026 23:04,6/15/2026 23:04,PMI_CR,Validated by Representative,Validada por el Representante de País,Validado pelo(a) Representante do País,Validé par le Représentant de pays
IFD,IFD/FMM,53,BR-L1629,Progress Monitoring Report September Validation Workflow,363480,Approved-PMI_COO,PAOLAA,Chief of Operations,1011849,Approved-PMI_COO,Satisfactory,,10/15/2025 18:49,6/15/2026 23:04,6/15/2026 23:04,PMI_COO,Validated by Chief of Operations,Validado por los Jefes de Operaciones,Validado pelo(a) Chefe de Operações,Validé par le Chef des opérations
IFD,IFD/FMM,40,BR-L1517,PMR Cycle & Startup Plan validation,198918,Approved,PAOLAA,Chief of Operations,495151,Approved-PMI_COO,Problem,,10/18/2022 9:46,6/15/2026 23:04,6/15/2026 23:04,PMI_COO,Validated by Chief of Operations,Validado por los Jefes de Operaciones,Validado pelo(a) Chefe de Operações,Validé par le Chef des opérations
IFD,IFD/FMM,45,BR-L1599,Progress Monitoring Report March Validation Workflow,280216,Approved,marianac,Division Chief,758299,Approved-PMI_DC,Satisfactory,,4/29/2024 11:34,6/15/2026 23:04,6/15/2026 23:04,PMI_DC,Validated by Division Chief,Validada por el Jefe de División,Validado pelo(a) Chefe de Divisão,Validé par le Chef de Division
IFD,IFD/FMM,50,PE-L1239,Progress Monitoring Report March Validation Workflow,335869,Approved,ecambiasso,Representative,933872,Approved-PMI_CR,Satisfactory,,5/9/2025 16:46,6/15/2026 23:04,6/15/2026 23:04,PMI_CR,Validated by Representative,Validada por el Representante de País,Validado pelo(a) Representante do País,Validé par le Représentant de pays
IFD,IFD/FMM,38,CO-L1164,Progress Monitoring Report March Validation Workflow,177021,Aprobado,kelvins,Chief of Operations,422346,Approved-PMI_COO,Alert,,4/11/2022 18:03,6/15/2026 23:04,6/15/2026 23:04,PMI_COO,Validated by Chief of Operations,Validado por los Jefes de Operaciones,Validado pelo(a) Chefe de Operações,Validé par le Chef des opérations
IFD,IFD/FMM,49,AR-L1248,Progress Monitoring Report September Validation Workflow,306485,Approved-PMI_COO,jgomezreino,Team Leader,832412,Approved-PMI_TL,Satisfactory,,10/4/2024 9:13,6/15/2026 23:04,6/15/2026 23:04,PMI_TL,Completed by Team Leader,Completado por el Líder de Equipo,Completado pelo(a) Líder de Equipe,Complété par le Chef d’équipe
IFD,IFD/FMM,34,EC-L1251,PMR Cycle & Startup Plan validation,114826,Approved,FERNANDOQ,Representative,240339,Approved-PMI_CR,N/A,,11/6/2020 18:39,6/15/2026 23:04,6/15/2026 23:04,PMI_CR,Validated by Representative,Validada por el Representante de País,Validado pelo(a) Representante do País,Validé par le Représentant de pays
IFD,IFD/FMM,35,BL-L1031,Progress Monitoring Report March Validation Workflow,132598,Approved,MONICASC,Team Leader,290535,Approved-PMI_TL,Alert,,3/30/2021 12:04,6/15/2026 23:04,6/15/2026 23:04,PMI_TL,Completed by Team Leader,Completado por el Líder de Equipo,Completado pelo(a) Líder de Equipe,Complété par le Chef d’équipe
IFD,IFD/FMM,42,PN-L1172,Progress Monitoring Report March Validation Workflow,225482,Approved,GermanZ,Chief of Operations,575167,Approved-PMI_COO,Satisfactory,,4/14/2023 13:06,6/15/2026 23:04,6/15/2026 23:04,PMI_COO,Validated by Chief of Operations,Validado por los Jefes de Operaciones,Validado pelo(a) Chefe de Operações,Validé par le Chef des opérations
IFD,IFD/FMM,26,BR-L1377,Progress Monitoring Report March Validation Workflow,65853,Approved,jtostes,Team Leader,143621,Approved-PMI_TL,SATISFACTORY,,3/16/2018 18:00,6/15/2026 23:04,6/15/2026 23:04,PMI_TL,Completed by Team Leader,Completado por el Líder de Equipo,Completado pelo(a) Líder de Equipe,Complété par le Chef d’équipe
IFD,IFD/FMM,31,BR-L1511,Progress Monitoring Report September Validation Workflow,93398,Approved-PMI_COO,paolaa,Chief of Operations,196477,Approved-PMI_COO,Alert,,10/4/2019 15:15,6/15/2026 23:04,6/15/2026 23:04,PMI_COO,Validated by Chief of Operations,Validado por los Jefes de Operaciones,Validado pelo(a) Chefe de Operações,Validé par le Chef des opérations
IFD,IFD/FMM,31,EC-L1230,Progress Monitoring Report September Validation Workflow,93830,Approved-PMI_COO,gpalmerio,Chief of Operations,197299,Approved-PMI_COO,Satisfactory,,10/17/2019 15:58,6/15/2026 23:04,6/15/2026 23:04,PMI_COO,Validated by Chief of Operations,Validado por los Jefes de Operaciones,Validado pelo(a) Chefe de Operações,Validé par le Chef des opérations
IFD,IFD/FMM,45,SU-L1060,PMR Cycle & Startup Plan validation,286318,Approved,marianac,Division Chief,768393,Approved-PMI_DC,Satisfactory,,5/17/2024 14:12,6/15/2026 23:04,6/15/2026 23:04,PMI_DC,Validated by Division Chief,Validada por el Jefe de División,Validado pelo(a) Chefe de Divisão,Validé par le Chef de Division
IFD,IFD/FMM,50,BR-L1525,PMR Cycle & Startup Plan validation,336221,Approved,mruizarranz,Division Chief,928148,Approved-PMI_DC,Satisfactory,,4/30/2025 9:09,6/15/2026 23:04,6/15/2026 23:04,PMI_DC,Validated by Division Chief,Validada por el Jefe de División,Validado pelo(a) Chefe de Divisão,Validé par le Chef de Division
IFD,IFD/FMM,50,EC-L1253,Progress Monitoring Report March Validation Workflow,336662,Approved,ZOILAN,Team Leader,925325,Approved-PMI_TL,Satisfactory,,4/9/2025 15:31,6/15/2026 23:04,6/15/2026 23:04,PMI_TL,Completed by Team Leader,Completado por el Líder de Equipo,Completado pelo(a) Líder de Equipe,Complété par le Chef d’équipe
IFD,IFD/FMM,53,CO-L1164,Progress Monitoring Report September Validation Workflow,362340,Approved-PMI_COO,PabloAn,Chief of Operations,1008282,Approved-PMI_COO,Alert,,10/6/2025 14:02,6/15/2026 23:04,6/15/2026 23:04,PMI_COO,Validated by Chief of Operations,Validado por los Jefes de Operaciones,Validado pelo(a) Chefe de Operações,Validé par le Chef des opérations
IFD,IFD/FMM,42,BR-L1533,Progress Monitoring Report March Validation Workflow,223465,Approved,emiliopi,Division Chief,581717,Approved-PMI_DC,Satisfactory,,4/24/2023 17:46,6/15/2026 23:04,6/15/2026 23:04,PMI_DC,Validated by Division Chief,Validada por el Jefe de División,Validado pelo(a) Chefe de Divisão,Validé par le Chef de Division
IFD,IFD/FMM,35,PR-L1150,Progress Monitoring Report March Validation Workflow,131729,Approved,pablot,Chief of Operations,288236,Approved-PMI_COO,SATISFACTORY,"Con el Contrato ya vigente, el proyecto avanza satisfactoriamente hacia el cumplimiento de condiciones previas.",4/14/2021 13:38,6/15/2026 23:04,6/15/2026 23:04,PMI_COO,Validated by Chief of Operations,Validado por los Jefes de Operaciones,Validado pelo(a) Chefe de Operações,Validé par le Chef des opérations
IFD,IFD/FMM,50,BR-L1592,Progress Monitoring Report March Validation Workflow,334642,Approved,ANDREMA,Team Leader,918917,Approved-PMI_TL,Satisfactory,,3/28/2025 10:39,6/15/2026 23:04,6/15/2026 23:04,PMI_TL,Completed by Team Leader,Completado por el Líder de Equipo,Completado pelo(a) Líder de Equipe,Complété par le Chef d’équipe
IFD,IFD/FMM,54,UR-L1205,Progress Monitoring Report March Validation Workflow,399875,Aprobado,rlima,Chief of Operations,1126716,Approved-PMI_COO,Satisfactory,,4/9/2026 9:05,6/15/2026 23:04,6/15/2026 23:04,PMI_COO,Validated by Chief of Operations,Validado por los Jefes de Operaciones,Validado pelo(a) Chefe de Operações,Validé par le Chef des opérations
IFD,IFD/FMM,42,UR-L1111,Progress Monitoring Report March Validation Workflow,223624,Approved,emiliopi,Division Chief,570416,Approved-PMI_DC,Satisfactory,,4/18/2023 14:33,6/15/2026 23:04,6/15/2026 23:04,PMI_DC,Validated by Division Chief,Validada por el Jefe de División,Validado pelo(a) Chefe de Divisão,Validé par le Chef de Division
IFD,IFD/FMM,38,AR-L1285,Progress Monitoring Report March Validation Workflow,176817,Approved,jgomezreino,Team Leader,421670,Approved-PMI_TL,Problem,,4/8/2022 8:42,6/15/2026 23:04,6/15/2026 23:04,PMI_TL,Completed by Team Leader,Completado por el Líder de Equipo,Completado pelo(a) Líder de Equipe,Complété par le Chef d’équipe
IFD,IFD/FMM,42,BR-L1527,Progress Monitoring Report March Validation Workflow,223548,Approved,emiliopi,Division Chief,581715,Approved-PMI_DC,Satisfactory,,4/24/2023 17:46,6/15/2026 23:04,6/15/2026 23:04,PMI_DC,Validated by Division Chief,Validada por el Jefe de División,Validado pelo(a) Chefe de Divisão,Validé par le Chef de Division
IFD,IFD/FMM,35,CO-L1245,Progress Monitoring Report March Validation Workflow,132960,Aprobado,arasteletti,Team Leader,291619,Approved-PMI_TL,Satisfactory,,4/4/2021 17:59,6/15/2026 23:04,6/15/2026 23:04,PMI_TL,Completed by Team Leader,Completado por el Líder de Equipo,Completado pelo(a) Líder de Equipe,Complété par le Chef d’équipe
IFD,IFD/FMM,38,BR-L1550,Progress Monitoring Report March Validation Workflow,174421,Approved,PAOLAA,Chief of Operations,414449,Approved-PMI_COO,Satisfactory,,4/7/2022 10:37,6/15/2026 23:04,6/15/2026 23:04,PMI_COO,Validated by Chief of Operations,Validado por los Jefes de Operaciones,Validado pelo(a) Chefe de Operações,Validé par le Chef des opérations
IFD,IFD/FMM,42,BR-L1540,Progress Monitoring Report March Validation Workflow,223550,Approved,mmacdowell,Team Leader,569220,Approved-PMI_TL,Alert,,3/27/2023 19:10,6/15/2026 23:04,6/15/2026 23:04,PMI_TL,Completed by Team Leader,Completado por el Líder de Equipo,Completado pelo(a) Líder de Equipe,Complété par le Chef d’équipe
IFD,IFD/FMM,42,BR-L1540,Progress Monitoring Report March Validation Workflow,223550,Approved,MORGAND,Representative,582284,Approved-PMI_CR,Alert,,4/25/2023 10:31,6/15/2026 23:04,6/15/2026 23:04,PMI_CR,Validated by Representative,Validada por el Representante de País,Validado pelo(a) Representante do País,Validé par le Représentant de pays
IFD,IFD/FMM,45,UR-L1111,Progress Monitoring Report March Validation Workflow,283886,Approved,SERGIOCI,Team Leader,760035,Approved-PMI_TL,Satisfactory,,4/30/2024 12:33,6/15/2026 23:04,6/15/2026 23:04,PMI_TL,Completed by Team Leader,Completado por el Líder de Equipo,Completado pelo(a) Líder de Equipe,Complété par le Chef d’équipe
IFD,IFD/FMM,53,EC-L1230,Progress Monitoring Report September Validation Workflow,359860,Approved-PMI_COO,ZOILAN,Team Leader,999674,Approved-PMI_TL,Alert,,9/15/2025 11:56,6/15/2026 23:04,6/15/2026 23:04,PMI_TL,Completed by Team Leader,Completado por el Líder de Equipo,Completado pelo(a) Líder de Equipe,Complété par le Chef d’équipe
IFD,IFD/FMM,53,BR-L1516,Progress Monitoring Report September Validation Workflow,362165,Rejected,mmacdowell,Team Leader,1007743,Approved-PMI_TL,Satisfactory,,9/29/2025 15:22,6/15/2026 23:04,6/15/2026 23:04,PMI_TL,Completed by Team Leader,Completado por el Líder de Equipo,Completado pelo(a) Líder de Equipe,Complété par le Chef d’équipe
IFD,IFD/FMM,45,BL-L1031,Progress Monitoring Report March Validation Workflow,281828,Approved,JulianB,Chief of Operations,752512,Approved-PMI_COO,Satisfactory,,4/17/2024 11:09,6/15/2026 23:04,6/15/2026 23:04,PMI_COO,Validated by Chief of Operations,Validado por los Jefes de Operaciones,Validado pelo(a) Chefe de Operações,Validé par le Chef des opérations
IFD,IFD/FMM,45,BR-L1540,PMR Cycle & Startup Plan validation,282294,Approved,marianac,Division Chief,758379,Approved-PMI_DC,Satisfactory,,4/29/2024 11:32,6/15/2026 23:04,6/15/2026 23:04,PMI_DC,Validated by Division Chief,Validada por el Jefe de División,Validado pelo(a) Chefe de Divisão,Validé par le Chef de Division
IFD,IFD/FMM,54,BR-L1540,Progress Monitoring Report March Validation Workflow,398778,Approved,CGONCALVES,Team Leader,1123260,Approved-PMI_TL,Satisfactory,,3/31/2026 12:22,6/15/2026 23:04,6/15/2026 23:04,PMI_TL,Completed by Team Leader,Completado por el Líder de Equipo,Completado pelo(a) Líder de Equipe,Complété par le Chef d’équipe
IFD,IFD/FMM,37,CO-L1164,Progress Monitoring Report September Validation Workflow,152103,Approved-PMI_COO,arasteletti,Team Leader,350039,Approved-PMI_TL,Problem,,10/1/2021 14:03,6/15/2026 23:04,6/15/2026 23:04,PMI_TL,Completed by Team Leader,Completado por el Líder de Equipo,Completado pelo(a) Líder de Equipe,Complété par le Chef d’équipe
IFD,IFD/FMM,37,BR-L1527,PMR Cycle & Startup Plan validation,152108,Approved,emiliopi,Division Chief,355986,Approved-PMI_DC,Problem,,10/21/2021 14:28,6/15/2026 23:04,6/15/2026 23:04,PMI_DC,Validated by Division Chief,Validada por el Jefe de División,Validado pelo(a) Chefe de Divisão,Validé par le Chef de Division
IFD,IFD/FMM,37,BR-L1501,Progress Monitoring Report September Validation Workflow,152110,Approved-PMI_COO,PAOLAA,Chief of Operations,350055,Approved-PMI_COO,Satisfactory,,10/19/2021 11:34,6/15/2026 23:04,6/15/2026 23:04,PMI_COO,Validated by Chief of Operations,Validado por los Jefes de Operaciones,Validado pelo(a) Chefe de Operações,Validé par le Chef des opérations
IFD,IFD/FMM,38,BR-L1377,Progress Monitoring Report March Validation Workflow,174198,Rejected,PAOLAA,Chief of Operations,413825,Rejected,Satisfactory,Ajustar segundo o solicitado e reenviar. Obrigada.,3/23/2022 16:16,6/15/2026 23:04,6/15/2026 23:04,,Rejected,,,
IFD,IFD/FMM,38,BR-L1527,Progress Monitoring Report March Validation Workflow,174695,Approved,PAOLAA,Representative,424598,Approved-PMI_CR,Satisfactory,,4/19/2022 20:14,6/15/2026 23:04,6/15/2026 23:04,PMI_CR,Validated by Representative,Validada por el Representante de País,Validado pelo(a) Representante do País,Validé par le Représentant de pays
IFD,IFD/FMM,38,AR-L1285,Progress Monitoring Report March Validation Workflow,176281,Rejected,jgomezreino,Team Leader,419659,Approved-PMI_TL,Problem,,4/5/2022 10:43,6/15/2026 23:04,6/15/2026 23:04,PMI_TL,Completed by Team Leader,Completado por el Líder de Equipo,Completado pelo(a) Líder de Equipe,Complété par le Chef d’équipe
IFD,IFD/FMM,35,PR-L1150,Progress Monitoring Report March Validation Workflow,131729,Approved,emiliopi,Division Chief,295095,Approved-PMI_DC,SATISFACTORY,,4/16/2021 12:26,6/15/2026 23:04,6/15/2026 23:04,PMI_DC,Validated by Division Chief,Validada por el Jefe de División,Validado pelo(a) Chefe de Divisão,Validé par le Chef de Division
IFD,IFD/FMM,45,BR-L1525,Progress Monitoring Report March Validation Workflow,280230,Approved,marianac,Division Chief,758281,Approved-PMI_DC,Satisfactory,,4/29/2024 11:31,6/15/2026 23:04,6/15/2026 23:04,PMI_DC,Validated by Division Chief,Validada por el Jefe de División,Validado pelo(a) Chefe de Divisão,Validé par le Chef de Division
IFD,IFD/FMM,44,PN-L1161,Progress Monitoring Report September Validation Workflow,250776,Approved-PMI_COO,andresmu,Team Leader,659095,Approved-PMI_TL,Problem,,10/10/2023 10:46,6/15/2026 23:04,6/15/2026 23:04,PMI_TL,Completed by Team Leader,Completado por el Líder de Equipo,Completado pelo(a) Líder de Equipe,Complété par le Chef d’équipe
IFD,IFD/FMM,29,BR-L1511,Progress Monitoring Report March Validation Workflow,84021,Approved,hugof,Representative,182240,Approved-PMI_CR,Satisfactory,,4/1/2019 16:13,6/15/2026 23:04,6/15/2026 23:04,PMI_CR,Validated by Representative,Validada por el Representante de País,Validado pelo(a) Representante do País,Validé par le Représentant de pays
IFD,IFD/FMM,29,BR-L1377,Progress Monitoring Report March Validation Workflow,83756,Approved,paolaa,Chief of Operations,179932,Approved-PMI_COO,Satisfactory,,3/27/2019 17:47,6/15/2026 23:04,6/15/2026 23:04,PMI_COO,Validated by Chief of Operations,Validado por los Jefes de Operaciones,Validado pelo(a) Chefe de Operações,Validé par le Chef des opérations
IFD,IFD/FMM,31,BR-L1516,Progress Monitoring Report September Validation Workflow,93635,Approved-PMI_COO,paolaa,Chief of Operations,196928,Approved-PMI_COO,Satisfactory,,10/4/2019 15:21,6/15/2026 23:04,6/15/2026 23:04,PMI_COO,Validated by Chief of Operations,Validado por los Jefes de Operaciones,Validado pelo(a) Chefe de Operações,Validé par le Chef des opérations
IFD,IFD/FMM,37,EC-L1230,Progress Monitoring Report September Validation Workflow,152080,Approved-PMI_COO,UBALDOG,Team Leader,349982,Approved-PMI_TL,Problem,,10/1/2021 13:07,6/15/2026 23:04,6/15/2026 23:04,PMI_TL,Completed by Team Leader,Completado por el Líder de Equipo,Completado pelo(a) Líder de Equipe,Complété par le Chef d’équipe
IFD,IFD/FMM,38,PR-L1150,Progress Monitoring Report March Validation Workflow,174683,Approved,EDNAAR,Representative,424609,Approved-PMI_CR,Satisfactory,,5/9/2022 17:28,6/15/2026 23:04,6/15/2026 23:04,PMI_CR,Validated by Representative,Validada por el Representante de País,Validado pelo(a) Representante do País,Validé par le Représentant de pays
IFD,IFD/FMM,40,BR-L1511,Progress Monitoring Report September Validation Workflow,196541,Approved-PMI_COO,PAOLAA,Chief of Operations,486678,Approved-PMI_COO,Alert,,10/18/2022 9:46,6/15/2026 23:04,6/15/2026 23:04,PMI_COO,Validated by Chief of Operations,Validado por los Jefes de Operaciones,Validado pelo(a) Chefe de Operações,Validé par le Chef des opérations
IFD,IFD/FMM,40,BR-L1539,Progress Monitoring Report September Validation Workflow,196549,Approved-PMI_COO,anapa,Team Leader,486719,Approved-PMI_TL,Satisfactory,,9/28/2022 17:43,6/15/2026 23:04,6/15/2026 23:04,PMI_TL,Completed by Team Leader,Completado por el Líder de Equipo,Completado pelo(a) Líder de Equipe,Complété par le Chef d’équipe
IFD,IFD/FMM,23,UR-L1111,Progress Monitoring Report March Validation Workflow,47482,Approved,juantac,Representative,110680,Approved-PMI_CR,SATISFACTORY,,4/18/2017 13:45,6/15/2026 23:04,6/15/2026 23:04,PMI_CR,Validated by Representative,Validada por el Representante de País,Validado pelo(a) Representante do País,Validé par le Représentant de pays
IFD,IFD/FMM,31,BR-L1517,Progress Monitoring Report September Validation Workflow,93429,Approved-PMI_COO,paolaa,Chief of Operations,196533,Approved-PMI_COO,Satisfactory,,10/4/2019 15:17,6/15/2026 23:04,6/15/2026 23:04,PMI_COO,Validated by Chief of Operations,Validado por los Jefes de Operaciones,Validado pelo(a) Chefe de Operações,Validé par le Chef des opérations
IFD,IFD/FMM,54,UR-L1205,Progress Monitoring Report March Validation Workflow,399334,Rejected,LGRODRIGUEZ,Chief of Operations,1124727,Rejected,Satisfactory,Se retorna para que el equipo pueda ajustar los totales financieros.,4/6/2026 13:50,6/15/2026 23:04,6/15/2026 23:04,,Rejected,,,
IFD,IFD/FMM,42,BR-L1535,Progress Monitoring Report March Validation Workflow,223447,Approved,PAOLAA,Chief of Operations,568972,Approved-PMI_COO,Satisfactory,,4/22/2023 18:11,6/15/2026 23:04,6/15/2026 23:04,PMI_COO,Validated by Chief of Operations,Validado por los Jefes de Operaciones,Validado pelo(a) Chefe de Operações,Validé par le Chef des opérations
IFD,IFD/FMM,45,UR-L1111,Progress Monitoring Report March Validation Workflow,283886,Approved,FERNANDOCU,Representative,761128,Approved-PMI_CR,Satisfactory,,5/3/2024 12:05,6/15/2026 23:04,6/15/2026 23:04,PMI_CR,Validated by Representative,Validada por el Representante de País,Validado pelo(a) Representante do País,Validé par le Représentant de pays
IFD,IFD/FMM,49,BR-L1550,Progress Monitoring Report September Validation Workflow,304765,Approved-PMI_COO,RMOTTACAFE,Team Leader,827017,Approved-PMI_TL,Alert,,9/24/2024 16:52,6/15/2026 23:04,6/15/2026 23:04,PMI_TL,Completed by Team Leader,Completado por el Líder de Equipo,Completado pelo(a) Líder de Equipe,Complété par le Chef d’équipe
IFD,IFD/FMM,15,BR-L1377,Progress Monitoring Report March Validation Workflow,12563,Approved,danielac,Representative,30309,Approved-PMI_CR,SATISFACTORY,x,5/8/2015 8:34,6/15/2026 23:04,6/15/2026 23:04,PMI_CR,Validated by Representative,Validada por el Representante de País,Validado pelo(a) Representante do País,Validé par le Représentant de pays
IFD,IFD/FMM,38,BR-L1516,Progress Monitoring Report March Validation Workflow,174694,Approved,PAOLAA,Representative,424595,Approved-PMI_CR,Satisfactory,,4/19/2022 20:14,6/15/2026 23:04,6/15/2026 23:04,PMI_CR,Validated by Representative,Validada por el Representante de País,Validado pelo(a) Representante do País,Validé par le Représentant de pays
IFD,IFD/FMM,38,BR-L1527,Progress Monitoring Report March Validation Workflow,174695,Approved,PAOLAA,Chief of Operations,415160,Approved-PMI_COO,Satisfactory,,4/17/2022 19:12,6/15/2026 23:04,6/15/2026 23:04,PMI_COO,Validated by Chief of Operations,Validado por los Jefes de Operaciones,Validado pelo(a) Chefe de Operações,Validé par le Chef des opérations
IFD,IFD/FMM,42,BR-L1377,Progress Monitoring Report March Validation Workflow,223543,Approved,PAOLAA,Chief of Operations,569200,Approved-PMI_COO,Satisfactory,,4/22/2023 18:07,6/15/2026 23:04,6/15/2026 23:04,PMI_COO,Validated by Chief of Operations,Validado por los Jefes de Operaciones,Validado pelo(a) Chefe de Operações,Validé par le Chef des opérations
IFD,IFD/FMM,42,BR-L1501,Progress Monitoring Report March Validation Workflow,223545,Approved,PAOLAA,Chief of Operations,569204,Approved-PMI_COO,Satisfactory,,4/22/2023 18:11,6/15/2026 23:04,6/15/2026 23:04,PMI_COO,Validated by Chief of Operations,Validado por los Jefes de Operaciones,Validado pelo(a) Chefe de Operações,Validé par le Chef des opérations
IFD,IFD/FMM,29,BR-L1501,Progress Monitoring Report March Validation Workflow,83411,Approved,vicentef,Division Chief,182034,Approved-PMI_DC,Satisfactory,,3/28/2019 13:39,6/15/2026 23:04,6/15/2026 23:04,PMI_DC,Validated by Division Chief,Validada por el Jefe de División,Validado pelo(a) Chefe de Divisão,Validé par le Chef de Division
IFD,IFD/FMM,50,PE-L1231,Progress Monitoring Report March Validation Workflow,335861,Approved,mruizarranz,Division Chief,927316,Approved-PMI_DC,Satisfactory,,4/30/2025 9:10,6/15/2026 23:04,6/15/2026 23:04,PMI_DC,Validated by Division Chief,Validada por el Jefe de División,Validado pelo(a) Chefe de Divisão,Validé par le Chef de Division
IFD,IFD/FMM,54,BR-L1525,Progress Monitoring Report March Validation Workflow,398711,Approved,YUDYB,Chief of Operations,1123053,Approved-PMI_COO,Satisfactory,,4/17/2026 9:25,6/15/2026 23:04,6/15/2026 23:04,PMI_COO,Validated by Chief of Operations,Validado por los Jefes de Operaciones,Validado pelo(a) Chefe de Operações,Validé par le Chef des opérations
IFD,IFD/FMM,29,UR-L1111,Progress Monitoring Report March Validation Workflow,83792,Approved,vicentef,Division Chief,184087,Approved-PMI_DC,Satisfactory,,4/19/2019 10:13,6/15/2026 23:04,6/15/2026 23:04,PMI_DC,Validated by Division Chief,Validada por el Jefe de División,Validado pelo(a) Chefe de Divisão,Validé par le Chef de Division
IFD,IFD/FMM,32,PE-L1239,PMR Cycle & Startup Plan validation,104220,Rejected,javierga,Chief of Operations,214512,Approved-PMI_COO,Satisfactory,,4/6/2020 16:22,6/15/2026 23:04,6/15/2026 23:04,PMI_COO,Validated by Chief of Operations,Validado por los Jefes de Operaciones,Validado pelo(a) Chefe de Operações,Validé par le Chef des opérations
IFD,IFD/FMM,42,PR-L1150,Progress Monitoring Report March Validation Workflow,223556,Approved,pablot,Chief of Operations,569233,Approved-PMI_COO,Satisfactory,,4/14/2023 16:13,6/15/2026 23:04,6/15/2026 23:04,PMI_COO,Validated by Chief of Operations,Validado por los Jefes de Operaciones,Validado pelo(a) Chefe de Operações,Validé par le Chef des opérations
IFD,IFD/FMM,45,SU-L1060,PMR Cycle & Startup Plan validation,286318,Approved,stevenc,Chief of Operations,768241,Approved-PMI_COO,Satisfactory,,5/17/2024 13:52,6/15/2026 23:04,6/15/2026 23:04,PMI_COO,Validated by Chief of Operations,Validado por los Jefes de Operaciones,Validado pelo(a) Chefe de Operações,Validé par le Chef des opérations
IFD,IFD/FMM,45,BR-L1540,PMR Cycle & Startup Plan validation,282294,Approved,PAOLAA,Chief of Operations,754229,Approved-PMI_COO,Satisfactory,,4/26/2024 9:54,6/15/2026 23:04,6/15/2026 23:04,PMI_COO,Validated by Chief of Operations,Validado por los Jefes de Operaciones,Validado pelo(a) Chefe de Operações,Validé par le Chef des opérations
IFD,IFD/FMM,49,BR-L1527,Progress Monitoring Report September Validation Workflow,305570,Approved-PMI_COO,mmacdowell,Team Leader,829515,Approved-PMI_TL,Problem,,9/30/2024 11:11,6/15/2026 23:04,6/15/2026 23:04,PMI_TL,Completed by Team Leader,Completado por el Líder de Equipo,Completado pelo(a) Líder de Equipe,Complété par le Chef d’équipe
IFD,IFD/FMM,31,PE-L1231,PMR Cycle & Startup Plan validation,95442,Approved,emiliopi,Division Chief,201192,Approved-PMI_DC,Problem,,11/18/2019 15:01,6/15/2026 23:04,6/15/2026 23:04,PMI_DC,Validated by Division Chief,Validada por el Jefe de División,Validado pelo(a) Chefe de Divisão,Validé par le Chef de Division
IFD,IFD/FMM,45,BR-L1517,Progress Monitoring Report March Validation Workflow,278293,Rejected,anapa,Team Leader,743672,Approved-PMI_TL,Satisfactory,,3/28/2024 16:23,6/15/2026 23:04,6/15/2026 23:04,PMI_TL,Completed by Team Leader,Completado por el Líder de Equipo,Completado pelo(a) Líder de Equipe,Complété par le Chef d’équipe
IFD,IFD/FMM,53,BL-L1031,Progress Monitoring Report September Validation Workflow,362337,Approved-PMI_COO,ALEXANDREV,Chief of Operations,1008276,Approved-PMI_COO,Satisfactory,,10/6/2025 10:50,6/15/2026 23:04,6/15/2026 23:04,PMI_COO,Validated by Chief of Operations,Validado por los Jefes de Operaciones,Validado pelo(a) Chefe de Operações,Validé par le Chef des opérations
IFD,IFD/FMM,53,CO-L1245,Progress Monitoring Report September Validation Workflow,362339,Approved-PMI_COO,MONICASC,Team Leader,1008279,Approved-PMI_TL,Problem,,9/29/2025 20:22,6/15/2026 23:04,6/15/2026 23:04,PMI_TL,Completed by Team Leader,Completado por el Líder de Equipo,Completado pelo(a) Líder de Equipe,Complété par le Chef d’équipe
IFD,IFD/FMM,54,CH-L1178,Progress Monitoring Report March Validation Workflow,399245,Approved,susanar,Division Chief,1130901,Approved-PMI_DC,Satisfactory,,4/22/2026 12:21,6/15/2026 23:04,6/15/2026 23:04,PMI_DC,Validated by Division Chief,Validada por el Jefe de División,Validado pelo(a) Chefe de Divisão,Validé par le Chef de Division
IFD,IFD/FMM,54,UR-L1193,Progress Monitoring Report March Validation Workflow,398886,Aprobado,LGRODRIGUEZ,Representative,1139559,Approved-PMI_CR,Satisfactory,,5/12/2026 14:32,6/15/2026 23:04,6/15/2026 23:04,PMI_CR,Validated by Representative,Validada por el Representante de País,Validado pelo(a) Representante do País,Validé par le Représentant de pays
IFD,IFD/FMM,50,AR-L1248,Progress Monitoring Report March Validation Workflow,334736,Aprobado,jgomezreino,Team Leader,919185,Approved-PMI_TL,Satisfactory,,3/28/2025 15:53,6/15/2026 23:04,6/15/2026 23:04,PMI_TL,Completed by Team Leader,Completado por el Líder de Equipo,Completado pelo(a) Líder de Equipe,Complété par le Chef d’équipe
IFD,IFD/FMM,54,AR-L1248,Progress Monitoring Report March Validation Workflow,399470,Approved,vivianaa,Representative,1134836,Approved-PMI_CR,Satisfactory,,4/23/2026 15:22,6/15/2026 23:04,6/15/2026 23:04,PMI_CR,Validated by Representative,Validada por el Representante de País,Validado pelo(a) Representante do País,Validé par le Représentant de pays
IFD,IFD/FMM,54,SU-L1060,Progress Monitoring Report March Validation Workflow,399933,Approved,GERARDOR,Team Leader,1126920,Approved-PMI_TL,Satisfactory,,4/8/2026 12:16,6/15/2026 23:04,6/15/2026 23:04,PMI_TL,Completed by Team Leader,Completado por el Líder de Equipo,Completado pelo(a) Líder de Equipe,Complété par le Chef d’équipe
IFD,IFD/FMM,54,UR-L1111,Progress Monitoring Report March Validation Workflow,399033,Aprobado,LGRODRIGUEZ,Representative,1139557,Approved-PMI_CR,Satisfactory,,5/4/2026 10:48,6/15/2026 23:04,6/15/2026 23:04,PMI_CR,Validated by Representative,Validada por el Representante de País,Validado pelo(a) Representante do País,Validé par le Représentant de pays
IFD,IFD/FMM,54,PE-L1266,Progress Monitoring Report March Validation Workflow,400443,Approved,VeronicaG,Chief of Operations,1128709,Approved-PMI_COO,Satisfactory,,4/17/2026 21:21,6/15/2026 23:04,6/15/2026 23:04,PMI_COO,Validated by Chief of Operations,Validado por los Jefes de Operaciones,Validado pelo(a) Chefe de Operações,Validé par le Chef des opérations
IFD,IFD/FMM,34,BR-L1511,Progress Monitoring Report September Validation Workflow,112402,Approved-PMI_COO,anapa,Team Leader,232122,Approved-PMI_TL,Problem,,10/9/2020 16:26,6/15/2026 23:04,6/15/2026 23:04,PMI_TL,Completed by Team Leader,Completado por el Líder de Equipo,Completado pelo(a) Líder de Equipe,Complété par le Chef d’équipe
IFD,IFD/FMM,34,EC-L1251,PMR Cycle & Startup Plan validation,114096,Rejected,FERNANDOQ,Representative,238696,Rejected,Satisfactory,Favor eliminar columnas de años 2019 y 2020.,10/27/2020 15:02,6/15/2026 23:04,6/15/2026 23:04,,Rejected,,,
IFD,IFD/FMM,38,PE-L1231,Progress Monitoring Report March Validation Workflow,174862,Aprobado,ecambiasso,Chief of Operations,415587,Approved-PMI_COO,SATISFACTORY,"Si bien la operación ha presentado un retraso en el desembolso acumulado al cierre del 2021, se implementó durante el 2021 un cambio de estrategia en la ejecución que prevé mejores expectativas para alcanzar metas físicas previstas en el 2022, factor relevante para la operación.",4/7/2022 16:45,6/15/2026 23:04,6/15/2026 23:04,PMI_COO,Validated by Chief of Operations,Validado por los Jefes de Operaciones,Validado pelo(a) Chefe de Operações,Validé par le Chef des opérations
IFD,IFD/FMM,49,UR-L1193,PMR Cycle & Startup Plan validation,310948,Approved,AXELRADICS,Division Chief,847646,Approved-PMI_DC,Problem,,11/20/2024 14:34,6/15/2026 23:04,6/15/2026 23:04,PMI_DC,Validated by Division Chief,Validada por el Jefe de División,Validado pelo(a) Chefe de Divisão,Validé par le Chef de Division
IFD,IFD/FMM,54,BL-L1038,Progress Monitoring Report March Validation Workflow,400230,Approved,ALEXANDREV,Representative,1134967,Approved-PMI_CR,Satisfactory,,5/13/2026 11:24,6/15/2026 23:04,6/15/2026 23:04,PMI_CR,Validated by Representative,Validada por el Representante de País,Validado pelo(a) Representante do País,Validé par le Représentant de pays
IFD,IFD/FMM,45,EC-L1230,Progress Monitoring Report March Validation Workflow,282373,Approved,marianac,Division Chief,756119,Approved-PMI_DC,Problem,,4/29/2024 10:58,6/15/2026 23:04,6/15/2026 23:04,PMI_DC,Validated by Division Chief,Validada por el Jefe de División,Validado pelo(a) Chefe de Divisão,Validé par le Chef de Division
IFD,IFD/FMM,50,BR-L1614,Progress Monitoring Report March Validation Workflow,334649,Approved,PAOLAA,Representative,933862,Approved-PMI_CR,Satisfactory,,4/30/2025 15:31,6/15/2026 23:04,6/15/2026 23:04,PMI_CR,Validated by Representative,Validada por el Representante de País,Validado pelo(a) Representante do País,Validé par le Représentant de pays
IFD,IFD/FMM,50,BR-L1517,Progress Monitoring Report March Validation Workflow,334652,Approved,PAOLAA,Representative,933851,Approved-PMI_CR,Satisfactory,,4/30/2025 15:31,6/15/2026 23:04,6/15/2026 23:04,PMI_CR,Validated by Representative,Validada por el Representante de País,Validado pelo(a) Representante do País,Validé par le Représentant de pays
IFD,IFD/FMM,53,PE-L1266,Progress Monitoring Report September Validation Workflow,362406,Approved-PMI_COO,MartinA,Team Leader,1008479,Approved-PMI_TL,Problem,,9/30/2025 11:03,6/15/2026 23:04,6/15/2026 23:04,PMI_TL,Completed by Team Leader,Completado por el Líder de Equipo,Completado pelo(a) Líder de Equipe,Complété par le Chef d’équipe
IFD,IFD/FMM,45,BR-L1535,Progress Monitoring Report March Validation Workflow,280203,Approved,marianac,Division Chief,758571,Approved-PMI_DC,Satisfactory,,4/29/2024 11:32,6/15/2026 23:04,6/15/2026 23:04,PMI_DC,Validated by Division Chief,Validada por el Jefe de División,Validado pelo(a) Chefe de Divisão,Validé par le Chef de Division
IFD,IFD/FMM,49,UR-L1164,Progress Monitoring Report September Validation Workflow,305866,Approved-PMI_COO,FERNANDOCU,Chief of Operations,830363,Approved-PMI_COO,Problem,,10/7/2024 13:26,6/15/2026 23:04,6/15/2026 23:04,PMI_COO,Validated by Chief of Operations,Validado por los Jefes de Operaciones,Validado pelo(a) Chefe de Operações,Validé par le Chef des opérations
IFD,IFD/FMM,53,BR-L1527,Progress Monitoring Report September Validation Workflow,362195,Rejected,mmacdowell,Team Leader,1007820,Approved-PMI_TL,Alert,,9/29/2025 15:47,6/15/2026 23:04,6/15/2026 23:04,PMI_TL,Completed by Team Leader,Completado por el Líder de Equipo,Completado pelo(a) Líder de Equipe,Complété par le Chef d’équipe
IFD,IFD/FMM,44,BL-L1031,Progress Monitoring Report September Validation Workflow,249478,Rejected,MONICASC,Team Leader,654942,Approved-PMI_TL,Alert,,9/29/2023 16:47,6/15/2026 23:04,6/15/2026 23:04,PMI_TL,Completed by Team Leader,Completado por el Líder de Equipo,Completado pelo(a) Líder de Equipe,Complété par le Chef d’équipe
IFD,IFD/FMM,45,BR-L1539,PMR Cycle & Startup Plan validation,278066,Rejected,anapa,Team Leader,743095,Approved-PMI_TL,Satisfactory,,3/27/2024 16:04,6/15/2026 23:04,6/15/2026 23:04,PMI_TL,Completed by Team Leader,Completado por el Líder de Equipo,Completado pelo(a) Líder de Equipe,Complété par le Chef d’équipe
IFD,IFD/FMM,49,SU-L1060,Progress Monitoring Report September Validation Workflow,306255,Approved-PMI_COO,LALEJANDROA,Team Leader,831674,Approved-PMI_TL,Alert,,10/2/2024 17:47,6/15/2026 23:04,6/15/2026 23:04,PMI_TL,Completed by Team Leader,Completado por el Líder de Equipo,Completado pelo(a) Líder de Equipe,Complété par le Chef d’équipe
IFD,IFD/FMM,28,AR-L1248,Progress Monitoring Report September Validation Workflow,74298,Approved,emiliopi,Team Leader,163822,Approved-PMI_TL,N/A,,9/27/2018 10:42,6/15/2026 23:04,6/15/2026 23:04,PMI_TL,Completed by Team Leader,Completado por el Líder de Equipo,Completado pelo(a) Líder de Equipe,Complété par le Chef d’équipe
IFD,IFD/FMM,17,BR-L1377,Progress Monitoring Report March Validation Workflow,28839,Approved,vicentef,Division Chief,65365,Approved-PMI_DC,PROBLEM,Proyecto calificado en Problema ya que aun no ha sido firmado y no ha entrado en ejecucion.,4/13/2016 15:40,6/15/2026 23:04,6/15/2026 23:04,PMI_DC,Validated by Division Chief,Validada por el Jefe de División,Validado pelo(a) Chefe de Divisão,Validé par le Chef de Division
IFD,IFD/FMM,17,BR-L1377,Progress Monitoring Report March Validation Workflow,28839,Approved,hugof,Representative,66891,Approved-PMI_CR,PROBLEM,,4/28/2016 18:27,6/15/2026 23:04,6/15/2026 23:04,PMI_CR,Validated by Representative,Validada por el Representante de País,Validado pelo(a) Representante do País,Validé par le Représentant de pays
IFD,IFD/FMM,40,EC-L1230,Progress Monitoring Report September Validation Workflow,197100,Approved-PMI_COO,UBALDOG,Team Leader,488324,Approved-PMI_TL,Problem,,9/30/2022 17:37,6/15/2026 23:04,6/15/2026 23:04,PMI_TL,Completed by Team Leader,Completado por el Líder de Equipo,Completado pelo(a) Líder de Equipe,Complété par le Chef d’équipe
IFD,IFD/FMM,40,EC-L1251,Progress Monitoring Report September Validation Workflow,197103,Approved-PMI_COO,AdrianaLV,Chief of Operations,488331,Approved-PMI_COO,Problem,,10/11/2022 13:02,6/15/2026 23:04,6/15/2026 23:04,PMI_COO,Validated by Chief of Operations,Validado por los Jefes de Operaciones,Validado pelo(a) Chefe de Operações,Validé par le Chef des opérations
IFD,IFD/FMM,32,EC-L1230,PMR Cycle & Startup Plan validation,103082,Approved,fernandoq,Representative,215182,Approved-PMI_CR,Satisfactory,,4/27/2020 19:48,6/15/2026 23:04,6/15/2026 23:04,PMI_CR,Validated by Representative,Validada por el Representante de País,Validado pelo(a) Representante do País,Validé par le Représentant de pays
IFD,IFD/FMM,32,EC-L1251,Progress Monitoring Report March Validation Workflow,103089,Approved,gpalmerio,Chief of Operations,212031,Approved-PMI_COO,Satisfactory,,4/3/2020 17:31,6/15/2026 23:04,6/15/2026 23:04,PMI_COO,Validated by Chief of Operations,Validado por los Jefes de Operaciones,Validado pelo(a) Chefe de Operações,Validé par le Chef des opérations
IFD,IFD/FMM,32,PE-L1231,Progress Monitoring Report March Validation Workflow,103735,Approved,vcaro,Representative,215297,Approved-PMI_CR,Satisfactory,,5/2/2020 20:36,6/15/2026 23:04,6/15/2026 23:04,PMI_CR,Validated by Representative,Validada por el Representante de País,Validado pelo(a) Representante do País,Validé par le Représentant de pays
IFD,IFD/FMM,35,BR-L1535,Progress Monitoring Report March Validation Workflow,132159,Approved,PAOLAA,Chief of Operations,289418,Approved-PMI_COO,Satisfactory,,4/6/2021 0:02,6/15/2026 23:04,6/15/2026 23:04,PMI_COO,Validated by Chief of Operations,Validado por los Jefes de Operaciones,Validado pelo(a) Chefe de Operações,Validé par le Chef des opérations
IFD,IFD/FMM,45,AR-L1248,Progress Monitoring Report March Validation Workflow,279387,Cancelled,jgomezreino,Team Leader,744902,Approved-PMI_TL,Satisfactory,,4/1/2024 7:55,6/15/2026 23:04,6/15/2026 23:04,PMI_TL,Completed by Team Leader,Completado por el Líder de Equipo,Completado pelo(a) Líder de Equipe,Complété par le Chef d’équipe
IFD,IFD/FMM,29,PR-L1150,Progress Monitoring Report March Validation Workflow,83990,Approved,axelradics,Team Leader,180369,Approved-PMI_TL,Satisfactory,,3/22/2019 17:56,6/15/2026 23:04,6/15/2026 23:04,PMI_TL,Completed by Team Leader,Completado por el Líder de Equipo,Completado pelo(a) Líder de Equipe,Complété par le Chef d’équipe
IFD,IFD/FMM,45,SU-L1060,PMR Cycle & Startup Plan validation,286318,Approved,LALEJANDROA,Team Leader,768240,Approved-PMI_TL,Satisfactory,,5/17/2024 11:25,6/15/2026 23:04,6/15/2026 23:04,PMI_TL,Completed by Team Leader,Completado por el Líder de Equipo,Completado pelo(a) Líder de Equipe,Complété par le Chef d’équipe
IFD,IFD/FMM,45,SU-L1060,PMR Cycle & Startup Plan validation,286318,Approved,AdrianaLV,Representative,768416,Approved-PMI_CR,Satisfactory,,5/21/2024 13:09,6/15/2026 23:04,6/15/2026 23:04,PMI_CR,Validated by Representative,Validada por el Representante de País,Validado pelo(a) Representante do País,Validé par le Représentant de pays
IFD,IFD/FMM,50,BR-L1516,Progress Monitoring Report March Validation Workflow,334842,Approved,PAOLAA,Representative,933850,Approved-PMI_CR,Satisfactory,,4/30/2025 15:31,6/15/2026 23:04,6/15/2026 23:04,PMI_CR,Validated by Representative,Validada por el Representante de País,Validado pelo(a) Representante do País,Validé par le Représentant de pays
IFD,IFD/FMM,45,BR-L1550,Progress Monitoring Report March Validation Workflow,278250,Rejected,PAOLAA,Chief of Operations,743553,Rejected,Satisfactory,"Segundo orientações de SPD, serão rejeitados todos os fluxos do ciclo para que o sistema seja reajustado e calcule corretamente a qualificação das operações.  Se infomará as equipes quando poderão ser relanzados os fluxos de validação. Obrigada.",4/2/2024 16:24,6/15/2026 23:04,6/15/2026 23:04,,Rejected,,,
IFD,IFD/FMM,45,BR-L1511,Progress Monitoring Report March Validation Workflow,280250,Approved,anapa,Team Leader,747373,Approved-PMI_TL,Satisfactory,,4/4/2024 11:18,6/15/2026 23:04,6/15/2026 23:04,PMI_TL,Completed by Team Leader,Completado por el Líder de Equipo,Completado pelo(a) Líder de Equipe,Complété par le Chef d’équipe
IFD,IFD/FMM,45,BR-L1539,PMR Cycle & Startup Plan validation,280260,Approved,marianac,Division Chief,758378,Approved-PMI_DC,Satisfactory,,4/29/2024 11:32,6/15/2026 23:04,6/15/2026 23:04,PMI_DC,Validated by Division Chief,Validada por el Jefe de División,Validado pelo(a) Chefe de Divisão,Validé par le Chef de Division
IFD,IFD/FMM,45,PE-L1266,Progress Monitoring Report March Validation Workflow,280086,Approved,ecambiasso,Chief of Operations,746908,Approved-PMI_COO,Satisfactory,,4/17/2024 17:46,6/15/2026 23:04,6/15/2026 23:04,PMI_COO,Validated by Chief of Operations,Validado por los Jefes de Operaciones,Validado pelo(a) Chefe de Operações,Validé par le Chef des opérations
IFD,IFD/FMM,45,PE-L1266,Progress Monitoring Report March Validation Workflow,280086,Approved,marianac,Division Chief,754210,Approved-PMI_DC,Satisfactory,,4/29/2024 10:58,6/15/2026 23:04,6/15/2026 23:04,PMI_DC,Validated by Division Chief,Validada por el Jefe de División,Validado pelo(a) Chefe de Divisão,Validé par le Chef de Division
IFD,IFD/FMM,45,PN-L1172,Progress Monitoring Report March Validation Workflow,280087,Approved,UBALDOG,Team Leader,746912,Approved-PMI_TL,Satisfactory,,4/3/2024 16:43,6/15/2026 23:04,6/15/2026 23:04,PMI_TL,Completed by Team Leader,Completado por el Líder de Equipo,Completado pelo(a) Líder de Equipe,Complété par le Chef d’équipe
IFD,IFD/FMM,49,UR-L1164,Progress Monitoring Report September Validation Workflow,305866,Approved-PMI_COO,SERGIOCI,Team Leader,830362,Approved-PMI_TL,Problem,,10/1/2024 11:07,6/15/2026 23:04,6/15/2026 23:04,PMI_TL,Completed by Team Leader,Completado por el Líder de Equipo,Completado pelo(a) Líder de Equipe,Complété par le Chef d’équipe
IFD,IFD/FMM,53,BR-L1527,Progress Monitoring Report September Validation Workflow,362195,Rejected,PAOLAA,Chief of Operations,1007821,Rejected,Alert,Por gentileza ajustar conforme solicitado e reenviar.,9/30/2025 14:02,6/15/2026 23:04,6/15/2026 23:04,,Rejected,,,
IFD,IFD/FMM,31,BR-L1516,Progress Monitoring Report September Validation Workflow,93635,Approved-PMI_COO,mmacdowell,Team Leader,196927,Approved-PMI_TL,Satisfactory,,10/4/2019 14:55,6/15/2026 23:04,6/15/2026 23:04,PMI_TL,Completed by Team Leader,Completado por el Líder de Equipo,Completado pelo(a) Líder de Equipe,Complété par le Chef d’équipe
IFD,IFD/FMM,53,SU-L1060,Progress Monitoring Report September Validation Workflow,367494,Approved-PMI_COO,ZOILAL,Team Leader,1025408,Approved-PMI_TL,Alert,,10/27/2025 16:41,6/15/2026 23:04,6/15/2026 23:04,PMI_TL,Completed by Team Leader,Completado por el Líder de Equipo,Completado pelo(a) Líder de Equipe,Complété par le Chef d’équipe
IFD,IFD/FMM,45,BR-L1534,Progress Monitoring Report March Validation Workflow,278064,Rejected,PAOLAA,Chief of Operations,743092,Rejected,Satisfactory,"Segundo orientações de SPD, serão rejeitados todos os fluxos do ciclo para que o sistema seja reajustado e calcule corretamente a qualificação das operações.  Se infomará as equipes quando poderão ser relanzados os fluxos de validação. Obrigada.",4/2/2024 16:21,6/15/2026 23:04,6/15/2026 23:04,,Rejected,,,
IFD,IFD/FMM,45,BR-L1533,Progress Monitoring Report March Validation Workflow,280188,Approved,RMOTTACAFE,Team Leader,747181,Approved-PMI_TL,Satisfactory,,4/4/2024 8:24,6/15/2026 23:04,6/15/2026 23:04,PMI_TL,Completed by Team Leader,Completado por el Líder de Equipo,Completado pelo(a) Líder de Equipe,Complété par le Chef d’équipe
IFD,IFD/FMM,45,BR-L1535,Progress Monitoring Report March Validation Workflow,280203,Approved,ANDREMA,Team Leader,747234,Approved-PMI_TL,Satisfactory,,4/4/2024 9:34,6/15/2026 23:04,6/15/2026 23:04,PMI_TL,Completed by Team Leader,Completado por el Líder de Equipo,Completado pelo(a) Líder de Equipe,Complété par le Chef d’équipe
IFD,IFD/FMM,50,BL-L1031,Progress Monitoring Report March Validation Workflow,335091,Approved,RocioMB,Representative,933839,Approved-PMI_CR,Satisfactory,,4/30/2025 14:10,6/15/2026 23:04,6/15/2026 23:04,PMI_CR,Validated by Representative,Validada por el Representante de País,Validado pelo(a) Representante do País,Validé par le Représentant de pays
IFD,IFD/FMM,44,BR-L1592,Progress Monitoring Report September Validation Workflow,249343,Approved-PMI_COO,ANDREMA,Team Leader,654669,Approved-PMI_TL,Satisfactory,,9/29/2023 10:34,6/15/2026 23:04,6/15/2026 23:04,PMI_TL,Completed by Team Leader,Completado por el Líder de Equipo,Completado pelo(a) Líder de Equipe,Complété par le Chef d’équipe
IFD,IFD/FMM,45,UR-L1111,Progress Monitoring Report March Validation Workflow,279553,Cancelled,,Chief of Operations,745371,Cancelled,Satisfactory,,4/2/2024 18:41,6/15/2026 23:04,6/15/2026 23:04,,Cancelled,,,
IFD,IFD/FMM,34,EC-L1230,Progress Monitoring Report September Validation Workflow,112177,Approved-PMI_COO,UBALDOG,Team Leader,231569,Approved-PMI_TL,Alert,,10/9/2020 10:00,6/15/2026 23:04,6/15/2026 23:04,PMI_TL,Completed by Team Leader,Completado por el Líder de Equipo,Completado pelo(a) Líder de Equipe,Complété par le Chef d’équipe
IFD,IFD/FMM,34,BR-L1527,Progress Monitoring Report September Validation Workflow,112203,Approved-PMI_COO,PAOLAA,Chief of Operations,231635,Approved-PMI_COO,Satisfactory,,10/20/2020 23:05,6/15/2026 23:04,6/15/2026 23:04,PMI_COO,Validated by Chief of Operations,Validado por los Jefes de Operaciones,Validado pelo(a) Chefe de Operações,Validé par le Chef des opérations
IFD,IFD/FMM,40,BR-L1533,PMR Cycle & Startup Plan validation,197007,Rejected,PATRICIAGB,Team Leader,488076,Approved-PMI_TL,Problem,,9/30/2022 14:42,6/15/2026 23:04,6/15/2026 23:04,PMI_TL,Completed by Team Leader,Completado por el Líder de Equipo,Completado pelo(a) Líder de Equipe,Complété par le Chef d’équipe
IFD,IFD/FMM,38,UR-L1111,Progress Monitoring Report March Validation Workflow,174789,Approved,FERNANDOCU,Representative,424611,Approved-PMI_CR,Satisfactory,,4/20/2022 9:14,6/15/2026 23:04,6/15/2026 23:04,PMI_CR,Validated by Representative,Validada por el Representante de País,Validado pelo(a) Representante do País,Validé par le Représentant de pays
IFD,IFD/FMM,40,BR-L1377,Progress Monitoring Report September Validation Workflow,196832,Approved-PMI_COO,PAOLAA,Chief of Operations,487626,Approved-PMI_COO,Satisfactory,,10/18/2022 9:39,6/15/2026 23:04,6/15/2026 23:04,PMI_COO,Validated by Chief of Operations,Validado por los Jefes de Operaciones,Validado pelo(a) Chefe de Operações,Validé par le Chef des opérations
IFD,IFD/FMM,42,EC-L1253,Progress Monitoring Report March Validation Workflow,223701,Aprobado,AdrianaLV,Chief of Operations,569635,Approved-PMI_COO,Satisfactory,,4/5/2023 13:26,6/15/2026 23:04,6/15/2026 23:04,PMI_COO,Validated by Chief of Operations,Validado por los Jefes de Operaciones,Validado pelo(a) Chefe de Operações,Validé par le Chef des opérations
IFD,IFD/FMM,42,EC-L1253,Progress Monitoring Report March Validation Workflow,223701,Aprobado,emiliopi,Division Chief,573561,Approved-PMI_DC,Satisfactory,,4/25/2023 10:37,6/15/2026 23:04,6/15/2026 23:04,PMI_DC,Validated by Division Chief,Validada por el Jefe de División,Validado pelo(a) Chefe de Divisão,Validé par le Chef de Division
IFD,IFD/FMM,35,BR-L1377,Progress Monitoring Report March Validation Workflow,132619,Approved,emiliopi,Division Chief,292026,Approved-PMI_DC,Satisfactory,,4/8/2021 16:23,6/15/2026 23:04,6/15/2026 23:04,PMI_DC,Validated by Division Chief,Validada por el Jefe de División,Validado pelo(a) Chefe de Divisão,Validé par le Chef de Division
IFD,IFD/FMM,49,BR-L1535,Progress Monitoring Report September Validation Workflow,305515,Approved-PMI_COO,PAOLAA,Chief of Operations,829389,Approved-PMI_COO,Alert,,10/4/2024 14:58,6/15/2026 23:04,6/15/2026 23:04,PMI_COO,Validated by Chief of Operations,Validado por los Jefes de Operaciones,Validado pelo(a) Chefe de Operações,Validé par le Chef des opérations
IFD,IFD/FMM,50,SU-L1060,Progress Monitoring Report March Validation Workflow,335043,Approved,AdrianaLV,Representative,933881,Approved-PMI_CR,SATISFACTORY,,5/14/2025 13:47,6/15/2026 23:04,6/15/2026 23:04,PMI_CR,Validated by Representative,Validada por el Representante de País,Validado pelo(a) Representante do País,Validé par le Représentant de pays
IFD,IFD/FMM,53,PE-L1266,Progress Monitoring Report September Validation Workflow,362406,Approved-PMI_COO,ecambiasso,Chief of Operations,1008480,Approved-PMI_COO,Problem,,10/7/2025 16:01,6/15/2026 23:04,6/15/2026 23:04,PMI_COO,Validated by Chief of Operations,Validado por los Jefes de Operaciones,Validado pelo(a) Chefe de Operações,Validé par le Chef des opérations
IFD,IFD/FMM,53,PR-L1192,Progress Monitoring Report September Validation Workflow,362426,Approved-PMI_COO,olorarocha,Team Leader,1008544,Approved-PMI_TL,Satisfactory,,9/30/2025 11:51,6/15/2026 23:04,6/15/2026 23:04,PMI_TL,Completed by Team Leader,Completado por el Líder de Equipo,Completado pelo(a) Líder de Equipe,Complété par le Chef d’équipe
IFD,IFD/FMM,17,BR-L1377,Progress Monitoring Report March Validation Workflow,28839,Approved,jtostes,Team Leader,63712,Approved-PMI_TL,PROBLEM,,2/27/2018 10:54,6/15/2026 23:04,6/15/2026 23:04,PMI_TL,Completed by Team Leader,Completado por el Líder de Equipo,Completado pelo(a) Líder de Equipe,Complété par le Chef d’équipe
IFD,IFD/FMM,17,BR-L1377,Progress Monitoring Report March Validation Workflow,28839,Approved,santiagosc,Chief of Operations,63713,Approved-PMI_COO,PROBLEM,,2/27/2018 11:02,6/15/2026 23:04,6/15/2026 23:04,PMI_COO,Validated by Chief of Operations,Validado por los Jefes de Operaciones,Validado pelo(a) Chefe de Operações,Validé par le Chef des opérations
IFD,IFD/FMM,28,UR-L1111,Progress Monitoring Report September Validation Workflow,74781,Approved,fernandocu,Chief of Operations,164740,Approved-PMI_COO,N/A,,10/3/2018 13:16,6/15/2026 23:04,6/15/2026 23:04,PMI_COO,Validated by Chief of Operations,Validado por los Jefes de Operaciones,Validado pelo(a) Chefe de Operações,Validé par le Chef des opérations
IFD,IFD/FMM,38,BR-L1377,Progress Monitoring Report March Validation Workflow,174692,Approved,mmacdowell,Team Leader,415153,Approved-PMI_TL,Satisfactory,,3/25/2022 7:38,6/15/2026 23:04,6/15/2026 23:04,PMI_TL,Completed by Team Leader,Completado por el Líder de Equipo,Completado pelo(a) Líder de Equipe,Complété par le Chef d’équipe
IFD,IFD/FMM,38,BR-L1377,Progress Monitoring Report March Validation Workflow,174692,Approved,PAOLAA,Representative,424589,Approved-PMI_CR,Satisfactory,,4/19/2022 20:15,6/15/2026 23:04,6/15/2026 23:04,PMI_CR,Validated by Representative,Validada por el Representante de País,Validado pelo(a) Representante do País,Validé par le Représentant de pays
IFD,IFD/FMM,38,BR-L1501,Progress Monitoring Report March Validation Workflow,174693,Approved,mmacdowell,Team Leader,415155,Approved-PMI_TL,Satisfactory,,3/25/2022 7:39,6/15/2026 23:04,6/15/2026 23:04,PMI_TL,Completed by Team Leader,Completado por el Líder de Equipo,Completado pelo(a) Líder de Equipe,Complété par le Chef d’équipe
IFD,IFD/FMM,40,UR-L1111,Progress Monitoring Report September Validation Workflow,196919,Approved-PMI_COO,jgomezreino,Team Leader,487847,Approved-PMI_TL,Alert,,9/30/2022 12:01,6/15/2026 23:04,6/15/2026 23:04,PMI_TL,Completed by Team Leader,Completado por el Líder de Equipo,Completado pelo(a) Líder de Equipe,Complété par le Chef d’équipe
IFD,IFD/FMM,40,UR-L1111,Progress Monitoring Report September Validation Workflow,196919,Approved-PMI_COO,FERNANDOCU,Chief of Operations,487848,Approved-PMI_COO,Alert,,10/7/2022 9:12,6/15/2026 23:04,6/15/2026 23:04,PMI_COO,Validated by Chief of Operations,Validado por los Jefes de Operaciones,Validado pelo(a) Chefe de Operações,Validé par le Chef des opérations
IFD,IFD/FMM,29,BR-L1516,Progress Monitoring Report March Validation Workflow,83866,Approved,vicentef,Division Chief,182082,Approved-PMI_DC,Satisfactory,,3/28/2019 13:40,6/15/2026 23:04,6/15/2026 23:04,PMI_DC,Validated by Division Chief,Validada por el Jefe de División,Validado pelo(a) Chefe de Divisão,Validé par le Chef de Division
IFD,IFD/FMM,26,BR-L1377,Progress Monitoring Report March Validation Workflow,65853,Approved,carolines,Chief of Operations,143622,Approved-PMI_COO,SATISFACTORY,,3/28/2018 16:19,6/15/2026 23:04,6/15/2026 23:04,PMI_COO,Validated by Chief of Operations,Validado por los Jefes de Operaciones,Validado pelo(a) Chefe de Operações,Validé par le Chef des opérations
IFD,IFD/FMM,16,BR-L1377,Progress Monitoring Report September Validation Workflow,24547,Approved,danielac,Representative,53210,Approved-PMI_CR,null,,11/18/2015 7:19,6/15/2026 23:04,6/15/2026 23:04,PMI_CR,Validated by Representative,Validada por el Representante de País,Validado pelo(a) Representante do País,Validé par le Représentant de pays
IFD,IFD/FMM,26,PE-L1231,Progress Monitoring Report March Validation Workflow,65743,Approved,josel,Team Leader,143389,Approved-PMI_TL,SATISFACTORY,,3/16/2018 13:23,6/15/2026 23:04,6/15/2026 23:04,PMI_TL,Completed by Team Leader,Completado por el Líder de Equipo,Completado pelo(a) Líder de Equipe,Complété par le Chef d’équipe
IFD,IFD/FMM,26,AR-L1248,Progress Monitoring Report March Validation Workflow,65758,Approved,sergiori,Chief of Operations,143421,Approved-PMI_COO,SATISFACTORY,,4/6/2018 15:31,6/15/2026 23:04,6/15/2026 23:04,PMI_COO,Validated by Chief of Operations,Validado por los Jefes de Operaciones,Validado pelo(a) Chefe de Operações,Validé par le Chef des opérations
IFD,IFD/FMM,45,BR-L1511,Progress Monitoring Report March Validation Workflow,280250,Approved,PAOLAA,Representative,759219,Approved-PMI_CR,Satisfactory,,4/30/2024 19:15,6/15/2026 23:04,6/15/2026 23:04,PMI_CR,Validated by Representative,Validada por el Representante de País,Validado pelo(a) Representante do País,Validé par le Représentant de pays
IFD,IFD/FMM,45,BR-L1534,Progress Monitoring Report March Validation Workflow,280256,Approved,marianac,Division Chief,758377,Approved-PMI_DC,Satisfactory,,4/29/2024 11:32,6/15/2026 23:04,6/15/2026 23:04,PMI_DC,Validated by Division Chief,Validada por el Jefe de División,Validado pelo(a) Chefe de Divisão,Validé par le Chef de Division
IFD,IFD/FMM,45,PR-L1150,Progress Monitoring Report March Validation Workflow,280719,Approved,manuelfe,Representative,759204,Approved-PMI_CR,Satisfactory,,4/30/2024 8:49,6/15/2026 23:04,6/15/2026 23:04,PMI_CR,Validated by Representative,Validada por el Representante de País,Validado pelo(a) Representante do País,Validé par le Représentant de pays
IFD,IFD/FMM,54,BR-L1525,Progress Monitoring Report March Validation Workflow,398711,Approved,CGONCALVES,Team Leader,1123052,Approved-PMI_TL,Satisfactory,,3/30/2026 21:15,6/15/2026 23:04,6/15/2026 23:04,PMI_TL,Completed by Team Leader,Completado por el Líder de Equipo,Completado pelo(a) Líder de Equipe,Complété par le Chef d’équipe
IFD,IFD/FMM,38,PE-L1239,Progress Monitoring Report March Validation Workflow,174850,Aprobado,TOMASB,Representative,423420,Approved-PMI_CR,SATISFACTORY,,5/6/2022 11:00,6/15/2026 23:04,6/15/2026 23:04,PMI_CR,Validated by Representative,Validada por el Representante de País,Validado pelo(a) Representante do País,Validé par le Représentant de pays
IFD,IFD/FMM,38,EC-L1230,Progress Monitoring Report March Validation Workflow,179056,Aprobado,AdrianaLV,Representative,431864,Approved-PMI_CR,Problem,,5/5/2022 13:22,6/15/2026 23:04,6/15/2026 23:04,PMI_CR,Validated by Representative,Validada por el Representante de País,Validado pelo(a) Representante do País,Validé par le Représentant de pays
IFD,IFD/FMM,40,BR-L1535,PMR Cycle & Startup Plan validation,197013,Approved,PAOLAA,Chief of Operations,488091,Approved-PMI_COO,Satisfactory,,10/18/2022 9:47,6/15/2026 23:04,6/15/2026 23:04,PMI_COO,Validated by Chief of Operations,Validado por los Jefes de Operaciones,Validado pelo(a) Chefe de Operações,Validé par le Chef des opérations
IFD,IFD/FMM,29,PE-L1231,Progress Monitoring Report March Validation Workflow,85416,Approved,vicentef,Division Chief,183814,Approved-PMI_DC,SATISFACTORY,,4/16/2019 15:26,6/15/2026 23:04,6/15/2026 23:04,PMI_DC,Validated by Division Chief,Validada por el Jefe de División,Validado pelo(a) Chefe de Divisão,Validé par le Chef de Division
IFD,IFD/FMM,32,EC-L1230,PMR Cycle & Startup Plan validation,103082,Approved,gpalmerio,Chief of Operations,212018,Approved-PMI_COO,Satisfactory,,4/3/2020 17:50,6/15/2026 23:04,6/15/2026 23:04,PMI_COO,Validated by Chief of Operations,Validado por los Jefes de Operaciones,Validado pelo(a) Chefe de Operações,Validé par le Chef des opérations
IFD,IFD/FMM,50,BR-L1525,PMR Cycle & Startup Plan validation,336221,Approved,PAOLAA,Representative,933852,Approved-PMI_CR,Satisfactory,,4/30/2025 15:31,6/15/2026 23:04,6/15/2026 23:04,PMI_CR,Validated by Representative,Validada por el Representante de País,Validado pelo(a) Representante do País,Validé par le Représentant de pays
IFD,IFD/FMM,53,UR-L1111,Progress Monitoring Report September Validation Workflow,362146,Approved-PMI_COO,rlima,Chief of Operations,1007703,Approved-PMI_COO,Alert,,10/6/2025 15:43,6/15/2026 23:04,6/15/2026 23:04,PMI_COO,Validated by Chief of Operations,Validado por los Jefes de Operaciones,Validado pelo(a) Chefe de Operações,Validé par le Chef des opérations
IFD,IFD/FMM,45,PR-L1150,Progress Monitoring Report March Validation Workflow,280719,Approved,manuelfe,Chief of Operations,748819,Approved-PMI_COO,Satisfactory,,4/9/2024 14:20,6/15/2026 23:04,6/15/2026 23:04,PMI_COO,Validated by Chief of Operations,Validado por los Jefes de Operaciones,Validado pelo(a) Chefe de Operações,Validé par le Chef des opérations
IFD,IFD/FMM,50,CH-L1178,Progress Monitoring Report March Validation Workflow,335413,Approved,FERNANDOCU,Representative,933863,Approved-PMI_CR,Problem,,4/30/2025 17:53,6/15/2026 23:04,6/15/2026 23:04,PMI_CR,Validated by Representative,Validada por el Representante de País,Validado pelo(a) Representante do País,Validé par le Représentant de pays
IFD,IFD/FMM,50,PE-L1266,Progress Monitoring Report March Validation Workflow,335856,Approved,mruizarranz,Division Chief,927332,Approved-PMI_DC,Alert,,4/30/2025 9:10,6/15/2026 23:04,6/15/2026 23:04,PMI_DC,Validated by Division Chief,Validada por el Jefe de División,Validado pelo(a) Chefe de Divisão,Validé par le Chef de Division
IFD,IFD/FMM,50,CO-L1245,Progress Monitoring Report March Validation Workflow,335077,Aprobado,PabloAn,Representative,933865,Approved-PMI_CR,Satisfactory,,4/30/2025 16:35,6/15/2026 23:04,6/15/2026 23:04,PMI_CR,Validated by Representative,Validada por el Representante de País,Validado pelo(a) Representante do País,Validé par le Représentant de pays
IFD,IFD/FMM,54,BL-L1038,Progress Monitoring Report March Validation Workflow,398856,Rejected,JESSICACH,Team Leader,1123458,Approved-PMI_TL,Satisfactory,,3/31/2026 14:49,6/15/2026 23:04,6/15/2026 23:04,PMI_TL,Completed by Team Leader,Completado por el Líder de Equipo,Completado pelo(a) Líder de Equipe,Complété par le Chef d’équipe
IFD,IFD/FMM,42,BR-L1525,Progress Monitoring Report March Validation Workflow,223462,Approved,PAOLAA,Chief of Operations,569003,Approved-PMI_COO,Problem,,4/22/2023 18:11,6/15/2026 23:04,6/15/2026 23:04,PMI_COO,Validated by Chief of Operations,Validado por los Jefes de Operaciones,Validado pelo(a) Chefe de Operações,Validé par le Chef des opérations
IFD,IFD/FMM,42,BR-L1525,Progress Monitoring Report March Validation Workflow,223462,Approved,MORGAND,Representative,582278,Approved-PMI_CR,Problem,,4/25/2023 10:30,6/15/2026 23:04,6/15/2026 23:04,PMI_CR,Validated by Representative,Validada por el Representante de País,Validado pelo(a) Representante do País,Validé par le Représentant de pays
IFD,IFD/FMM,38,PE-L1266,Progress Monitoring Report March Validation Workflow,174851,Aprobado,AXELRADICS,Team Leader,415558,Approved-PMI_TL,Satisfactory,,3/25/2022 14:41,6/15/2026 23:04,6/15/2026 23:04,PMI_TL,Completed by Team Leader,Completado por el Líder de Equipo,Completado pelo(a) Líder de Equipe,Complété par le Chef d’équipe
IFD,IFD/FMM,38,PE-L1266,Progress Monitoring Report March Validation Workflow,174851,Aprobado,emiliopi,Division Chief,421531,Approved-PMI_DC,Satisfactory,,4/13/2022 9:58,6/15/2026 23:04,6/15/2026 23:04,PMI_DC,Validated by Division Chief,Validada por el Jefe de División,Validado pelo(a) Chefe de Divisão,Validé par le Chef de Division
IFD,IFD/FMM,45,BR-L1501,Progress Monitoring Report March Validation Workflow,280219,Approved,PAOLAA,Chief of Operations,747276,Approved-PMI_COO,Satisfactory,,4/26/2024 9:49,6/15/2026 23:04,6/15/2026 23:04,PMI_COO,Validated by Chief of Operations,Validado por los Jefes de Operaciones,Validado pelo(a) Chefe de Operações,Validé par le Chef des opérations
IFD,IFD/FMM,45,BR-L1527,Progress Monitoring Report March Validation Workflow,280223,Approved,mmacdowell,Team Leader,747283,Approved-PMI_TL,Satisfactory,,4/4/2024 10:08,6/15/2026 23:04,6/15/2026 23:04,PMI_TL,Completed by Team Leader,Completado por el Líder de Equipo,Completado pelo(a) Líder de Equipe,Complété par le Chef d’équipe
IFD,IFD/FMM,45,BR-L1525,Progress Monitoring Report March Validation Workflow,280230,Approved,ANDREMA,Team Leader,747310,Approved-PMI_TL,Satisfactory,,4/4/2024 10:24,6/15/2026 23:04,6/15/2026 23:04,PMI_TL,Completed by Team Leader,Completado por el Líder de Equipo,Completado pelo(a) Líder de Equipe,Complété par le Chef d’équipe
IFD,IFD/FMM,42,BR-L1516,Progress Monitoring Report March Validation Workflow,223546,Approved,mmacdowell,Team Leader,569211,Approved-PMI_TL,Satisfactory,,3/27/2023 19:05,6/15/2026 23:04,6/15/2026 23:04,PMI_TL,Completed by Team Leader,Completado por el Líder de Equipo,Completado pelo(a) Líder de Equipe,Complété par le Chef d’équipe
IFD,IFD/FMM,54,BR-L1599,Progress Monitoring Report March Validation Workflow,398482,Approved,susanar,Division Chief,1132452,Approved-PMI_DC,Satisfactory,,4/22/2026 12:09,6/15/2026 23:04,6/15/2026 23:04,PMI_DC,Validated by Division Chief,Validada por el Jefe de División,Validado pelo(a) Chefe de Divisão,Validé par le Chef de Division
IFD,IFD/FMM,29,AR-L1248,Progress Monitoring Report March Validation Workflow,83802,Rejected,EARRAIZA,Chief of Operations,180023,Rejected,Alert,En acuerdo con el equipo de proyecto se devuelve la actividad.,4/3/2019 17:07,6/15/2026 23:04,6/15/2026 23:04,,Rejected,,,
IFD,IFD/FMM,35,CO-L1245,Progress Monitoring Report March Validation Workflow,132960,Aprobado,kelvins,Chief of Operations,291620,Approved-PMI_COO,Satisfactory,,4/19/2021 13:30,6/15/2026 23:04,6/15/2026 23:04,PMI_COO,Validated by Chief of Operations,Validado por los Jefes de Operaciones,Validado pelo(a) Chefe de Operações,Validé par le Chef des opérations
IFD,IFD/FMM,44,BR-L1550,PMR Cycle & Startup Plan validation,249458,Rejected,RMOTTACAFE,Team Leader,654904,Approved-PMI_TL,Problem,,9/29/2023 16:08,6/15/2026 23:04,6/15/2026 23:04,PMI_TL,Completed by Team Leader,Completado por el Líder de Equipo,Completado pelo(a) Líder de Equipe,Complété par le Chef d’équipe
IFD,IFD/FMM,45,PE-L1239,Progress Monitoring Report March Validation Workflow,280085,Approved,marianac,Division Chief,754196,Approved-PMI_DC,Satisfactory,,4/29/2024 10:58,6/15/2026 23:04,6/15/2026 23:04,PMI_DC,Validated by Division Chief,Validada por el Jefe de División,Validado pelo(a) Chefe de Divisão,Validé par le Chef de Division
IFD,IFD/FMM,49,PN-L1172,Progress Monitoring Report September Validation Workflow,306220,Approved-PMI_COO,UBALDOG,Team Leader,831560,Approved-PMI_TL,Problem,,10/2/2024 15:44,6/15/2026 23:04,6/15/2026 23:04,PMI_TL,Completed by Team Leader,Completado por el Líder de Equipo,Completado pelo(a) Líder de Equipe,Complété par le Chef d’équipe
IFD,IFD/FMM,50,AR-L1248,Progress Monitoring Report March Validation Workflow,334736,Aprobado,mruizarranz,Division Chief,927410,Approved-PMI_DC,Satisfactory,,4/30/2025 9:09,6/15/2026 23:04,6/15/2026 23:04,PMI_DC,Validated by Division Chief,Validada por el Jefe de División,Validado pelo(a) Chefe de Divisão,Validé par le Chef de Division
IFD,IFD/FMM,54,BR-L1539,Progress Monitoring Report March Validation Workflow,398431,Approved,ANASTASIYAY,Team Leader,1121976,Approved-PMI_TL,Satisfactory,,3/27/2026 17:44,6/15/2026 23:04,6/15/2026 23:04,PMI_TL,Completed by Team Leader,Completado por el Líder de Equipo,Completado pelo(a) Líder de Equipe,Complété par le Chef d’équipe
IFD,IFD/FMM,54,BR-L1517,Progress Monitoring Report March Validation Workflow,398433,Approved,susanar,Division Chief,1132437,Approved-PMI_DC,Satisfactory,,4/22/2026 11:31,6/15/2026 23:04,6/15/2026 23:04,PMI_DC,Validated by Division Chief,Validada por el Jefe de División,Validado pelo(a) Chefe de Divisão,Validé par le Chef de Division
IFD,IFD/FMM,35,BR-L1535,Progress Monitoring Report March Validation Workflow,132159,Approved,mmacdowell,Team Leader,289417,Approved-PMI_TL,Satisfactory,,3/26/2021 18:10,6/15/2026 23:04,6/15/2026 23:04,PMI_TL,Completed by Team Leader,Completado por el Líder de Equipo,Completado pelo(a) Líder de Equipe,Complété par le Chef d’équipe
IFD,IFD/FMM,40,BR-L1533,PMR Cycle & Startup Plan validation,199108,Approved,PATRICIAGB,Team Leader,495691,Approved-PMI_TL,Problem,,10/14/2022 15:28,6/15/2026 23:04,6/15/2026 23:04,PMI_TL,Completed by Team Leader,Completado por el Líder de Equipo,Completado pelo(a) Líder de Equipe,Complété par le Chef d’équipe
IFD,IFD/FMM,40,PE-L1266,PMR Cycle & Startup Plan validation,202474,Aprobado,TOMASB,Representative,507934,Approved-PMI_CR,Problem,,11/9/2022 17:39,6/15/2026 23:04,6/15/2026 23:04,PMI_CR,Validated by Representative,Validada por el Representante de País,Validado pelo(a) Representante do País,Validé par le Représentant de pays
IFD,IFD/FMM,49,BR-L1513,PMR Cycle & Startup Plan validation,305514,Approved,ANDREMA,Team Leader,829383,Approved-PMI_TL,Problem,,9/30/2024 9:06,6/15/2026 23:04,6/15/2026 23:04,PMI_TL,Completed by Team Leader,Completado por el Líder de Equipo,Completado pelo(a) Líder de Equipe,Complété par le Chef d’équipe
IFD,IFD/FMM,49,BR-L1513,PMR Cycle & Startup Plan validation,305514,Approved,susanar,Division Chief,832758,Approved-PMI_DC,Problem,,11/12/2024 11:12,6/15/2026 23:04,6/15/2026 23:04,PMI_DC,Validated by Division Chief,Validada por el Jefe de División,Validado pelo(a) Chefe de Divisão,Validé par le Chef de Division
IFD,IFD/FMM,49,BR-L1592,Progress Monitoring Report September Validation Workflow,305517,Approved-PMI_COO,PAOLAA,Chief of Operations,829393,Approved-PMI_COO,Problem,,10/4/2024 14:59,6/15/2026 23:04,6/15/2026 23:04,PMI_COO,Validated by Chief of Operations,Validado por los Jefes de Operaciones,Validado pelo(a) Chefe de Operações,Validé par le Chef des opérations
IFD,IFD/FMM,53,PR-L1192,Progress Monitoring Report September Validation Workflow,362426,Approved-PMI_COO,manuelfe,Chief of Operations,1008545,Approved-PMI_COO,Satisfactory,,10/1/2025 16:20,6/15/2026 23:04,6/15/2026 23:04,PMI_COO,Validated by Chief of Operations,Validado por los Jefes de Operaciones,Validado pelo(a) Chefe de Operações,Validé par le Chef des opérations
IFD,IFD/FMM,44,CO-L1164,Progress Monitoring Report September Validation Workflow,249403,Approved-PMI_COO,kelvins,Chief of Operations,654786,Approved-PMI_COO,Alert,,10/12/2023 12:14,6/15/2026 23:04,6/15/2026 23:04,PMI_COO,Validated by Chief of Operations,Validado por los Jefes de Operaciones,Validado pelo(a) Chefe de Operações,Validé par le Chef des opérations
IFD,IFD/FMM,40,BR-L1539,Progress Monitoring Report September Validation Workflow,196549,Approved-PMI_COO,PAOLAA,Chief of Operations,486720,Approved-PMI_COO,Satisfactory,,10/18/2022 9:48,6/15/2026 23:04,6/15/2026 23:04,PMI_COO,Validated by Chief of Operations,Validado por los Jefes de Operaciones,Validado pelo(a) Chefe de Operações,Validé par le Chef des opérations
IFD,IFD/FMM,40,BR-L1517,PMR Cycle & Startup Plan validation,197092,Rejected,PAOLAA,Chief of Operations,488308,Rejected,Problem,"Por gentileza revisar o startup plan e retirar os valores reportados como realizado nos indicadores gerais e específicos de desenvolvimento da operação. Nesta estapa deve-se considerar somente os valores planejados, ou seja, da linha (P).  Depois dos ajustes reenviar. QQ duvidas podem contactar a nosso ponto focal de PMR em CBR (Higor G). ",10/7/2022 20:40,6/15/2026 23:04,6/15/2026 23:04,,Rejected,,,
IFD,IFD/FMM,38,BR-L1525,Progress Monitoring Report March Validation Workflow,174423,Approved,PATRICIAGB,Team Leader,414457,Approved-PMI_TL,Problem,,3/23/2022 16:27,6/15/2026 23:04,6/15/2026 23:04,PMI_TL,Completed by Team Leader,Completado por el Líder de Equipo,Completado pelo(a) Líder de Equipe,Complété par le Chef d’équipe
IFD,IFD/FMM,50,UR-L1111,Progress Monitoring Report March Validation Workflow,335181,Approved,rlima,Chief of Operations,920354,Approved-PMI_COO,Satisfactory,,4/7/2025 14:47,6/15/2026 23:04,6/15/2026 23:04,PMI_COO,Validated by Chief of Operations,Validado por los Jefes de Operaciones,Validado pelo(a) Chefe de Operações,Validé par le Chef des opérations
IFD,IFD/FMM,50,PN-L1161,Progress Monitoring Report March Validation Workflow,335188,Aprobado,jeant,Chief of Operations,920370,Approved-PMI_COO,Alert,,4/16/2025 8:45,6/15/2026 23:04,6/15/2026 23:04,PMI_COO,Validated by Chief of Operations,Validado por los Jefes de Operaciones,Validado pelo(a) Chefe de Operações,Validé par le Chef des opérations
IFD,IFD/FMM,50,PN-L1161,Progress Monitoring Report March Validation Workflow,335188,Aprobado,jeant,Representative,933876,Approved-PMI_CR,Alert,,4/30/2025 18:20,6/15/2026 23:04,6/15/2026 23:04,PMI_CR,Validated by Representative,Validada por el Representante de País,Validado pelo(a) Representante do País,Validé par le Représentant de pays
IFD,IFD/FMM,50,PN-L1172,Progress Monitoring Report March Validation Workflow,335189,Aprobado,jeant,Representative,933877,Approved-PMI_CR,SATISFACTORY,,4/30/2025 18:20,6/15/2026 23:04,6/15/2026 23:04,PMI_CR,Validated by Representative,Validada por el Representante de País,Validado pelo(a) Representante do País,Validé par le Représentant de pays
IFD,IFD/FMM,50,CO-L1164,Progress Monitoring Report March Validation Workflow,336092,Rejected,mariosa,Team Leader,923237,Approved-PMI_TL,Problem,,4/4/2025 16:58,6/15/2026 23:04,6/15/2026 23:04,PMI_TL,Completed by Team Leader,Completado por el Líder de Equipo,Completado pelo(a) Líder de Equipe,Complété par le Chef d’équipe
IFD,IFD/FMM,50,BL-L1038,Progress Monitoring Report March Validation Workflow,336109,Approved,RocioMB,Representative,933840,Approved-PMI_CR,Alert,,5/2/2025 12:20,6/15/2026 23:04,6/15/2026 23:04,PMI_CR,Validated by Representative,Validada por el Representante de País,Validado pelo(a) Representante do País,Validé par le Représentant de pays
IFD,IFD/FMM,54,BR-L1539,Progress Monitoring Report March Validation Workflow,398431,Approved,susanar,Division Chief,1132442,Approved-PMI_DC,Satisfactory,,4/22/2026 12:01,6/15/2026 23:04,6/15/2026 23:04,PMI_DC,Validated by Division Chief,Validada por el Jefe de División,Validado pelo(a) Chefe de Divisão,Validé par le Chef de Division
IFD,IFD/FMM,54,BR-L1513,Progress Monitoring Report March Validation Workflow,398432,Approved,YUDYB,Chief of Operations,1121979,Approved-PMI_COO,Satisfactory,,4/17/2026 9:24,6/15/2026 23:04,6/15/2026 23:04,PMI_COO,Validated by Chief of Operations,Validado por los Jefes de Operaciones,Validado pelo(a) Chefe de Operações,Validé par le Chef des opérations
IFD,IFD/FMM,54,UR-L1193,Progress Monitoring Report March Validation Workflow,398886,Aprobado,susanar,Division Chief,1128405,Approved-PMI_DC,Satisfactory,On behalf of Marta Ruiz Arranz: Se solicita al equipo mantener actualizado los campos del verificador de contenido.,4/29/2026 11:53,6/15/2026 23:04,6/15/2026 23:04,PMI_DC,Validated by Division Chief,Validada por el Jefe de División,Validado pelo(a) Chefe de Divisão,Validé par le Chef de Division
IFD,IFD/FMM,54,PR-L1150,Progress Monitoring Report March Validation Workflow,398906,Approved,manuelfe,Representative,1136729,Approved-PMI_CR,Satisfactory,,5/8/2026 15:45,6/15/2026 23:04,6/15/2026 23:04,PMI_CR,Validated by Representative,Validada por el Representante de País,Validado pelo(a) Representante do País,Validé par le Représentant de pays
IFD,IFD/FMM,42,SU-L1060,Progress Monitoring Report March Validation Workflow,223758,Approved,stevenc,Chief of Operations,569791,Approved-PMI_COO,Satisfactory,,3/29/2023 10:00,6/15/2026 23:04,6/15/2026 23:04,PMI_COO,Validated by Chief of Operations,Validado por los Jefes de Operaciones,Validado pelo(a) Chefe de Operações,Validé par le Chef des opérations
IFD,IFD/FMM,50,EC-L1251,Progress Monitoring Report March Validation Workflow,335196,Approved,mruizarranz,Division Chief,924419,Approved-PMI_DC,Satisfactory,,4/30/2025 9:10,6/15/2026 23:04,6/15/2026 23:04,PMI_DC,Validated by Division Chief,Validada por el Jefe de División,Validado pelo(a) Chefe de Divisão,Validé par le Chef de Division
IFD,IFD/FMM,29,AR-L1248,Progress Monitoring Report March Validation Workflow,85934,Approved,emiliopi,Team Leader,183428,Approved-PMI_TL,Alert,"Durante 2018 el proyecto sufrió limitantes para su ejecución asociadas con las restricciones presupuestales del programa de ajuste del gobierno federal y a la fuerte devaluación del peso que redujo el monto de los contratos ya adjudicados en términos de dólares. Estos problemas que fueron exógenos a la correcta ejecución del programa han sido mitigados para este 2019 donde el Programa cuenta con espacio presupuestal para ejecutar conforme a lo programado.  El equipo de proyecto estima que durante 2019 se desembolsarán US$35 millones. Esta estimación se encuentra respaldada por US$35 millones de contratos en ejecución y que estarán en su mayor parte concluidos en 2019. Adicionalmente, durante 2019 se estima que se comprometerán otros US$45 millones en proceso ya muy avanzados que llevarán el monto total comprometido a alrededor del 70%. Por lo tanto, con este nivel de desembolso y compromiso se juzga que el desempeño del programa es satisfactorio.",4/8/2019 14:09,6/15/2026 23:04,6/15/2026 23:04,PMI_TL,Completed by Team Leader,Completado por el Líder de Equipo,Completado pelo(a) Líder de Equipe,Complété par le Chef d’équipe
IFD,IFD/FMM,32,PR-L1150,Progress Monitoring Report March Validation Workflow,103323,Approved,marianac,Division Chief,214722,Approved-PMI_DC,Satisfactory,,4/10/2020 11:43,6/15/2026 23:04,6/15/2026 23:04,PMI_DC,Validated by Division Chief,Validada por el Jefe de División,Validado pelo(a) Chefe de Divisão,Validé par le Chef de Division
IFD,IFD/FMM,29,PE-L1239,Progress Monitoring Report March Validation Workflow,85271,Approved,vicentef,Division Chief,183816,Approved-PMI_DC,Satisfactory,,4/16/2019 15:26,6/15/2026 23:04,6/15/2026 23:04,PMI_DC,Validated by Division Chief,Validada por el Jefe de División,Validado pelo(a) Chefe de Divisão,Validé par le Chef de Division
IFD,IFD/FMM,32,BR-L1511,PMR Cycle & Startup Plan validation,103257,Approved,anapa,Team Leader,212332,Approved-PMI_TL,Satisfactory,,3/20/2020 15:05,6/15/2026 23:04,6/15/2026 23:04,PMI_TL,Completed by Team Leader,Completado por el Líder de Equipo,Completado pelo(a) Líder de Equipe,Complété par le Chef d’équipe
IFD,IFD/FMM,49,CH-L1178,Progress Monitoring Report September Validation Workflow,306487,Approved-PMI_COO,PabloAn,Chief of Operations,832417,Approved-PMI_COO,Satisfactory,,10/10/2024 14:58,6/15/2026 23:04,6/15/2026 23:04,PMI_COO,Validated by Chief of Operations,Validado por los Jefes de Operaciones,Validado pelo(a) Chefe de Operações,Validé par le Chef des opérations
IFD,IFD/FMM,49,EC-L1251,Progress Monitoring Report September Validation Workflow,307487,Approved-PMI_COO,ZOILAN,Team Leader,835678,Approved-PMI_TL,Satisfactory,,10/10/2024 14:57,6/15/2026 23:04,6/15/2026 23:04,PMI_TL,Completed by Team Leader,Completado por el Líder de Equipo,Completado pelo(a) Líder de Equipe,Complété par le Chef d’équipe
IFD,IFD/FMM,42,EC-L1230,Progress Monitoring Report March Validation Workflow,224064,Aprobado,AdrianaLV,Chief of Operations,570737,Approved-PMI_COO,Satisfactory,,4/5/2023 13:25,6/15/2026 23:04,6/15/2026 23:04,PMI_COO,Validated by Chief of Operations,Validado por los Jefes de Operaciones,Validado pelo(a) Chefe de Operações,Validé par le Chef des opérations
IFD,IFD/FMM,45,PN-L1161,Progress Monitoring Report March Validation Workflow,281705,Aprobado,marianac,Division Chief,756600,Approved-PMI_DC,SATISFACTORY,,4/29/2024 11:03,6/15/2026 23:04,6/15/2026 23:04,PMI_DC,Validated by Division Chief,Validada por el Jefe de División,Validado pelo(a) Chefe de Divisão,Validé par le Chef de Division
IFD,IFD/FMM,50,PE-L1239,Progress Monitoring Report March Validation Workflow,335869,Approved,ecambiasso,Chief of Operations,922531,Approved-PMI_COO,Satisfactory,,4/14/2025 17:42,6/15/2026 23:04,6/15/2026 23:04,PMI_COO,Validated by Chief of Operations,Validado por los Jefes de Operaciones,Validado pelo(a) Chefe de Operações,Validé par le Chef des opérations
IFD,IFD/FMM,54,PE-L1239,Progress Monitoring Report March Validation Workflow,400436,Approved,susanar,Division Chief,1133114,Approved-PMI_DC,Satisfactory,On behalf of Marta Ruiz Arranz: Se solicita al equipo mantener actualizado los campos del verificador de contenido.,4/29/2026 11:38,6/15/2026 23:04,6/15/2026 23:04,PMI_DC,Validated by Division Chief,Validada por el Jefe de División,Validado pelo(a) Chefe de Divisão,Validé par le Chef de Division
IFD,IFD/FMM,54,PE-L1288,Progress Monitoring Report March Validation Workflow,400441,Approved,susanar,Division Chief,1133134,Approved-PMI_DC,N/A,On behalf of Marta Ruiz Arranz: Se solicita al equipo mantener actualizado los campos del verificador de contenido.,4/29/2026 11:45,6/15/2026 23:04,6/15/2026 23:04,PMI_DC,Validated by Division Chief,Validada por el Jefe de División,Validado pelo(a) Chefe de Divisão,Validé par le Chef de Division
IFD,IFD/FMM,53,BR-L1377,Progress Monitoring Report September Validation Workflow,363080,Approved-PMI_COO,mmacdowell,Team Leader,1010604,Approved-PMI_TL,Satisfactory,,10/2/2025 13:34,6/15/2026 23:04,6/15/2026 23:04,PMI_TL,Completed by Team Leader,Completado por el Líder de Equipo,Completado pelo(a) Líder de Equipe,Complété par le Chef d’équipe
IFD,IFD/FMM,54,BR-L1658,Progress Monitoring Report March Validation Workflow,398473,Approved,mmacdowell,Team Leader,1122097,Approved-PMI_TL,Satisfactory,,3/27/2026 19:56,6/15/2026 23:04,6/15/2026 23:04,PMI_TL,Completed by Team Leader,Completado por el Líder de Equipo,Completado pelo(a) Líder de Equipe,Complété par le Chef d’équipe
IFD,IFD/FMM,54,EC-L1230,Progress Monitoring Report March Validation Workflow,399419,Approved,susanar,Division Chief,1132721,Approved-PMI_DC,SATISFACTORY,On behalf of Marta Ruiz Arranz: Se solicita al equipo mantener actualizado los campos del verificador de contenido.,4/29/2026 11:28,6/15/2026 23:04,6/15/2026 23:04,PMI_DC,Validated by Division Chief,Validada por el Jefe de División,Validado pelo(a) Chefe de Divisão,Validé par le Chef de Division
IFD,IFD/FMM,50,BR-L1539,Progress Monitoring Report March Validation Workflow,334645,Approved,ANDREMA,Team Leader,918925,Approved-PMI_TL,Satisfactory,,3/28/2025 10:47,6/15/2026 23:04,6/15/2026 23:04,PMI_TL,Completed by Team Leader,Completado por el Líder de Equipo,Completado pelo(a) Líder de Equipe,Complété par le Chef d’équipe
IFD,IFD/FMM,53,BR-L1517,Progress Monitoring Report September Validation Workflow,361962,Approved-PMI_COO,ANDREMA,Team Leader,1007133,Approved-PMI_TL,Satisfactory,,9/26/2025 17:17,6/15/2026 23:04,6/15/2026 23:04,PMI_TL,Completed by Team Leader,Completado por el Líder de Equipo,Completado pelo(a) Líder de Equipe,Complété par le Chef d’équipe
IFD,IFD/FMM,34,AR-L1248,Progress Monitoring Report September Validation Workflow,111904,Approved-PMI_COO,vivianaa,Chief of Operations,230882,Approved-PMI_COO,Problem,,10/15/2020 18:10,6/15/2026 23:04,6/15/2026 23:04,PMI_COO,Validated by Chief of Operations,Validado por los Jefes de Operaciones,Validado pelo(a) Chefe de Operações,Validé par le Chef des opérations
IFD,IFD/FMM,38,CO-L1245,Progress Monitoring Report March Validation Workflow,174881,Aprobado,kelvins,Representative,423412,Approved-PMI_CR,Satisfactory,,4/19/2022 14:58,6/15/2026 23:04,6/15/2026 23:04,PMI_CR,Validated by Representative,Validada por el Representante de País,Validado pelo(a) Representante do País,Validé par le Représentant de pays
IFD,IFD/FMM,45,EC-L1253,Progress Monitoring Report March Validation Workflow,282385,Approved,VinicioR,Representative,759164,Approved-PMI_CR,Satisfactory,,4/29/2024 17:30,6/15/2026 23:04,6/15/2026 23:04,PMI_CR,Validated by Representative,Validada por el Representante de País,Validado pelo(a) Representante do País,Validé par le Représentant de pays
IFD,IFD/FMM,54,BR-L1535,Progress Monitoring Report March Validation Workflow,401592,Approved,YUDYB,Chief of Operations,1132844,Approved-PMI_COO,Satisfactory,,4/17/2026 16:15,6/15/2026 23:04,6/15/2026 23:04,PMI_COO,Validated by Chief of Operations,Validado por los Jefes de Operaciones,Validado pelo(a) Chefe de Operações,Validé par le Chef des opérations
IFD,IFD/FMM,45,AR-L1248,Progress Monitoring Report March Validation Workflow,280506,Aprobado,jgomezreino,Team Leader,748079,Approved-PMI_TL,Satisfactory,,4/5/2024 8:24,6/15/2026 23:04,6/15/2026 23:04,PMI_TL,Completed by Team Leader,Completado por el Líder de Equipo,Completado pelo(a) Líder de Equipe,Complété par le Chef d’équipe
IFD,IFD/FMM,45,AR-L1248,Progress Monitoring Report March Validation Workflow,280506,Aprobado,marianac,Division Chief,752723,Approved-PMI_DC,Satisfactory,,4/29/2024 11:18,6/15/2026 23:04,6/15/2026 23:04,PMI_DC,Validated by Division Chief,Validada por el Jefe de División,Validado pelo(a) Chefe de Divisão,Validé par le Chef de Division
IFD,IFD/FMM,34,BR-L1534,Progress Monitoring Report September Validation Workflow,112407,Approved-PMI_COO,anapa,Team Leader,232136,Approved-PMI_TL,Satisfactory,,10/9/2020 16:32,6/15/2026 23:04,6/15/2026 23:04,PMI_TL,Completed by Team Leader,Completado por el Líder de Equipo,Completado pelo(a) Líder de Equipe,Complété par le Chef d’équipe
IFD,IFD/FMM,38,AR-L1285,Progress Monitoring Report March Validation Workflow,176817,Approved,emiliopi,Division Chief,421794,Approved-PMI_DC,ALERT,,4/19/2022 14:15,6/15/2026 23:04,6/15/2026 23:04,PMI_DC,Validated by Division Chief,Validada por el Jefe de División,Validado pelo(a) Chefe de Divisão,Validé par le Chef de Division
IFD,IFD/FMM,38,BR-L1517,Progress Monitoring Report March Validation Workflow,174484,Approved,emiliopi,Division Chief,421114,Approved-PMI_DC,Satisfactory,,4/19/2022 14:17,6/15/2026 23:04,6/15/2026 23:04,PMI_DC,Validated by Division Chief,Validada por el Jefe de División,Validado pelo(a) Chefe de Divisão,Validé par le Chef de Division
IFD,IFD/FMM,54,BR-L1592,Progress Monitoring Report March Validation Workflow,398438,Approved,YUDYB,Chief of Operations,1121988,Approved-PMI_COO,Satisfactory,,4/8/2026 22:10,6/15/2026 23:04,6/15/2026 23:04,PMI_COO,Validated by Chief of Operations,Validado por los Jefes de Operaciones,Validado pelo(a) Chefe de Operações,Validé par le Chef des opérations
IFD,IFD/FMM,44,BR-L1517,Progress Monitoring Report September Validation Workflow,249304,Approved-PMI_COO,anapa,Team Leader,654600,Approved-PMI_TL,Problem,,9/29/2023 9:23,6/15/2026 23:04,6/15/2026 23:04,PMI_TL,Completed by Team Leader,Completado por el Líder de Equipo,Completado pelo(a) Líder de Equipe,Complété par le Chef d’équipe
IFD,IFD/FMM,45,CO-L1164,Progress Monitoring Report March Validation Workflow,284719,Aprobado,mariosa,Team Leader,762981,Approved-PMI_TL,Satisfactory,,5/7/2024 9:00,6/15/2026 23:04,6/15/2026 23:04,PMI_TL,Completed by Team Leader,Completado por el Líder de Equipo,Completado pelo(a) Líder de Equipe,Complété par le Chef d’équipe
IFD,IFD/FMM,50,UR-L1193,Progress Monitoring Report March Validation Workflow,335190,Approved,LGRODRIGUEZ,Chief of Operations,920376,Approved-PMI_COO,Satisfactory,Equipo confirma que avance necesario en los pliegos se alcanzará para cumplir con la ejecución prevista en 2025.,4/11/2025 11:09,6/15/2026 23:04,6/15/2026 23:04,PMI_COO,Validated by Chief of Operations,Validado por los Jefes de Operaciones,Validado pelo(a) Chefe de Operações,Validé par le Chef des opérations
IFD,IFD/FMM,50,UR-L1193,Progress Monitoring Report March Validation Workflow,335190,Approved,mruizarranz,Division Chief,926374,Approved-PMI_DC,Satisfactory,,4/30/2025 9:11,6/15/2026 23:04,6/15/2026 23:04,PMI_DC,Validated by Division Chief,Validada por el Jefe de División,Validado pelo(a) Chefe de Divisão,Validé par le Chef de Division
IFD,IFD/FMM,53,BR-L1550,Progress Monitoring Report September Validation Workflow,361991,Approved-PMI_COO,PAOLAA,Chief of Operations,1007211,Approved-PMI_COO,Alert,,10/15/2025 18:56,6/15/2026 23:04,6/15/2026 23:04,PMI_COO,Validated by Chief of Operations,Validado por los Jefes de Operaciones,Validado pelo(a) Chefe de Operações,Validé par le Chef des opérations
IFD,IFD/FMM,54,BR-L1377,Progress Monitoring Report March Validation Workflow,398471,Approved,ANNETTEK,Representative,1139498,Approved-PMI_CR,Satisfactory,,5/15/2026 18:04,6/15/2026 23:04,6/15/2026 23:04,PMI_CR,Validated by Representative,Validada por el Representante de País,Validado pelo(a) Representante do País,Validé par le Représentant de pays
IFD,IFD/FMM,53,BR-L1534,Progress Monitoring Report September Validation Workflow,362185,Rejected,mmacdowell,Team Leader,1007800,Approved-PMI_TL,Problem,,9/29/2025 15:41,6/15/2026 23:04,6/15/2026 23:04,PMI_TL,Completed by Team Leader,Completado por el Líder de Equipo,Completado pelo(a) Líder de Equipe,Complété par le Chef d’équipe
IFD,IFD/FMM,54,PN-L1172,Progress Monitoring Report March Validation Workflow,399101,Aprobado,UBALDOG,Team Leader,1124070,Approved-PMI_TL,Problem,,4/1/2026 11:40,6/15/2026 23:04,6/15/2026 23:04,PMI_TL,Completed by Team Leader,Completado por el Líder de Equipo,Completado pelo(a) Líder de Equipe,Complété par le Chef d’équipe
IFD,IFD/FMM,54,CO-L1164,Progress Monitoring Report March Validation Workflow,399093,Aprobado,susanar,Division Chief,1125597,Approved-PMI_DC,Satisfactory,On behalf of Marta Ruiz Arranz: Se solicita a los equipos mantener actualizado los campos del verificador de contenido.,4/29/2026 11:26,6/15/2026 23:04,6/15/2026 23:04,PMI_DC,Validated by Division Chief,Validada por el Jefe de División,Validado pelo(a) Chefe de Divisão,Validé par le Chef de Division
IFD,IFD/FMM,54,PN-L1161,Progress Monitoring Report March Validation Workflow,399098,Aprobado,jeant,Representative,1136712,Approved-PMI_CR,Alert,,4/23/2026 17:43,6/15/2026 23:04,6/15/2026 23:04,PMI_CR,Validated by Representative,Validada por el Representante de País,Validado pelo(a) Representante do País,Validé par le Représentant de pays
IFD,IFD/FMM,31,PE-L1231,PMR Cycle & Startup Plan validation,95442,Approved,josel,Team Leader,199995,Approved-PMI_TL,Problem,,11/8/2019 11:19,6/15/2026 23:04,6/15/2026 23:04,PMI_TL,Completed by Team Leader,Completado por el Líder de Equipo,Completado pelo(a) Líder de Equipe,Complété par le Chef d’équipe
IFD,IFD/FMM,35,EC-L1230,Progress Monitoring Report March Validation Workflow,132760,Aprobado,UBALDOG,Team Leader,291059,Approved-PMI_TL,Satisfactory,,3/31/2021 9:36,6/15/2026 23:04,6/15/2026 23:04,PMI_TL,Completed by Team Leader,Completado por el Líder de Equipo,Completado pelo(a) Líder de Equipe,Complété par le Chef d’équipe
IFD,IFD/FMM,35,EC-L1230,Progress Monitoring Report March Validation Workflow,132760,Aprobado,emiliopi,Division Chief,292501,Approved-PMI_DC,Satisfactory,,4/8/2021 16:29,6/15/2026 23:04,6/15/2026 23:04,PMI_DC,Validated by Division Chief,Validada por el Jefe de División,Validado pelo(a) Chefe de Divisão,Validé par le Chef de Division
IFD,IFD/FMM,42,BR-L1535,Progress Monitoring Report March Validation Workflow,223447,Approved,emiliopi,Division Chief,581719,Approved-PMI_DC,Satisfactory,,4/24/2023 17:46,6/15/2026 23:04,6/15/2026 23:04,PMI_DC,Validated by Division Chief,Validada por el Jefe de División,Validado pelo(a) Chefe de Divisão,Validé par le Chef de Division
IFD,IFD/FMM,28,BR-L1501,Progress Monitoring Report September Validation Workflow,74322,Approved,felixp,Chief of Operations,163860,Approved-PMI_COO,N/A,,10/8/2018 16:02,6/15/2026 23:04,6/15/2026 23:04,PMI_COO,Validated by Chief of Operations,Validado por los Jefes de Operaciones,Validado pelo(a) Chefe de Operações,Validé par le Chef des opérations
IFD,IFD/FMM,49,PE-L1278,Progress Monitoring Report September Validation Workflow,306200,Approved-PMI_COO,ecambiasso,Chief of Operations,831474,Approved-PMI_COO,Satisfactory,,10/17/2024 15:38,6/15/2026 23:04,6/15/2026 23:04,PMI_COO,Validated by Chief of Operations,Validado por los Jefes de Operaciones,Validado pelo(a) Chefe de Operações,Validé par le Chef des opérations
IFD,IFD/FMM,49,PR-L1150,Progress Monitoring Report September Validation Workflow,306776,Approved-PMI_COO,manuelfe,Chief of Operations,833304,Approved-PMI_COO,Alert,,10/15/2024 8:41,6/15/2026 23:04,6/15/2026 23:04,PMI_COO,Validated by Chief of Operations,Validado por los Jefes de Operaciones,Validado pelo(a) Chefe de Operações,Validé par le Chef des opérations
IFD,IFD/FMM,54,BR-L1550,Progress Monitoring Report March Validation Workflow,398569,Approved,ANNETTEK,Representative,1139512,Approved-PMI_CR,Satisfactory,,5/15/2026 18:05,6/15/2026 23:04,6/15/2026 23:04,PMI_CR,Validated by Representative,Validada por el Representante de País,Validado pelo(a) Representante do País,Validé par le Représentant de pays
IFD,IFD/FMM,49,UR-L1111,Progress Monitoring Report September Validation Workflow,305864,Approved-PMI_COO,SERGIOCI,Team Leader,830358,Approved-PMI_TL,Alert,,10/1/2024 11:05,6/15/2026 23:04,6/15/2026 23:04,PMI_TL,Completed by Team Leader,Completado por el Líder de Equipo,Completado pelo(a) Líder de Equipe,Complété par le Chef d’équipe
IFD,IFD/FMM,35,UR-L1111,Progress Monitoring Report March Validation Workflow,133117,Approved,jgomezreino,Team Leader,292124,Approved-PMI_TL,Satisfactory,,4/6/2021 9:33,6/15/2026 23:04,6/15/2026 23:04,PMI_TL,Completed by Team Leader,Completado por el Líder de Equipo,Completado pelo(a) Líder de Equipe,Complété par le Chef d’équipe
IFD,IFD/FMM,37,BR-L1533,Progress Monitoring Report September Validation Workflow,151941,Approved-PMI_COO,PAOLAA,Chief of Operations,349615,Approved-PMI_COO,Alert,,10/13/2021 15:14,6/15/2026 23:04,6/15/2026 23:04,PMI_COO,Validated by Chief of Operations,Validado por los Jefes de Operaciones,Validado pelo(a) Chefe de Operações,Validé par le Chef des opérations
IFD,IFD/FMM,38,EC-L1251,Progress Monitoring Report March Validation Workflow,179009,Aprobado,UBALDOG,Team Leader,429354,Approved-PMI_TL,Problem,,4/29/2022 16:06,6/15/2026 23:04,6/15/2026 23:04,PMI_TL,Completed by Team Leader,Completado por el Líder de Equipo,Completado pelo(a) Líder de Equipe,Complété par le Chef d’équipe
IFD,IFD/FMM,49,BR-L1511,Progress Monitoring Report September Validation Workflow,304600,Approved-PMI_COO,anapa,Team Leader,826529,Approved-PMI_TL,Alert,,9/23/2024 19:20,6/15/2026 23:04,6/15/2026 23:04,PMI_TL,Completed by Team Leader,Completado por el Líder de Equipo,Completado pelo(a) Líder de Equipe,Complété par le Chef d’équipe
IFD,IFD/FMM,49,BR-L1539,Progress Monitoring Report September Validation Workflow,304602,Approved-PMI_COO,PAOLAA,Chief of Operations,826534,Approved-PMI_COO,Satisfactory,,10/4/2024 14:58,6/15/2026 23:04,6/15/2026 23:04,PMI_COO,Validated by Chief of Operations,Validado por los Jefes de Operaciones,Validado pelo(a) Chefe de Operações,Validé par le Chef des opérations
IFD,IFD/FMM,34,UR-L1111,Progress Monitoring Report September Validation Workflow,112128,Approved-PMI_COO,FERNANDOCU,Chief of Operations,231439,Approved-PMI_COO,Satisfactory,,10/22/2020 16:21,6/15/2026 23:04,6/15/2026 23:04,PMI_COO,Validated by Chief of Operations,Validado por los Jefes de Operaciones,Validado pelo(a) Chefe de Operações,Validé par le Chef des opérations
IFD,IFD/FMM,35,UR-L1111,Progress Monitoring Report March Validation Workflow,133117,Approved,FERNANDOCU,Representative,293635,Approved-PMI_CR,Satisfactory,,4/9/2021 15:15,6/15/2026 23:04,6/15/2026 23:04,PMI_CR,Validated by Representative,Validada por el Representante de País,Validado pelo(a) Representante do País,Validé par le Représentant de pays
IFD,IFD/FMM,23,AR-L1248,Progress Monitoring Report March Validation Workflow,47305,Approved,mariestherl,Chief of Operations,105550,Cancelled,SATISFACTORY,La operación fue aprobada en diciembre de 2016 y su contrato de préstamo fue firmado en febrero de 2017.  Se encuentra en proceso de cumplimiento de las condiciones de elegibilidad para desembolsos.    ,5/8/2020 16:25,6/15/2026 23:04,6/15/2026 23:04,,Cancelled,,,
IFD,IFD/FMM,35,BR-L1511,Progress Monitoring Report March Validation Workflow,132523,Approved,emiliopi,Division Chief,292053,Approved-PMI_DC,Satisfactory,,4/7/2021 14:20,6/15/2026 23:04,6/15/2026 23:04,PMI_DC,Validated by Division Chief,Validada por el Jefe de División,Validado pelo(a) Chefe de Divisão,Validé par le Chef de Division
IFD,IFD/FMM,32,BR-L1527,Progress Monitoring Report March Validation Workflow,103129,Approved,mmacdowell,Team Leader,212109,Approved-PMI_TL,Satisfactory,,3/19/2020 17:54,6/15/2026 23:04,6/15/2026 23:04,PMI_TL,Completed by Team Leader,Completado por el Líder de Equipo,Completado pelo(a) Líder de Equipe,Complété par le Chef d’équipe
IFD,IFD/FMM,45,BR-L1550,Progress Monitoring Report March Validation Workflow,278250,Rejected,RMOTTACAFE,Team Leader,743552,Approved-PMI_TL,Satisfactory,,3/28/2024 13:36,6/15/2026 23:04,6/15/2026 23:04,PMI_TL,Completed by Team Leader,Completado por el Líder de Equipo,Completado pelo(a) Líder de Equipe,Complété par le Chef d’équipe
IFD,IFD/FMM,45,UR-L1193,Progress Monitoring Report March Validation Workflow,285499,Approved,SERGIOCI,Team Leader,765447,Approved-PMI_TL,Satisfactory,,5/10/2024 17:47,6/15/2026 23:04,6/15/2026 23:04,PMI_TL,Completed by Team Leader,Completado por el Líder de Equipo,Completado pelo(a) Líder de Equipe,Complété par le Chef d’équipe
IFD,IFD/FMM,54,CO-L1245,Progress Monitoring Report March Validation Workflow,399091,Aprobado,PabloAn,Chief of Operations,1124048,Approved-PMI_COO,Satisfactory,,4/6/2026 18:40,6/15/2026 23:04,6/15/2026 23:04,PMI_COO,Validated by Chief of Operations,Validado por los Jefes de Operaciones,Validado pelo(a) Chefe de Operações,Validé par le Chef des opérations
IFD,IFD/FMM,54,AR-L1405,PMR Cycle & Startup Plan validation,401063,Approved,jgomezreino,Team Leader,1130852,Approved-PMI_TL,Satisfactory,,4/15/2026 16:53,6/15/2026 23:04,6/15/2026 23:04,PMI_TL,Completed by Team Leader,Completado por el Líder de Equipo,Completado pelo(a) Líder de Equipe,Complété par le Chef d’équipe
IFD,IFD/FMM,32,AR-L1248,Progress Monitoring Report March Validation Workflow,103296,Aprobado,marianac,Division Chief,215655,Approved-PMI_DC,Alert,,4/16/2020 16:37,6/15/2026 23:04,6/15/2026 23:04,PMI_DC,Validated by Division Chief,Validada por el Jefe de División,Validado pelo(a) Chefe de Divisão,Validé par le Chef de Division
IFD,IFD/FMM,42,BR-L1527,Progress Monitoring Report March Validation Workflow,223548,Approved,mmacdowell,Team Leader,569215,Approved-PMI_TL,Satisfactory,,3/27/2023 19:08,6/15/2026 23:04,6/15/2026 23:04,PMI_TL,Completed by Team Leader,Completado por el Líder de Equipo,Completado pelo(a) Líder de Equipe,Complété par le Chef d’équipe
IFD,IFD/FMM,42,PN-L1161,Progress Monitoring Report March Validation Workflow,225546,Approved,GermanZ,Chief of Operations,575375,Approved-PMI_COO,Problem,,4/19/2023 17:54,6/15/2026 23:04,6/15/2026 23:04,PMI_COO,Validated by Chief of Operations,Validado por los Jefes de Operaciones,Validado pelo(a) Chefe de Operações,Validé par le Chef des opérations
IFD,IFD/FMM,45,BR-L1377,Progress Monitoring Report March Validation Workflow,278272,Rejected,mmacdowell,Team Leader,743622,Approved-PMI_TL,Satisfactory,,3/28/2024 15:39,6/15/2026 23:04,6/15/2026 23:04,PMI_TL,Completed by Team Leader,Completado por el Líder de Equipo,Completado pelo(a) Líder de Equipe,Complété par le Chef d’équipe
IFD,IFD/FMM,50,PR-L1150,Progress Monitoring Report March Validation Workflow,334944,Approved,mruizarranz,Division Chief,922243,Approved-PMI_DC,Satisfactory,,4/30/2025 9:10,6/15/2026 23:04,6/15/2026 23:04,PMI_DC,Validated by Division Chief,Validada por el Jefe de División,Validado pelo(a) Chefe de Divisão,Validé par le Chef de Division
IFD,IFD/FMM,38,BR-L1533,Progress Monitoring Report March Validation Workflow,174422,Approved,PAOLAA,Representative,424600,Approved-PMI_CR,Problem,,4/19/2022 20:14,6/15/2026 23:04,6/15/2026 23:04,PMI_CR,Validated by Representative,Validada por el Representante de País,Validado pelo(a) Representante do País,Validé par le Représentant de pays
IFD,IFD/FMM,38,BR-L1517,Progress Monitoring Report March Validation Workflow,174484,Approved,anapa,Team Leader,414627,Approved-PMI_TL,Satisfactory,,3/24/2022 9:06,6/15/2026 23:04,6/15/2026 23:04,PMI_TL,Completed by Team Leader,Completado por el Líder de Equipo,Completado pelo(a) Líder de Equipe,Complété par le Chef d’équipe
IFD,IFD/FMM,54,BR-L1513,Progress Monitoring Report March Validation Workflow,398432,Approved,ANDREMA,Team Leader,1121978,Approved-PMI_TL,Satisfactory,,3/27/2026 17:45,6/15/2026 23:04,6/15/2026 23:04,PMI_TL,Completed by Team Leader,Completado por el Líder de Equipo,Completado pelo(a) Líder de Equipe,Complété par le Chef d’équipe
IFD,IFD/FMM,54,BR-L1533,Progress Monitoring Report March Validation Workflow,398567,Approved,susanar,Division Chief,1132440,Approved-PMI_DC,Satisfactory,On behalf of Marta Ruiz Arranz: Se solicita a los equipos mantener actualizado los campos del verificador de contenido.,4/29/2026 11:08,6/15/2026 23:04,6/15/2026 23:04,PMI_DC,Validated by Division Chief,Validada por el Jefe de División,Validado pelo(a) Chefe de Divisão,Validé par le Chef de Division
IFD,IFD/FMM,54,BR-L1643,Progress Monitoring Report March Validation Workflow,398570,Approved,susanar,Division Chief,1127405,Approved-PMI_DC,Satisfactory,On behalf of Marta Ruiz Arranz: Se solicita a los equipos mantener actualizado los campos del verificador de contenido.,4/29/2026 11:23,6/15/2026 23:04,6/15/2026 23:04,PMI_DC,Validated by Division Chief,Validada por el Jefe de División,Validado pelo(a) Chefe de Divisão,Validé par le Chef de Division
IFD,IFD/FMM,53,BR-L1516,Progress Monitoring Report September Validation Workflow,363082,Approved-PMI_COO,PAOLAA,Chief of Operations,1010615,Approved-PMI_COO,Satisfactory,,10/17/2025 17:32,6/15/2026 23:04,6/15/2026 23:04,PMI_COO,Validated by Chief of Operations,Validado por los Jefes de Operaciones,Validado pelo(a) Chefe de Operações,Validé par le Chef des opérations
IFD,IFD/FMM,34,BR-L1534,Progress Monitoring Report September Validation Workflow,112407,Approved-PMI_COO,PAOLAA,Chief of Operations,232137,Approved-PMI_COO,Satisfactory,,10/20/2020 23:06,6/15/2026 23:04,6/15/2026 23:04,PMI_COO,Validated by Chief of Operations,Validado por los Jefes de Operaciones,Validado pelo(a) Chefe de Operações,Validé par le Chef des opérations
IFD,IFD/FMM,37,CO-L1245,PMR Cycle & Startup Plan validation,152231,Aprobado,kelvins,Chief of Operations,350334,Approved-PMI_COO,Alert,,10/24/2021 14:06,6/15/2026 23:04,6/15/2026 23:04,PMI_COO,Validated by Chief of Operations,Validado por los Jefes de Operaciones,Validado pelo(a) Chefe de Operações,Validé par le Chef des opérations
IFD,IFD/FMM,42,BR-L1511,Progress Monitoring Report March Validation Workflow,223591,Approved,MORGAND,Representative,582275,Approved-PMI_CR,Satisfactory,,4/25/2023 10:30,6/15/2026 23:04,6/15/2026 23:04,PMI_CR,Validated by Representative,Validada por el Representante de País,Validado pelo(a) Representante do País,Validé par le Représentant de pays
IFD,IFD/FMM,42,BR-L1517,Progress Monitoring Report March Validation Workflow,223592,Approved,emiliopi,Division Chief,581709,Approved-PMI_DC,Satisfactory,,4/24/2023 17:45,6/15/2026 23:04,6/15/2026 23:04,PMI_DC,Validated by Division Chief,Validada por el Jefe de División,Validado pelo(a) Chefe de Divisão,Validé par le Chef de Division
IFD,IFD/FMM,44,BR-L1535,Progress Monitoring Report September Validation Workflow,249342,Approved-PMI_COO,PAOLAA,Chief of Operations,654668,Approved-PMI_COO,Problem,,10/20/2023 18:19,6/15/2026 23:04,6/15/2026 23:04,PMI_COO,Validated by Chief of Operations,Validado por los Jefes de Operaciones,Validado pelo(a) Chefe de Operações,Validé par le Chef des opérations
IFD,IFD/FMM,49,BR-L1513,PMR Cycle & Startup Plan validation,305514,Approved,PAOLAA,Representative,852652,Approved-PMI_CR,Problem,,11/13/2024 16:55,6/15/2026 23:04,6/15/2026 23:04,PMI_CR,Validated by Representative,Validada por el Representante de País,Validado pelo(a) Representante do País,Validé par le Représentant de pays
IFD,IFD/FMM,53,PR-L1150,Progress Monitoring Report September Validation Workflow,362420,Approved-PMI_COO,olorarocha,Team Leader,1008518,Approved-PMI_TL,Alert,,9/30/2025 11:32,6/15/2026 23:04,6/15/2026 23:04,PMI_TL,Completed by Team Leader,Completado por el Líder de Equipo,Completado pelo(a) Líder de Equipe,Complété par le Chef d’équipe
IFD,IFD/FMM,49,PE-L1239,Progress Monitoring Report September Validation Workflow,306194,Approved-PMI_COO,ecambiasso,Chief of Operations,831457,Approved-PMI_COO,Satisfactory,,10/17/2024 15:24,6/15/2026 23:04,6/15/2026 23:04,PMI_COO,Validated by Chief of Operations,Validado por los Jefes de Operaciones,Validado pelo(a) Chefe de Operações,Validé par le Chef des opérations
IFD,IFD/FMM,49,BR-L1539,Progress Monitoring Report September Validation Workflow,304602,Approved-PMI_COO,anapa,Team Leader,826533,Approved-PMI_TL,Satisfactory,,9/23/2024 19:28,6/15/2026 23:04,6/15/2026 23:04,PMI_TL,Completed by Team Leader,Completado por el Líder de Equipo,Completado pelo(a) Líder de Equipe,Complété par le Chef d’équipe
IFD,IFD/FMM,38,BR-L1501,Progress Monitoring Report March Validation Workflow,174693,Approved,PAOLAA,Chief of Operations,415156,Approved-PMI_COO,Satisfactory,,4/17/2022 19:11,6/15/2026 23:04,6/15/2026 23:04,PMI_COO,Validated by Chief of Operations,Validado por los Jefes de Operaciones,Validado pelo(a) Chefe de Operações,Validé par le Chef des opérations
IFD,IFD/FMM,26,PE-L1231,Progress Monitoring Report March Validation Workflow,65743,Approved,masamiy,Chief of Operations,143390,Approved-PMI_COO,SATISFACTORY,,3/17/2018 22:17,6/15/2026 23:04,6/15/2026 23:04,PMI_COO,Validated by Chief of Operations,Validado por los Jefes de Operaciones,Validado pelo(a) Chefe de Operações,Validé par le Chef des opérations
IFD,IFD/FMM,23,UR-L1111,Progress Monitoring Report March Validation Workflow,47482,Approved,axelradics,Team Leader,105856,Approved-PMI_TL,SATISFACTORY,,3/23/2017 12:30,6/15/2026 23:04,6/15/2026 23:04,PMI_TL,Completed by Team Leader,Completado por el Líder de Equipo,Completado pelo(a) Líder de Equipe,Complété par le Chef d’équipe
IFD,IFD/FMM,25,BR-L1377,Progress Monitoring Report September Validation Workflow,55963,Approved,jtostes,Team Leader,124633,Approved-PMI_TL,N/A,,9/29/2017 11:42,6/15/2026 23:04,6/15/2026 23:04,PMI_TL,Completed by Team Leader,Completado por el Líder de Equipo,Completado pelo(a) Líder de Equipe,Complété par le Chef d’équipe
IFD,IFD/FMM,35,PN-L1161,Progress Monitoring Report March Validation Workflow,132195,Approved,emiliopi,Division Chief,295211,Approved-PMI_DC,Satisfactory,,4/16/2021 12:27,6/15/2026 23:04,6/15/2026 23:04,PMI_DC,Validated by Division Chief,Validada por el Jefe de División,Validado pelo(a) Chefe de Divisão,Validé par le Chef de Division
IFD,IFD/FMM,50,EC-L1253,Progress Monitoring Report March Validation Workflow,336662,Approved,VinicioR,Chief of Operations,925326,Approved-PMI_COO,Satisfactory,,4/9/2025 17:50,6/15/2026 23:04,6/15/2026 23:04,PMI_COO,Validated by Chief of Operations,Validado por los Jefes de Operaciones,Validado pelo(a) Chefe de Operações,Validé par le Chef des opérations
IFD,IFD/FMM,45,BR-L1517,Progress Monitoring Report March Validation Workflow,280254,Approved,anapa,Team Leader,747384,Approved-PMI_TL,Satisfactory,,4/4/2024 11:22,6/15/2026 23:04,6/15/2026 23:04,PMI_TL,Completed by Team Leader,Completado por el Líder de Equipo,Completado pelo(a) Líder de Equipe,Complété par le Chef d’équipe
IFD,IFD/FMM,42,BR-L1592,Progress Monitoring Report March Validation Workflow,223468,Approved,PAOLAA,Chief of Operations,569013,Approved-PMI_COO,Satisfactory,,4/22/2023 18:15,6/15/2026 23:04,6/15/2026 23:04,PMI_COO,Validated by Chief of Operations,Validado por los Jefes de Operaciones,Validado pelo(a) Chefe de Operações,Validé par le Chef des opérations
IFD,IFD/FMM,42,BR-L1592,Progress Monitoring Report March Validation Workflow,223468,Approved,MORGAND,Representative,582287,Approved-PMI_CR,Satisfactory,,4/25/2023 10:31,6/15/2026 23:04,6/15/2026 23:04,PMI_CR,Validated by Representative,Validada por el Representante de País,Validado pelo(a) Representante do País,Validé par le Représentant de pays
IFD,IFD/FMM,42,BR-L1550,Progress Monitoring Report March Validation Workflow,223474,Approved,RMOTTACAFE,Team Leader,569029,Approved-PMI_TL,Satisfactory,,3/27/2023 17:03,6/15/2026 23:04,6/15/2026 23:04,PMI_TL,Completed by Team Leader,Completado por el Líder de Equipo,Completado pelo(a) Líder de Equipe,Complété par le Chef d’équipe
IFD,IFD/FMM,40,BR-L1550,Progress Monitoring Report September Validation Workflow,196703,Approved-PMI_COO,PAOLAA,Chief of Operations,487210,Approved-PMI_COO,Satisfactory,,10/18/2022 9:48,6/15/2026 23:04,6/15/2026 23:04,PMI_COO,Validated by Chief of Operations,Validado por los Jefes de Operaciones,Validado pelo(a) Chefe de Operações,Validé par le Chef des opérations
IFD,IFD/FMM,44,BL-L1038,Progress Monitoring Report September Validation Workflow,252479,Approved-PMI_COO,MONICASC,Team Leader,664715,Approved-PMI_TL,Problem,,10/20/2023 22:39,6/15/2026 23:04,6/15/2026 23:04,PMI_TL,Completed by Team Leader,Completado por el Líder de Equipo,Completado pelo(a) Líder de Equipe,Complété par le Chef d’équipe
IFD,IFD/FMM,50,PE-L1239,Progress Monitoring Report March Validation Workflow,335869,Approved,MartinA,Team Leader,922530,Approved-PMI_TL,Satisfactory,,4/3/2025 17:27,6/15/2026 23:04,6/15/2026 23:04,PMI_TL,Completed by Team Leader,Completado por el Líder de Equipo,Completado pelo(a) Líder de Equipe,Complété par le Chef d’équipe
IFD,IFD/FMM,42,CO-L1164,Progress Monitoring Report March Validation Workflow,223709,Aprobado,mariosa,Team Leader,569663,Approved-PMI_TL,Satisfactory,,3/28/2023 13:00,6/15/2026 23:04,6/15/2026 23:04,PMI_TL,Completed by Team Leader,Completado por el Líder de Equipo,Completado pelo(a) Líder de Equipe,Complété par le Chef d’équipe
IFD,IFD/FMM,45,BL-L1031,Progress Monitoring Report March Validation Workflow,281828,Approved,MONICASC,Team Leader,752511,Approved-PMI_TL,Satisfactory,,4/16/2024 0:33,6/15/2026 23:04,6/15/2026 23:04,PMI_TL,Completed by Team Leader,Completado por el Líder de Equipo,Completado pelo(a) Líder de Equipe,Complété par le Chef d’équipe
IFD,IFD/FMM,32,PE-L1239,PMR Cycle & Startup Plan validation,104834,Approved,javierga,Chief of Operations,216176,Approved-PMI_COO,Satisfactory,,4/20/2020 9:29,6/15/2026 23:04,6/15/2026 23:04,PMI_COO,Validated by Chief of Operations,Validado por los Jefes de Operaciones,Validado pelo(a) Chefe de Operações,Validé par le Chef des opérations
IFD,IFD/FMM,38,BR-L1533,Progress Monitoring Report March Validation Workflow,174422,Approved,PAOLAA,Chief of Operations,414453,Approved-PMI_COO,Problem,,4/17/2022 19:15,6/15/2026 23:04,6/15/2026 23:04,PMI_COO,Validated by Chief of Operations,Validado por los Jefes de Operaciones,Validado pelo(a) Chefe de Operações,Validé par le Chef des opérations
IFD,IFD/FMM,42,BR-L1377,Progress Monitoring Report March Validation Workflow,223543,Approved,MORGAND,Representative,582268,Approved-PMI_CR,Satisfactory,,4/25/2023 10:30,6/15/2026 23:04,6/15/2026 23:04,PMI_CR,Validated by Representative,Validada por el Representante de País,Validado pelo(a) Representante do País,Validé par le Représentant de pays
IFD,IFD/FMM,44,PN-L1172,PMR Cycle & Startup Plan validation,251624,Approved,andresmu,Team Leader,661902,Approved-PMI_TL,Satisfactory,,10/16/2023 18:05,6/15/2026 23:04,6/15/2026 23:04,PMI_TL,Completed by Team Leader,Completado por el Líder de Equipo,Completado pelo(a) Líder de Equipe,Complété par le Chef d’équipe
IFD,IFD/FMM,54,BL-L1031,Progress Monitoring Report March Validation Workflow,398826,Approved,ALEXANDREV,Chief of Operations,1123369,Approved-PMI_COO,Satisfactory,,4/8/2026 11:03,6/15/2026 23:04,6/15/2026 23:04,PMI_COO,Validated by Chief of Operations,Validado por los Jefes de Operaciones,Validado pelo(a) Chefe de Operações,Validé par le Chef des opérations
IFD,IFD/FMM,45,BR-L1535,Progress Monitoring Report March Validation Workflow,280203,Approved,PAOLAA,Representative,759228,Approved-PMI_CR,Satisfactory,,4/30/2024 19:15,6/15/2026 23:04,6/15/2026 23:04,PMI_CR,Validated by Representative,Validada por el Representante de País,Validado pelo(a) Representante do País,Validé par le Représentant de pays
IFD,IFD/FMM,45,BR-L1592,Progress Monitoring Report March Validation Workflow,280205,Approved,marianac,Division Chief,758294,Approved-PMI_DC,Alert,,4/29/2024 11:32,6/15/2026 23:04,6/15/2026 23:04,PMI_DC,Validated by Division Chief,Validada por el Jefe de División,Validado pelo(a) Chefe de Divisão,Validé par le Chef de Division
IFD,IFD/FMM,29,EC-L1230,Progress Monitoring Report March Validation Workflow,83976,Approved,jgomezreino,Team Leader,180344,Approved-PMI_TL,Satisfactory,,3/22/2019 17:25,6/15/2026 23:04,6/15/2026 23:04,PMI_TL,Completed by Team Leader,Completado por el Líder de Equipo,Completado pelo(a) Líder de Equipe,Complété par le Chef d’équipe
IFD,IFD/FMM,29,EC-L1230,Progress Monitoring Report March Validation Workflow,83976,Approved,fernandoq,Representative,182643,Approved-PMI_CR,Satisfactory,,4/11/2019 18:15,6/15/2026 23:04,6/15/2026 23:04,PMI_CR,Validated by Representative,Validada por el Representante de País,Validado pelo(a) Representante do País,Validé par le Représentant de pays
IFD,IFD/FMM,32,BR-L1534,Progress Monitoring Report March Validation Workflow,103093,Approved,anapa,Team Leader,212040,Approved-PMI_TL,Satisfactory,,3/19/2020 15:00,6/15/2026 23:04,6/15/2026 23:04,PMI_TL,Completed by Team Leader,Completado por el Líder de Equipo,Completado pelo(a) Líder de Equipe,Complété par le Chef d’équipe
IFD,IFD/FMM,35,BR-L1377,Progress Monitoring Report March Validation Workflow,132155,Rejected,mmacdowell,Team Leader,289409,Approved-PMI_TL,Satisfactory,,3/26/2021 18:06,6/15/2026 23:04,6/15/2026 23:04,PMI_TL,Completed by Team Leader,Completado por el Líder de Equipo,Completado pelo(a) Líder de Equipe,Complété par le Chef d’équipe
IFD,IFD/FMM,35,BR-L1516,Progress Monitoring Report March Validation Workflow,132157,Approved,PAOLAA,Chief of Operations,289414,Approved-PMI_COO,Satisfactory,,4/6/2021 0:02,6/15/2026 23:04,6/15/2026 23:04,PMI_COO,Validated by Chief of Operations,Validado por los Jefes de Operaciones,Validado pelo(a) Chefe de Operações,Validé par le Chef des opérations
IFD,IFD/FMM,40,BR-L1501,Progress Monitoring Report September Validation Workflow,196829,Approved-PMI_COO,mmacdowell,Team Leader,487619,Approved-PMI_TL,Satisfactory,,9/30/2022 8:15,6/15/2026 23:04,6/15/2026 23:04,PMI_TL,Completed by Team Leader,Completado por el Líder de Equipo,Completado pelo(a) Líder de Equipe,Complété par le Chef d’équipe
IFD,IFD/FMM,40,BR-L1540,Progress Monitoring Report September Validation Workflow,196833,Approved-PMI_COO,PAOLAA,Chief of Operations,487628,Approved-PMI_COO,Satisfactory,,10/18/2022 9:48,6/15/2026 23:04,6/15/2026 23:04,PMI_COO,Validated by Chief of Operations,Validado por los Jefes de Operaciones,Validado pelo(a) Chefe de Operações,Validé par le Chef des opérations
IFD,IFD/FMM,37,EC-L1230,Progress Monitoring Report September Validation Workflow,152080,Approved-PMI_COO,AdrianaLV,Chief of Operations,349983,Approved-PMI_COO,Problem,,10/13/2021 12:21,6/15/2026 23:04,6/15/2026 23:04,PMI_COO,Validated by Chief of Operations,Validado por los Jefes de Operaciones,Validado pelo(a) Chefe de Operações,Validé par le Chef des opérations
IFD,IFD/FMM,54,BR-L1517,Progress Monitoring Report March Validation Workflow,398433,Approved,ANNETTEK,Representative,1135069,Approved-PMI_CR,Satisfactory,,5/15/2026 18:04,6/15/2026 23:04,6/15/2026 23:04,PMI_CR,Validated by Representative,Validada por el Representante de País,Validado pelo(a) Representante do País,Validé par le Représentant de pays
IFD,IFD/FMM,49,PR-L1150,Progress Monitoring Report September Validation Workflow,306776,Approved-PMI_COO,olorarocha,Team Leader,833303,Approved-PMI_TL,Alert,,10/7/2024 13:01,6/15/2026 23:04,6/15/2026 23:04,PMI_TL,Completed by Team Leader,Completado por el Líder de Equipo,Completado pelo(a) Líder de Equipe,Complété par le Chef d’équipe
IFD,IFD/FMM,54,BR-L1511,Progress Monitoring Report March Validation Workflow,398565,Approved,RMOTTACAFE,Team Leader,1122500,Approved-PMI_TL,Satisfactory,,3/30/2026 12:51,6/15/2026 23:04,6/15/2026 23:04,PMI_TL,Completed by Team Leader,Completado por el Líder de Equipo,Completado pelo(a) Líder de Equipe,Complété par le Chef d’équipe
IFD,IFD/FMM,49,PE-L1288,Progress Monitoring Report September Validation Workflow,306233,Approved-PMI_COO,ecambiasso,Chief of Operations,831598,Approved-PMI_COO,N/A,,10/17/2024 15:38,6/15/2026 23:04,6/15/2026 23:04,PMI_COO,Validated by Chief of Operations,Validado por los Jefes de Operaciones,Validado pelo(a) Chefe de Operações,Validé par le Chef des opérations
IFD,IFD/FMM,45,CO-L1164,Progress Monitoring Report March Validation Workflow,284719,Aprobado,marianac,Division Chief,763219,Approved-PMI_DC,Satisfactory,,5/8/2024 11:59,6/15/2026 23:04,6/15/2026 23:04,PMI_DC,Validated by Division Chief,Validada por el Jefe de División,Validado pelo(a) Chefe de Divisão,Validé par le Chef de Division
IFD,IFD/FMM,29,BR-L1377,Progress Monitoring Report March Validation Workflow,83756,Approved,hugof,Representative,182234,Approved-PMI_CR,Satisfactory,,4/1/2019 16:12,6/15/2026 23:04,6/15/2026 23:04,PMI_CR,Validated by Representative,Validada por el Representante de País,Validado pelo(a) Representante do País,Validé par le Représentant de pays
IFD,IFD/FMM,34,BR-L1377,Progress Monitoring Report September Validation Workflow,111891,Approved-PMI_COO,PAOLAA,Chief of Operations,230842,Approved-PMI_COO,Satisfactory,,10/21/2020 22:31,6/15/2026 23:04,6/15/2026 23:04,PMI_COO,Validated by Chief of Operations,Validado por los Jefes de Operaciones,Validado pelo(a) Chefe de Operações,Validé par le Chef des opérations
IFD,IFD/FMM,44,BL-L1038,Progress Monitoring Report September Validation Workflow,249477,Rejected,MONICASC,Team Leader,654940,Approved-PMI_TL,Problem,,9/29/2023 16:44,6/15/2026 23:04,6/15/2026 23:04,PMI_TL,Completed by Team Leader,Completado por el Líder de Equipo,Completado pelo(a) Líder de Equipe,Complété par le Chef d’équipe
IFD,IFD/FMM,44,BL-L1038,Progress Monitoring Report September Validation Workflow,249477,Rejected,JulianB,Chief of Operations,654941,Rejected,Problem,"Rejected, as agreed with PTL.",10/18/2023 22:38,6/15/2026 23:04,6/15/2026 23:04,,Rejected,,,
IFD,IFD/FMM,44,BL-L1031,Progress Monitoring Report September Validation Workflow,249478,Rejected,JulianB,Chief of Operations,654943,Rejected,Alert,Rejected as agreed with PTL.,10/18/2023 22:37,6/15/2026 23:04,6/15/2026 23:04,,Rejected,,,
IFD,IFD/FMM,50,BL-L1031,Progress Monitoring Report March Validation Workflow,335091,Approved,ALEXANDREV,Chief of Operations,920131,Approved-PMI_COO,Satisfactory,,4/4/2025 17:48,6/15/2026 23:04,6/15/2026 23:04,PMI_COO,Validated by Chief of Operations,Validado por los Jefes de Operaciones,Validado pelo(a) Chefe de Operações,Validé par le Chef des opérations
IFD,IFD/FMM,44,BR-L1533,Progress Monitoring Report September Validation Workflow,249337,Approved-PMI_COO,RMOTTACAFE,Team Leader,654659,Approved-PMI_TL,Alert,,9/29/2023 10:11,6/15/2026 23:04,6/15/2026 23:04,PMI_TL,Completed by Team Leader,Completado por el Líder de Equipo,Completado pelo(a) Líder de Equipe,Complété par le Chef d’équipe
IFD,IFD/FMM,44,BR-L1525,Progress Monitoring Report September Validation Workflow,249340,Approved-PMI_COO,ANDREMA,Team Leader,654664,Approved-PMI_TL,Problem,,9/29/2023 10:25,6/15/2026 23:04,6/15/2026 23:04,PMI_TL,Completed by Team Leader,Completado por el Líder de Equipo,Completado pelo(a) Líder de Equipe,Complété par le Chef d’équipe
IFD,IFD/FMM,34,EC-L1251,PMR Cycle & Startup Plan validation,114826,Approved,UBALDOG,Team Leader,239668,Approved-PMI_TL,N/A,,10/29/2020 9:09,6/15/2026 23:04,6/15/2026 23:04,PMI_TL,Completed by Team Leader,Completado por el Líder de Equipo,Completado pelo(a) Líder de Equipe,Complété par le Chef d’équipe
IFD,IFD/FMM,35,BR-L1517,Progress Monitoring Report March Validation Workflow,131060,Approved,ANDREMA,Team Leader,286302,Approved-PMI_TL,Problem,,3/18/2021 16:17,6/15/2026 23:04,6/15/2026 23:04,PMI_TL,Completed by Team Leader,Completado por el Líder de Equipo,Completado pelo(a) Líder de Equipe,Complété par le Chef d’équipe
IFD,IFD/FMM,35,BR-L1534,Progress Monitoring Report March Validation Workflow,132528,Approved,PAOLAA,Representative,293017,Approved-PMI_CR,Satisfactory,,4/8/2021 22:05,6/15/2026 23:04,6/15/2026 23:04,PMI_CR,Validated by Representative,Validada por el Representante de País,Validado pelo(a) Representante do País,Validé par le Représentant de pays
IFD,IFD/FMM,37,PR-L1150,PMR Cycle & Startup Plan validation,151880,Approved,emiliopi,Division Chief,351210,Approved-PMI_DC,Problem,,10/21/2021 14:27,6/15/2026 23:04,6/15/2026 23:04,PMI_DC,Validated by Division Chief,Validada por el Jefe de División,Validado pelo(a) Chefe de Divisão,Validé par le Chef de Division
IFD,IFD/FMM,32,PE-L1239,PMR Cycle & Startup Plan validation,104220,Rejected,belindap,Team Leader,214511,Approved-PMI_TL,Satisfactory,,4/3/2020 19:08,6/15/2026 23:04,6/15/2026 23:04,PMI_TL,Completed by Team Leader,Completado por el Líder de Equipo,Completado pelo(a) Líder de Equipe,Complété par le Chef d’équipe
IFD,IFD/FMM,42,BR-L1533,Progress Monitoring Report March Validation Workflow,223465,Approved,PAOLAA,Chief of Operations,569008,Approved-PMI_COO,Satisfactory,,4/22/2023 18:11,6/15/2026 23:04,6/15/2026 23:04,PMI_COO,Validated by Chief of Operations,Validado por los Jefes de Operaciones,Validado pelo(a) Chefe de Operações,Validé par le Chef des opérations
IFD,IFD/FMM,42,PR-L1150,Progress Monitoring Report March Validation Workflow,223556,Approved,emiliopi,Division Chief,577166,Approved-PMI_DC,Satisfactory,,4/18/2023 14:34,6/15/2026 23:04,6/15/2026 23:04,PMI_DC,Validated by Division Chief,Validada por el Jefe de División,Validado pelo(a) Chefe de Divisão,Validé par le Chef de Division
IFD,IFD/FMM,22,BR-L1377,Progress Monitoring Report September Validation Workflow,37656,Approved,jtostes,Team Leader,84893,Approved-PMI_TL,N/A,,10/18/2016 13:45,6/15/2026 23:04,6/15/2026 23:04,PMI_TL,Completed by Team Leader,Completado por el Líder de Equipo,Completado pelo(a) Líder de Equipe,Complété par le Chef d’équipe
IFD,IFD/FMM,32,BR-L1501,PMR Cycle & Startup Plan validation,103232,Approved,marianac,Division Chief,213132,Approved-PMI_DC,Satisfactory,,4/7/2020 18:27,6/15/2026 23:04,6/15/2026 23:04,PMI_DC,Validated by Division Chief,Validada por el Jefe de División,Validado pelo(a) Chefe de Divisão,Validé par le Chef de Division
IFD,IFD/FMM,25,UR-L1111,PMR Startup Plan Validation,59287,Approved,idafe,Division Chief,132263,Approved-PMI_DC,,,1/8/2018 11:29,6/15/2026 23:04,6/15/2026 23:04,PMI_DC,Validated by Division Chief,Validada por el Jefe de División,Validado pelo(a) Chefe de Divisão,Validé par le Chef de Division
IFD,IFD/FMM,50,BR-L1527,Progress Monitoring Report March Validation Workflow,334845,Approved,PAOLAA,Chief of Operations,919464,Approved-PMI_COO,Satisfactory,,4/4/2025 15:17,6/15/2026 23:04,6/15/2026 23:04,PMI_COO,Validated by Chief of Operations,Validado por los Jefes de Operaciones,Validado pelo(a) Chefe de Operações,Validé par le Chef des opérations
IFD,IFD/FMM,54,PN-L1172,Progress Monitoring Report March Validation Workflow,399101,Aprobado,jeant,Chief of Operations,1124071,Approved-PMI_COO,Problem,"Para próximos ciclos del PMR, mantener actualizada la sección ""RISKS AND PLANNED RESPONSES""",4/10/2026 12:18,6/15/2026 23:04,6/15/2026 23:04,PMI_COO,Validated by Chief of Operations,Validado por los Jefes de Operaciones,Validado pelo(a) Chefe de Operações,Validé par le Chef des opérations
IFD,IFD/FMM,54,PE-L1231,Progress Monitoring Report March Validation Workflow,399560,Approved,MartinA,Team Leader,1125449,Approved-PMI_TL,Satisfactory,,4/6/2026 14:22,6/15/2026 23:04,6/15/2026 23:04,PMI_TL,Completed by Team Leader,Completado por el Líder de Equipo,Completado pelo(a) Líder de Equipe,Complété par le Chef d’équipe
IFD,IFD/FMM,54,PE-L1231,Progress Monitoring Report March Validation Workflow,399560,Approved,VeronicaG,Chief of Operations,1125450,Approved-PMI_COO,Satisfactory,"Para el proximo ciclo de validacion, realizar un analisis exhasutivo de la matriz de riesgos, tanto para validar la probabilidad y el nivel de riesgos, como su materializacion.",4/17/2026 19:43,6/15/2026 23:04,6/15/2026 23:04,PMI_COO,Validated by Chief of Operations,Validado por los Jefes de Operaciones,Validado pelo(a) Chefe de Operações,Validé par le Chef des opérations
IFD,IFD/FMM,32,AR-L1285,Progress Monitoring Report March Validation Workflow,103226,Rejected,jgomezreino,Team Leader,212276,Approved-PMI_TL,Satisfactory,,3/20/2020 13:54,6/15/2026 23:04,6/15/2026 23:04,PMI_TL,Completed by Team Leader,Completado por el Líder de Equipo,Completado pelo(a) Líder de Equipe,Complété par le Chef d’équipe
IFD,IFD/FMM,31,AR-L1248,Progress Monitoring Report September Validation Workflow,93711,Approved-PMI_COO,vivianaa,Chief of Operations,197071,Approved-PMI_COO,Alert,,10/16/2019 17:21,6/15/2026 23:04,6/15/2026 23:04,PMI_COO,Validated by Chief of Operations,Validado por los Jefes de Operaciones,Validado pelo(a) Chefe de Operações,Validé par le Chef des opérations
IFD,IFD/FMM,32,BR-L1525,Progress Monitoring Report March Validation Workflow,102843,Approved,paolaa,Representative,214961,Approved-PMI_CR,Satisfactory,,4/9/2020 13:42,6/15/2026 23:04,6/15/2026 23:04,PMI_CR,Validated by Representative,Validada por el Representante de País,Validado pelo(a) Representante do País,Validé par le Représentant de pays
IFD,IFD/FMM,42,BR-L1535,Progress Monitoring Report March Validation Workflow,223447,Approved,ANDREMA,Team Leader,568971,Approved-PMI_TL,Satisfactory,,3/27/2023 16:44,6/15/2026 23:04,6/15/2026 23:04,PMI_TL,Completed by Team Leader,Completado por el Líder de Equipo,Completado pelo(a) Líder de Equipe,Complété par le Chef d’équipe
IFD,IFD/FMM,45,BR-L1513,Progress Monitoring Report March Validation Workflow,278191,Rejected,ANDREMA,Team Leader,743404,Approved-PMI_TL,Satisfactory,,3/28/2024 9:39,6/15/2026 23:04,6/15/2026 23:04,PMI_TL,Completed by Team Leader,Completado por el Líder de Equipo,Completado pelo(a) Líder de Equipe,Complété par le Chef d’équipe
IFD,IFD/FMM,45,BR-L1535,Progress Monitoring Report March Validation Workflow,278192,Rejected,ANDREMA,Team Leader,743406,Approved-PMI_TL,Satisfactory,,3/28/2024 9:41,6/15/2026 23:04,6/15/2026 23:04,PMI_TL,Completed by Team Leader,Completado por el Líder de Equipo,Completado pelo(a) Líder de Equipe,Complété par le Chef d’équipe
IFD,IFD/FMM,49,BL-L1038,Progress Monitoring Report September Validation Workflow,306401,Approved-PMI_COO,agilles,Chief of Operations,832138,Approved-PMI_COO,Alert,,10/31/2024 19:54,6/15/2026 23:04,6/15/2026 23:04,PMI_COO,Validated by Chief of Operations,Validado por los Jefes de Operaciones,Validado pelo(a) Chefe de Operações,Validé par le Chef des opérations
IFD,IFD/FMM,50,PE-L1288,Progress Monitoring Report March Validation Workflow,335873,Approved,mruizarranz,Division Chief,927342,Approved-PMI_DC,N/A,,4/30/2025 9:10,6/15/2026 23:04,6/15/2026 23:04,PMI_DC,Validated by Division Chief,Validada por el Jefe de División,Validado pelo(a) Chefe de Divisão,Validé par le Chef de Division
IFD,IFD/FMM,49,BL-L1031,Progress Monitoring Report September Validation Workflow,306400,Approved-PMI_COO,agilles,Chief of Operations,832136,Approved-PMI_COO,Problem,,10/31/2024 19:54,6/15/2026 23:04,6/15/2026 23:04,PMI_COO,Validated by Chief of Operations,Validado por los Jefes de Operaciones,Validado pelo(a) Chefe de Operações,Validé par le Chef des opérations
IFD,IFD/FMM,35,EC-L1251,Progress Monitoring Report March Validation Workflow,132761,Aprobado,UBALDOG,Team Leader,291061,Approved-PMI_TL,N/A,,3/31/2021 9:38,6/15/2026 23:04,6/15/2026 23:04,PMI_TL,Completed by Team Leader,Completado por el Líder de Equipo,Completado pelo(a) Líder de Equipe,Complété par le Chef d’équipe
IFD,IFD/FMM,54,BR-L1501,Progress Monitoring Report March Validation Workflow,398467,Approved,susanar,Division Chief,1127411,Approved-PMI_DC,Satisfactory,,4/22/2026 11:23,6/15/2026 23:04,6/15/2026 23:04,PMI_DC,Validated by Division Chief,Validada por el Jefe de División,Validado pelo(a) Chefe de Divisão,Validé par le Chef de Division
IFD,IFD/FMM,54,BR-L1516,Progress Monitoring Report March Validation Workflow,398468,Approved,YUDYB,Chief of Operations,1122088,Approved-PMI_COO,Satisfactory,,4/17/2026 9:24,6/15/2026 23:04,6/15/2026 23:04,PMI_COO,Validated by Chief of Operations,Validado por los Jefes de Operaciones,Validado pelo(a) Chefe de Operações,Validé par le Chef des opérations
IFD,IFD/FMM,54,BR-L1377,Progress Monitoring Report March Validation Workflow,398471,Approved,YUDYB,Chief of Operations,1122094,Approved-PMI_COO,Satisfactory,,4/17/2026 9:24,6/15/2026 23:04,6/15/2026 23:04,PMI_COO,Validated by Chief of Operations,Validado por los Jefes de Operaciones,Validado pelo(a) Chefe de Operações,Validé par le Chef des opérations
IFD,IFD/FMM,40,BR-L1525,Progress Monitoring Report September Validation Workflow,196686,Approved-PMI_COO,PATRICIAGB,Team Leader,487154,Approved-PMI_TL,Problem,,9/29/2022 13:17,6/15/2026 23:04,6/15/2026 23:04,PMI_TL,Completed by Team Leader,Completado por el Líder de Equipo,Completado pelo(a) Líder de Equipe,Complété par le Chef d’équipe
IFD,IFD/FMM,40,AR-L1285,Progress Monitoring Report September Validation Workflow,196745,Approved-PMI_COO,DOBARA,Chief of Operations,487335,Approved-PMI_COO,Problem,,10/14/2022 19:21,6/15/2026 23:04,6/15/2026 23:04,PMI_COO,Validated by Chief of Operations,Validado por los Jefes de Operaciones,Validado pelo(a) Chefe de Operações,Validé par le Chef des opérations
IFD,IFD/FMM,42,PE-L1231,Progress Monitoring Report March Validation Workflow,223588,Aprobado,emiliopi,Division Chief,572336,Approved-PMI_DC,Satisfactory,,4/25/2023 10:37,6/15/2026 23:04,6/15/2026 23:04,PMI_DC,Validated by Division Chief,Validada por el Jefe de División,Validado pelo(a) Chefe de Divisão,Validé par le Chef de Division
IFD,IFD/FMM,42,PE-L1266,Progress Monitoring Report March Validation Workflow,223590,Aprobado,AXELRADICS,Team Leader,569321,Approved-PMI_TL,Alert,,3/27/2023 22:04,6/15/2026 23:04,6/15/2026 23:04,PMI_TL,Completed by Team Leader,Completado por el Líder de Equipo,Completado pelo(a) Líder de Equipe,Complété par le Chef d’équipe
IFD,IFD/FMM,42,UR-L1164,Progress Monitoring Report March Validation Workflow,223625,Approved,FERNANDOCU,Chief of Operations,569406,Approved-PMI_COO,Satisfactory,,3/29/2023 14:42,6/15/2026 23:04,6/15/2026 23:04,PMI_COO,Validated by Chief of Operations,Validado por los Jefes de Operaciones,Validado pelo(a) Chefe de Operações,Validé par le Chef des opérations
IFD,IFD/FMM,42,UR-L1164,Progress Monitoring Report March Validation Workflow,223625,Approved,emiliopi,Division Chief,570431,Approved-PMI_DC,Satisfactory,,4/18/2023 14:33,6/15/2026 23:04,6/15/2026 23:04,PMI_DC,Validated by Division Chief,Validada por el Jefe de División,Validado pelo(a) Chefe de Divisão,Validé par le Chef de Division
IFD,IFD/FMM,45,EC-L1251,Progress Monitoring Report March Validation Workflow,282901,Rejected,KARENA,Division Chief,759626,Rejected,Problem,Rechazado a solicitud del TL.,4/29/2024 18:20,6/15/2026 23:04,6/15/2026 23:04,,Rejected,,,
IFD,IFD/FMM,45,EC-L1251,Progress Monitoring Report March Validation Workflow,283801,Approved,UBALDOG,Team Leader,759762,Approved-PMI_TL,Problem,"En el  ejercicio 2023 el proyecto completó las 3 actividades criticas programadas: i) firma del contrato de auditoría especial para dictaminar la razonabilidad de los EEFF de Petroecuador y Petroamazanoas antes de la fusion (en 2019) y después de la fusion (que ocurrió el 1 de enero de 2020), para los ejercicios 2020 y 2021, por US 2.4 millones, ii) consultoría para determinacion de la capaciad de endeudamiento de las empresas públicas por US 33.000 y iii) cancelación de fondos de la parte inejecutable de esta operacion, correspondiente a desvinculaciones de trabajadores de Petroecuador, por un monto de US 25,2 millones. Todo lo mencionado  fue un logro y esfuerzo importante en el MEF. Por estas razones, y por el gran logro que tuvimos como equipo al alcanzar todos los hitos anteriormente descritos, cordialmente solicito el cambio de calificación a SATISFACTORIO. ",4/30/2024 3:55,6/15/2026 23:04,6/15/2026 23:04,PMI_TL,Completed by Team Leader,Completado por el Líder de Equipo,Completado pelo(a) Líder de Equipe,Complété par le Chef d’équipe
IFD,IFD/FMM,53,PE-L1239,Progress Monitoring Report September Validation Workflow,362492,Approved-PMI_COO,ecambiasso,Chief of Operations,1008738,Approved-PMI_COO,Alert,,10/7/2025 15:58,6/15/2026 23:04,6/15/2026 23:04,PMI_COO,Validated by Chief of Operations,Validado por los Jefes de Operaciones,Validado pelo(a) Chefe de Operações,Validé par le Chef des opérations
IFD,IFD/FMM,54,BR-L1513,Progress Monitoring Report March Validation Workflow,398432,Approved,susanar,Division Chief,1132435,Approved-PMI_DC,Satisfactory,,4/22/2026 11:28,6/15/2026 23:04,6/15/2026 23:04,PMI_DC,Validated by Division Chief,Validada por el Jefe de División,Validado pelo(a) Chefe de Divisão,Validé par le Chef de Division
IFD,IFD/FMM,54,UR-L1193,Progress Monitoring Report March Validation Workflow,398886,Aprobado,mvasquez,Team Leader,1123521,Approved-PMI_TL,Satisfactory,,3/31/2026 15:43,6/15/2026 23:04,6/15/2026 23:04,PMI_TL,Completed by Team Leader,Completado por el Líder de Equipo,Completado pelo(a) Líder de Equipe,Complété par le Chef d’équipe
IFD,IFD/FMM,45,EC-L1230,Progress Monitoring Report March Validation Workflow,282373,Approved,VinicioR,Representative,759163,Approved-PMI_CR,Problem,,4/29/2024 17:24,6/15/2026 23:04,6/15/2026 23:04,PMI_CR,Validated by Representative,Validada por el Representante de País,Validado pelo(a) Representante do País,Validé par le Représentant de pays
IFD,IFD/FMM,50,UR-L1164,Progress Monitoring Report March Validation Workflow,335183,Aprobado,LGRODRIGUEZ,Representative,933883,Approved-PMI_CR,Satisfactory,,4/30/2025 11:53,6/15/2026 23:04,6/15/2026 23:04,PMI_CR,Validated by Representative,Validada por el Representante de País,Validado pelo(a) Representante do País,Validé par le Représentant de pays
IFD,IFD/FMM,50,BL-L1038,Progress Monitoring Report March Validation Workflow,336109,Approved,ALEXANDREV,Chief of Operations,923277,Approved-PMI_COO,Alert,,4/11/2025 13:37,6/15/2026 23:04,6/15/2026 23:04,PMI_COO,Validated by Chief of Operations,Validado por los Jefes de Operaciones,Validado pelo(a) Chefe de Operações,Validé par le Chef des opérations
IFD,IFD/FMM,53,BR-L1550,Progress Monitoring Report September Validation Workflow,361991,Approved-PMI_COO,RMOTTACAFE,Team Leader,1007210,Approved-PMI_TL,Alert,,9/26/2025 18:33,6/15/2026 23:04,6/15/2026 23:04,PMI_TL,Completed by Team Leader,Completado por el Líder de Equipo,Completado pelo(a) Líder de Equipe,Complété par le Chef d’équipe
IFD,IFD/FMM,29,PE-L1239,Progress Monitoring Report March Validation Workflow,85271,Approved,josel,Team Leader,181968,Approved-PMI_TL,Satisfactory,,3/27/2019 13:31,6/15/2026 23:04,6/15/2026 23:04,PMI_TL,Completed by Team Leader,Completado por el Líder de Equipo,Completado pelo(a) Líder de Equipe,Complété par le Chef d’équipe
IFD,IFD/FMM,32,CO-L1164,Progress Monitoring Report March Validation Workflow,103362,Approved,marianac,Division Chief,214160,Approved-PMI_DC,Satisfactory,,4/9/2020 12:12,6/15/2026 23:04,6/15/2026 23:04,PMI_DC,Validated by Division Chief,Validada por el Jefe de División,Validado pelo(a) Chefe de Divisão,Validé par le Chef de Division
IFD,IFD/FMM,44,PN-L1172,PMR Cycle & Startup Plan validation,251624,Approved,GermanZ,Representative,671106,Approved-PMI_CR,Satisfactory,,11/16/2023 15:49,6/15/2026 23:04,6/15/2026 23:04,PMI_CR,Validated by Representative,Validada por el Representante de País,Validado pelo(a) Representante do País,Validé par le Représentant de pays
IFD,IFD/FMM,53,EC-L1230,Progress Monitoring Report September Validation Workflow,359860,Approved-PMI_COO,VinicioR,Chief of Operations,999675,Approved-PMI_COO,Alert,,10/10/2025 11:55,6/15/2026 23:04,6/15/2026 23:04,PMI_COO,Validated by Chief of Operations,Validado por los Jefes de Operaciones,Validado pelo(a) Chefe de Operações,Validé par le Chef des opérations
IFD,IFD/FMM,34,EC-L1230,Progress Monitoring Report September Validation Workflow,112177,Approved-PMI_COO,AdrianaLV,Chief of Operations,231570,Approved-PMI_COO,Alert,,10/19/2020 13:46,6/15/2026 23:04,6/15/2026 23:04,PMI_COO,Validated by Chief of Operations,Validado por los Jefes de Operaciones,Validado pelo(a) Chefe de Operações,Validé par le Chef des opérations
IFD,IFD/FMM,34,BR-L1527,Progress Monitoring Report September Validation Workflow,112203,Approved-PMI_COO,mmacdowell,Team Leader,231634,Approved-PMI_TL,Satisfactory,,10/9/2020 10:38,6/15/2026 23:04,6/15/2026 23:04,PMI_TL,Completed by Team Leader,Completado por el Líder de Equipo,Completado pelo(a) Líder de Equipe,Complété par le Chef d’équipe
IFD,IFD/FMM,34,CO-L1164,PMR Cycle & Startup Plan validation,113812,Aprobado,kelvins,Representative,238698,Approved-PMI_CR,Problem,,11/20/2020 14:15,6/15/2026 23:04,6/15/2026 23:04,PMI_CR,Validated by Representative,Validada por el Representante de País,Validado pelo(a) Representante do País,Validé par le Représentant de pays
IFD,IFD/FMM,34,EC-L1251,PMR Cycle & Startup Plan validation,114826,Approved,emiliopi,Division Chief,239778,Approved-PMI_DC,N/A,,10/30/2020 15:43,6/15/2026 23:04,6/15/2026 23:04,PMI_DC,Validated by Division Chief,Validada por el Jefe de División,Validado pelo(a) Chefe de Divisão,Validé par le Chef de Division
IFD,IFD/FMM,35,BR-L1377,Progress Monitoring Report March Validation Workflow,132619,Approved,PAOLAA,Representative,293595,Approved-PMI_CR,Satisfactory,,4/8/2021 22:05,6/15/2026 23:04,6/15/2026 23:04,PMI_CR,Validated by Representative,Validada por el Representante de País,Validado pelo(a) Representante do País,Validé par le Représentant de pays
IFD,IFD/FMM,32,BR-L1534,Progress Monitoring Report March Validation Workflow,103093,Approved,paolaa,Representative,214963,Approved-PMI_CR,Satisfactory,,4/9/2020 13:42,6/15/2026 23:04,6/15/2026 23:04,PMI_CR,Validated by Representative,Validada por el Representante de País,Validado pelo(a) Representante do País,Validé par le Représentant de pays
IFD,IFD/FMM,38,BL-L1031,Progress Monitoring Report March Validation Workflow,174955,Approved,emiliopi,Division Chief,421627,Approved-PMI_DC,Satisfactory,,4/13/2022 9:43,6/15/2026 23:04,6/15/2026 23:04,PMI_DC,Validated by Division Chief,Validada por el Jefe de División,Validado pelo(a) Chefe de Divisão,Validé par le Chef de Division
IFD,IFD/FMM,40,BR-L1527,Progress Monitoring Report September Validation Workflow,196831,Approved-PMI_COO,mmacdowell,Team Leader,487623,Approved-PMI_TL,Alert,,9/30/2022 8:16,6/15/2026 23:04,6/15/2026 23:04,PMI_TL,Completed by Team Leader,Completado por el Líder de Equipo,Completado pelo(a) Líder de Equipe,Complété par le Chef d’équipe
IFD,IFD/FMM,53,UR-L1193,Progress Monitoring Report September Validation Workflow,362152,Approved-PMI_COO,SERGIOCI,Team Leader,1007717,Approved-PMI_TL,Alert,,9/29/2025 15:08,6/15/2026 23:04,6/15/2026 23:04,PMI_TL,Completed by Team Leader,Completado por el Líder de Equipo,Completado pelo(a) Líder de Equipe,Complété par le Chef d’équipe
IFD,IFD/FMM,54,CO-L1245,Progress Monitoring Report March Validation Workflow,399091,Aprobado,ZOILAL,Team Leader,1124047,Approved-PMI_TL,Satisfactory,,4/1/2026 11:15,6/15/2026 23:04,6/15/2026 23:04,PMI_TL,Completed by Team Leader,Completado por el Líder de Equipo,Completado pelo(a) Líder de Equipe,Complété par le Chef d’équipe
IFD,IFD/FMM,54,PE-L1231,Progress Monitoring Report March Validation Workflow,399560,Approved,susanar,Division Chief,1133103,Approved-PMI_DC,Satisfactory,On behalf of Marta Ruiz Arranz: Se solicita al equipo mantener actualizado los campos del verificador de contenido.,4/29/2026 11:36,6/15/2026 23:04,6/15/2026 23:04,PMI_DC,Validated by Division Chief,Validada por el Jefe de División,Validado pelo(a) Chefe de Divisão,Validé par le Chef de Division
IFD,IFD/FMM,49,BR-L1599,PMR Cycle & Startup Plan validation,313012,Approved,PAOLAA,Chief of Operations,854737,Approved-PMI_COO,Problem,,11/15/2024 11:05,6/15/2026 23:04,6/15/2026 23:04,PMI_COO,Validated by Chief of Operations,Validado por los Jefes de Operaciones,Validado pelo(a) Chefe de Operações,Validé par le Chef des opérations
IFD,IFD/FMM,54,AR-L1405,PMR Cycle & Startup Plan validation,401063,Approved,vivianaa,Representative,1134849,Approved-PMI_CR,Satisfactory,,4/23/2026 15:35,6/15/2026 23:04,6/15/2026 23:04,PMI_CR,Validated by Representative,Validada por el Representante de País,Validado pelo(a) Representante do País,Validé par le Représentant de pays
IFD,IFD/FMM,32,AR-L1285,Progress Monitoring Report March Validation Workflow,103242,Aprobado,jgomezreino,Team Leader,212305,Approved-PMI_TL,Satisfactory,,3/20/2020 14:36,6/15/2026 23:04,6/15/2026 23:04,PMI_TL,Completed by Team Leader,Completado por el Líder de Equipo,Completado pelo(a) Líder de Equipe,Complété par le Chef d’équipe
IFD,IFD/FMM,34,EC-L1251,PMR Cycle & Startup Plan validation,113478,Rejected,AdrianaLV,Chief of Operations,235281,Rejected,Satisfactory,Favor de eliminar columnas en cero,10/22/2020 14:16,6/15/2026 23:04,6/15/2026 23:04,,Rejected,,,
IFD,IFD/FMM,50,BR-L1534,Progress Monitoring Report March Validation Workflow,334844,Approved,mmacdowell,Team Leader,919461,Approved-PMI_TL,Satisfactory,,3/31/2025 9:04,6/15/2026 23:04,6/15/2026 23:04,PMI_TL,Completed by Team Leader,Completado por el Líder de Equipo,Completado pelo(a) Líder de Equipe,Complété par le Chef d’équipe
IFD,IFD/FMM,45,PR-L1150,Progress Monitoring Report March Validation Workflow,277586,Cancelled,,Chief of Operations,741595,Cancelled,Satisfactory,,4/2/2024 18:41,6/15/2026 23:04,6/15/2026 23:04,,Cancelled,,,
IFD,IFD/FMM,42,PR-L1150,Progress Monitoring Report March Validation Workflow,223556,Approved,olorarocha,Team Leader,569232,Approved-PMI_TL,Satisfactory,,3/27/2023 19:21,6/15/2026 23:04,6/15/2026 23:04,PMI_TL,Completed by Team Leader,Completado por el Líder de Equipo,Completado pelo(a) Líder de Equipe,Complété par le Chef d’équipe
IFD,IFD/FMM,53,EC-L1251,Progress Monitoring Report September Validation Workflow,359859,Approved-PMI_COO,ZOILAN,Team Leader,999672,Approved-PMI_TL,Satisfactory,,9/15/2025 11:54,6/15/2026 23:04,6/15/2026 23:04,PMI_TL,Completed by Team Leader,Completado por el Líder de Equipo,Completado pelo(a) Líder de Equipe,Complété par le Chef d’équipe
IFD,IFD/FMM,53,EC-L1251,Progress Monitoring Report September Validation Workflow,359859,Approved-PMI_COO,VinicioR,Chief of Operations,999673,Approved-PMI_COO,Satisfactory,,10/10/2025 12:06,6/15/2026 23:04,6/15/2026 23:04,PMI_COO,Validated by Chief of Operations,Validado por los Jefes de Operaciones,Validado pelo(a) Chefe de Operações,Validé par le Chef des opérations
IFD,IFD/FMM,53,BR-L1501,Progress Monitoring Report September Validation Workflow,362161,Rejected,PAOLAA,Chief of Operations,1007736,Rejected,Satisfactory,Por gentileza ajustar conforme solicitado e reenviar.,9/30/2025 13:59,6/15/2026 23:04,6/15/2026 23:04,,Rejected,,,
IFD,IFD/FMM,38,AR-L1248,Progress Monitoring Report March Validation Workflow,174749,Approved,DOBARA,Chief of Operations,415277,Approved-PMI_COO,Satisfactory,,4/5/2022 18:43,6/15/2026 23:04,6/15/2026 23:04,PMI_COO,Validated by Chief of Operations,Validado por los Jefes de Operaciones,Validado pelo(a) Chefe de Operações,Validé par le Chef des opérations
IFD,IFD/FMM,53,AR-L1405,Progress Monitoring Report September Validation Workflow,362370,Approved-PMI_COO,jgomezreino,Team Leader,1008372,Approved-PMI_TL,Alert,,9/30/2025 9:46,6/15/2026 23:04,6/15/2026 23:04,PMI_TL,Completed by Team Leader,Completado por el Líder de Equipo,Completado pelo(a) Líder de Equipe,Complété par le Chef d’équipe
IFD,IFD/FMM,50,PR-L1192,Progress Monitoring Report March Validation Workflow,334946,Approved,manuelfe,Representative,933879,Approved-PMI_CR,Satisfactory,,5/9/2025 16:09,6/15/2026 23:04,6/15/2026 23:04,PMI_CR,Validated by Representative,Validada por el Representante de País,Validado pelo(a) Representante do País,Validé par le Représentant de pays
IFD,IFD/FMM,50,PE-L1288,Progress Monitoring Report March Validation Workflow,335873,Approved,ecambiasso,Representative,933875,Approved-PMI_CR,N/A,,5/9/2025 16:48,6/15/2026 23:04,6/15/2026 23:04,PMI_CR,Validated by Representative,Validada por el Representante de País,Validado pelo(a) Representante do País,Validé par le Représentant de pays
IFD,IFD/FMM,44,PR-L1150,Progress Monitoring Report September Validation Workflow,249194,Approved-PMI_COO,olorarocha,Team Leader,654357,Approved-PMI_TL,Satisfactory,,9/28/2023 15:23,6/15/2026 23:04,6/15/2026 23:04,PMI_TL,Completed by Team Leader,Completado por el Líder de Equipo,Completado pelo(a) Líder de Equipe,Complété par le Chef d’équipe
IFD,IFD/FMM,44,PR-L1150,Progress Monitoring Report September Validation Workflow,249194,Approved-PMI_COO,jorgesei,Chief of Operations,654358,Approved-PMI_COO,Satisfactory,,10/4/2023 9:09,6/15/2026 23:04,6/15/2026 23:04,PMI_COO,Validated by Chief of Operations,Validado por los Jefes de Operaciones,Validado pelo(a) Chefe de Operações,Validé par le Chef des opérations
IFD,IFD/FMM,54,UR-L1111,Progress Monitoring Report March Validation Workflow,399033,Aprobado,rlima,Chief of Operations,1123880,Approved-PMI_COO,Satisfactory,"La operación deberia estar cerrada, venció el periodo para el último desembolso en enero de 2026.",4/9/2026 8:46,6/15/2026 23:04,6/15/2026 23:04,PMI_COO,Validated by Chief of Operations,Validado por los Jefes de Operaciones,Validado pelo(a) Chefe de Operações,Validé par le Chef des opérations
IFD,IFD/FMM,54,BR-L1658,Progress Monitoring Report March Validation Workflow,398473,Approved,susanar,Division Chief,1127408,Approved-PMI_DC,Satisfactory,On behalf of Marta Ruiz Arranz: Se solicita a los equipos mantener actualizado los campos del verificador de contenido.,4/29/2026 11:24,6/15/2026 23:04,6/15/2026 23:04,PMI_DC,Validated by Division Chief,Validada por el Jefe de División,Validado pelo(a) Chefe de Divisão,Validé par le Chef de Division
IFD,IFD/FMM,54,BR-L1658,Progress Monitoring Report March Validation Workflow,398473,Approved,ANNETTEK,Representative,1139522,Approved-PMI_CR,Satisfactory,,5/15/2026 18:06,6/15/2026 23:04,6/15/2026 23:04,PMI_CR,Validated by Representative,Validada por el Representante de País,Validado pelo(a) Representante do País,Validé par le Représentant de pays
IFD,IFD/FMM,54,BR-L1629,Progress Monitoring Report March Validation Workflow,398474,Approved,ANNETTEK,Representative,1139518,Approved-PMI_CR,Satisfactory,,5/15/2026 18:06,6/15/2026 23:04,6/15/2026 23:04,PMI_CR,Validated by Representative,Validada por el Representante de País,Validado pelo(a) Representante do País,Validé par le Représentant de pays
IFD,IFD/FMM,54,EC-L1230,Progress Monitoring Report March Validation Workflow,399419,Approved,VinicioR,Chief of Operations,1124937,Approved-PMI_COO,SATISFACTORY,"Al inicio del 2025, el MEF no asigno el espacio fiscal necesario para hacer desembolsos; sin embargo, y a través de gestiones de la representación con dicho ministerio y con el Ministerio de Infraestructura y Transporte,  se gestionó un espacio de US 18 millones, dado que la nueva estructura organizacional de estado priorizo los temas de APPs, el Banco realizo el desembolso indicado, y por su parte el MEF realizar la transferencia al fideicomiso creado para la estructuración que financiara diez proyectos de APP en los sectores vial, portuario y energético. Dado que en la programación inicial no estaba contemplado ningún desembolso se produce una sobre ejecución financiera dejando al proyecto EC-L1230 en Alerta. El esfuerzo realizado tanto por el MEF, MIT y el Banco justifica hacer el cambio de calificación a Satisfactorio para destacar el compromiso del Gobierno en aumentar el espacio presupuestario y garantizar la continuidad técnica y financiera de la cartera de proyectos APP en estructuración, así como la implementación progresiva del Fondo de Desarrollo y Garantía APP, asegurando la sostenibilidad del programa.  (se anexa informe con detalle)  ",4/17/2026 13:39,6/15/2026 23:04,6/15/2026 23:04,PMI_COO,Validated by Chief of Operations,Validado por los Jefes de Operaciones,Validado pelo(a) Chefe de Operações,Validé par le Chef des opérations
IFD,IFD/FMM,54,EC-L1230,Progress Monitoring Report March Validation Workflow,399419,Approved,ignezt,Representative,1139526,Approved-PMI_CR,SATISFACTORY,,5/13/2026 17:44,6/15/2026 23:04,6/15/2026 23:04,PMI_CR,Validated by Representative,Validada por el Representante de País,Validado pelo(a) Representante do País,Validé par le Représentant de pays
IFD,IFD/FMM,50,BR-L1511,Progress Monitoring Report March Validation Workflow,334627,Approved,PAOLAA,Chief of Operations,918881,Approved-PMI_COO,Satisfactory,,4/4/2025 15:13,6/15/2026 23:04,6/15/2026 23:04,PMI_COO,Validated by Chief of Operations,Validado por los Jefes de Operaciones,Validado pelo(a) Chefe de Operações,Validé par le Chef des opérations
IFD,IFD/FMM,50,BR-L1550,Progress Monitoring Report March Validation Workflow,334632,Approved,PAOLAA,Chief of Operations,918899,Approved-PMI_COO,Satisfactory,,4/4/2025 15:17,6/15/2026 23:04,6/15/2026 23:04,PMI_COO,Validated by Chief of Operations,Validado por los Jefes de Operaciones,Validado pelo(a) Chefe de Operações,Validé par le Chef des opérations
IFD,IFD/FMM,50,PE-L1278,Progress Monitoring Report March Validation Workflow,336053,Approved,MartinA,Team Leader,923094,Approved-PMI_TL,Problem,,4/4/2025 15:16,6/15/2026 23:04,6/15/2026 23:04,PMI_TL,Completed by Team Leader,Completado por el Líder de Equipo,Completado pelo(a) Líder de Equipe,Complété par le Chef d’équipe
IFD,IFD/FMM,42,CO-L1164,Progress Monitoring Report March Validation Workflow,223709,Aprobado,kelvins,Chief of Operations,569664,Approved-PMI_COO,Satisfactory,,4/17/2023 23:18,6/15/2026 23:04,6/15/2026 23:04,PMI_COO,Validated by Chief of Operations,Validado por los Jefes de Operaciones,Validado pelo(a) Chefe de Operações,Validé par le Chef des opérations
IFD,IFD/FMM,49,AR-L1285,Progress Monitoring Report September Validation Workflow,306484,Approved-PMI_COO,jgomezreino,Team Leader,832410,Approved-PMI_TL,Alert,,10/4/2024 9:12,6/15/2026 23:04,6/15/2026 23:04,PMI_TL,Completed by Team Leader,Completado por el Líder de Equipo,Completado pelo(a) Líder de Equipe,Complété par le Chef d’équipe
IFD,IFD/FMM,49,EC-L1253,Progress Monitoring Report September Validation Workflow,307488,Approved-PMI_COO,VinicioR,Chief of Operations,835681,Approved-PMI_COO,Problem,,10/17/2024 18:46,6/15/2026 23:04,6/15/2026 23:04,PMI_COO,Validated by Chief of Operations,Validado por los Jefes de Operaciones,Validado pelo(a) Chefe de Operações,Validé par le Chef des opérations
IFD,IFD/FMM,45,BR-L1501,Progress Monitoring Report March Validation Workflow,280219,Approved,marianac,Division Chief,758364,Approved-PMI_DC,Satisfactory,,4/29/2024 11:31,6/15/2026 23:04,6/15/2026 23:04,PMI_DC,Validated by Division Chief,Validada por el Jefe de División,Validado pelo(a) Chefe de Divisão,Validé par le Chef de Division
IFD,IFD/FMM,54,AR-L1285,Progress Monitoring Report March Validation Workflow,399473,Approved,vivianaa,Representative,1134844,Approved-PMI_CR,Problem,,4/23/2026 15:24,6/15/2026 23:04,6/15/2026 23:04,PMI_CR,Validated by Representative,Validada por el Representante de País,Validado pelo(a) Representante do País,Validé par le Représentant de pays
IFD,IFD/FMM,44,BR-L1539,Progress Monitoring Report September Validation Workflow,249308,Approved-PMI_COO,anapa,Team Leader,654608,Approved-PMI_TL,Satisfactory,,9/29/2023 9:26,6/15/2026 23:04,6/15/2026 23:04,PMI_TL,Completed by Team Leader,Completado por el Líder de Equipo,Completado pelo(a) Líder de Equipe,Complété par le Chef d’équipe
IFD,IFD/FMM,50,BR-L1592,Progress Monitoring Report March Validation Workflow,334642,Approved,PAOLAA,Chief of Operations,918918,Approved-PMI_COO,Satisfactory,,4/4/2025 15:10,6/15/2026 23:04,6/15/2026 23:04,PMI_COO,Validated by Chief of Operations,Validado por los Jefes de Operaciones,Validado pelo(a) Chefe de Operações,Validé par le Chef des opérations
IFD,IFD/FMM,50,BR-L1535,Progress Monitoring Report March Validation Workflow,334644,Approved,ANDREMA,Team Leader,918923,Approved-PMI_TL,Satisfactory,,3/28/2025 10:46,6/15/2026 23:04,6/15/2026 23:04,PMI_TL,Completed by Team Leader,Completado por el Líder de Equipo,Completado pelo(a) Líder de Equipe,Complété par le Chef d’équipe
IFD,IFD/FMM,50,BR-L1513,Progress Monitoring Report March Validation Workflow,334646,Approved,PAOLAA,Chief of Operations,918928,Approved-PMI_COO,Satisfactory,,4/4/2025 15:13,6/15/2026 23:04,6/15/2026 23:04,PMI_COO,Validated by Chief of Operations,Validado por los Jefes de Operaciones,Validado pelo(a) Chefe de Operações,Validé par le Chef des opérations
IFD,IFD/FMM,53,CH-L1178,PMR Cycle & Startup Plan validation,364947,Approved,LeslieHa,Team Leader,1016766,Approved-PMI_TL,Satisfactory,,10/14/2025 16:35,6/15/2026 23:04,6/15/2026 23:04,PMI_TL,Completed by Team Leader,Completado por el Líder de Equipo,Completado pelo(a) Líder de Equipe,Complété par le Chef d’équipe
IFD,IFD/FMM,54,ME-L1309,Progress Monitoring Report March Validation Workflow,400787,Approved,GermanZ,Representative,1139528,Approved-PMI_CR,Satisfactory,,4/29/2026 14:57,6/15/2026 23:04,6/15/2026 23:04,PMI_CR,Validated by Representative,Validada por el Representante de País,Validado pelo(a) Representante do País,Validé par le Représentant de pays
IFD,IFD/FMM,38,CO-L1245,Progress Monitoring Report March Validation Workflow,174881,Aprobado,kelvins,Chief of Operations,415634,Approved-PMI_COO,Satisfactory,,4/7/2022 22:54,6/15/2026 23:04,6/15/2026 23:04,PMI_COO,Validated by Chief of Operations,Validado por los Jefes de Operaciones,Validado pelo(a) Chefe de Operações,Validé par le Chef des opérations
IFD,IFD/FMM,42,UR-L1111,Progress Monitoring Report March Validation Workflow,223624,Approved,jgomezreino,Team Leader,569403,Approved-PMI_TL,Satisfactory,,3/28/2023 9:03,6/15/2026 23:04,6/15/2026 23:04,PMI_TL,Completed by Team Leader,Completado por el Líder de Equipo,Completado pelo(a) Líder de Equipe,Complété par le Chef d’équipe
IFD,IFD/FMM,42,UR-L1111,Progress Monitoring Report March Validation Workflow,223624,Approved,FERNANDOCU,Representative,579486,Approved-PMI_CR,Satisfactory,,4/20/2023 8:29,6/15/2026 23:04,6/15/2026 23:04,PMI_CR,Validated by Representative,Validada por el Representante de País,Validado pelo(a) Representante do País,Validé par le Représentant de pays
IFD,IFD/FMM,38,BR-L1535,Progress Monitoring Report March Validation Workflow,174480,Approved,PAOLAA,Chief of Operations,414620,Approved-PMI_COO,Satisfactory,,4/7/2022 10:37,6/15/2026 23:04,6/15/2026 23:04,PMI_COO,Validated by Chief of Operations,Validado por los Jefes de Operaciones,Validado pelo(a) Chefe de Operações,Validé par le Chef des opérations
IFD,IFD/FMM,53,BR-L1527,Progress Monitoring Report September Validation Workflow,363084,Approved-PMI_COO,mmacdowell,Team Leader,1010618,Approved-PMI_TL,Alert,,10/2/2025 13:45,6/15/2026 23:04,6/15/2026 23:04,PMI_TL,Completed by Team Leader,Completado por el Líder de Equipo,Completado pelo(a) Líder de Equipe,Complété par le Chef d’équipe
IFD,IFD/FMM,45,BR-L1501,Progress Monitoring Report March Validation Workflow,278034,Rejected,PAOLAA,Chief of Operations,743017,Rejected,Satisfactory,"Segundo orientações de SPD, serão rejeitados todos os fluxos do ciclo para que o sistema seja reajustado e calcule corretamente a qualificação das operações.  Se infomará as equipes quando poderão ser relanzados os fluxos de validação. Obrigada.",4/2/2024 16:18,6/15/2026 23:04,6/15/2026 23:04,,Rejected,,,
IFD,IFD/FMM,45,BR-L1516,Progress Monitoring Report March Validation Workflow,278036,Rejected,PAOLAA,Chief of Operations,743023,Rejected,Satisfactory,"Segundo orientações de SPD, serão rejeitados todos os fluxos do ciclo para que o sistema seja reajustado e calcule corretamente a qualificação das operações.  Se infomará as equipes quando poderão ser relanzados os fluxos de validação. Obrigada.",4/2/2024 16:21,6/15/2026 23:04,6/15/2026 23:04,,Rejected,,,
IFD,IFD/FMM,45,PE-L1239,Progress Monitoring Report March Validation Workflow,280085,Approved,ecambiasso,Representative,759165,Approved-PMI_CR,Satisfactory,,5/2/2024 11:47,6/15/2026 23:04,6/15/2026 23:04,PMI_CR,Validated by Representative,Validada por el Representante de País,Validado pelo(a) Representante do País,Validé par le Représentant de pays
IFD,IFD/FMM,32,BR-L1511,PMR Cycle & Startup Plan validation,103257,Approved,marianac,Division Chief,213133,Approved-PMI_DC,Satisfactory,,4/7/2020 18:30,6/15/2026 23:04,6/15/2026 23:04,PMI_DC,Validated by Division Chief,Validada por el Jefe de División,Validado pelo(a) Chefe de Divisão,Validé par le Chef de Division
IFD,IFD/FMM,35,AR-L1285,Progress Monitoring Report March Validation Workflow,132068,Approved,emiliopi,Division Chief,294214,Approved-PMI_DC,Satisfactory,,4/14/2021 9:42,6/15/2026 23:04,6/15/2026 23:04,PMI_DC,Validated by Division Chief,Validada por el Jefe de División,Validado pelo(a) Chefe de Divisão,Validé par le Chef de Division
IFD,IFD/FMM,35,BR-L1525,Progress Monitoring Report March Validation Workflow,132078,Approved,emiliopi,Division Chief,292603,Approved-PMI_DC,Alert,,4/8/2021 16:26,6/15/2026 23:04,6/15/2026 23:04,PMI_DC,Validated by Division Chief,Validada por el Jefe de División,Validado pelo(a) Chefe de Divisão,Validé par le Chef de Division
IFD,IFD/FMM,50,BL-L1031,Progress Monitoring Report March Validation Workflow,335091,Approved,MONICASC,Team Leader,920130,Approved-PMI_TL,Satisfactory,,3/31/2025 22:52,6/15/2026 23:04,6/15/2026 23:04,PMI_TL,Completed by Team Leader,Completado por el Líder de Equipo,Completado pelo(a) Líder de Equipe,Complété par le Chef d’équipe
IFD,IFD/FMM,45,BL-L1038,Progress Monitoring Report March Validation Workflow,281988,Approved,MONICASC,Team Leader,752989,Approved-PMI_TL,Alert,,4/16/2024 14:35,6/15/2026 23:04,6/15/2026 23:04,PMI_TL,Completed by Team Leader,Completado por el Líder de Equipo,Completado pelo(a) Líder de Equipe,Complété par le Chef d’équipe
IFD,IFD/FMM,45,EC-L1251,Progress Monitoring Report March Validation Workflow,283801,Approved,VinicioR,Representative,763794,Approved-PMI_CR,SATISFACTORY,,5/13/2024 17:11,6/15/2026 23:04,6/15/2026 23:04,PMI_CR,Validated by Representative,Validada por el Representante de País,Validado pelo(a) Representante do País,Validé par le Représentant de pays
IFD,IFD/FMM,50,BR-L1599,Progress Monitoring Report March Validation Workflow,335673,Approved,mmacdowell,Team Leader,921896,Approved-PMI_TL,Satisfactory,,4/3/2025 9:21,6/15/2026 23:04,6/15/2026 23:04,PMI_TL,Completed by Team Leader,Completado por el Líder de Equipo,Completado pelo(a) Líder de Equipe,Complété par le Chef d’équipe
IFD,IFD/FMM,53,SU-L1060,Progress Monitoring Report September Validation Workflow,367494,Approved-PMI_COO,margarital,Chief of Operations,1025409,Approved-PMI_COO,Alert,,10/30/2025 7:10,6/15/2026 23:04,6/15/2026 23:04,PMI_COO,Validated by Chief of Operations,Validado por los Jefes de Operaciones,Validado pelo(a) Chefe de Operações,Validé par le Chef des opérations
IFD,IFD/FMM,38,BR-L1539,Progress Monitoring Report March Validation Workflow,174557,Approved,anapa,Team Leader,414813,Approved-PMI_TL,Satisfactory,,3/24/2022 13:42,6/15/2026 23:04,6/15/2026 23:04,PMI_TL,Completed by Team Leader,Completado por el Líder de Equipo,Completado pelo(a) Líder de Equipe,Complété par le Chef d’équipe
IFD,IFD/FMM,42,SU-L1060,Progress Monitoring Report March Validation Workflow,223758,Approved,antoniog,Representative,582504,Approved-PMI_CR,Satisfactory,,4/27/2023 15:18,6/15/2026 23:04,6/15/2026 23:04,PMI_CR,Validated by Representative,Validada por el Representante de País,Validado pelo(a) Representante do País,Validé par le Représentant de pays
IFD,IFD/FMM,31,PE-L1231,PMR Cycle & Startup Plan validation,94573,Rejected,javierga,Chief of Operations,198533,Rejected,Problem,En base a lo conversado con el Jefe de Equipo se devuelve el documento para poder registrar la información adicional acordada en el caso de los dos componentes. ,10/28/2019 9:31,6/15/2026 23:04,6/15/2026 23:04,,Rejected,,,
IFD,IFD/FMM,44,BR-L1525,Progress Monitoring Report September Validation Workflow,249340,Approved-PMI_COO,PAOLAA,Chief of Operations,654665,Approved-PMI_COO,Problem,,10/20/2023 18:01,6/15/2026 23:04,6/15/2026 23:04,PMI_COO,Validated by Chief of Operations,Validado por los Jefes de Operaciones,Validado pelo(a) Chefe de Operações,Validé par le Chef des opérations
IFD,IFD/FMM,42,PE-L1239,Progress Monitoring Report March Validation Workflow,227754,Aprobado,AXELRADICS,Team Leader,584264,Approved-PMI_TL,Satisfactory,,4/27/2023 23:47,6/15/2026 23:04,6/15/2026 23:04,PMI_TL,Completed by Team Leader,Completado por el Líder de Equipo,Completado pelo(a) Líder de Equipe,Complété par le Chef d’équipe
IFD,IFD/FMM,45,BR-L1525,Progress Monitoring Report March Validation Workflow,279564,Rejected,ANDREMA,Team Leader,745391,Approved-PMI_TL,Satisfactory,,4/1/2024 16:59,6/15/2026 23:04,6/15/2026 23:04,PMI_TL,Completed by Team Leader,Completado por el Líder de Equipo,Completado pelo(a) Líder de Equipe,Complété par le Chef d’équipe
IFD,IFD/FMM,45,AR-L1248,Progress Monitoring Report March Validation Workflow,280506,Aprobado,SOFIAD,Representative,759188,Approved-PMI_CR,Satisfactory,,5/15/2024 9:51,6/15/2026 23:04,6/15/2026 23:04,PMI_CR,Validated by Representative,Validada por el Representante de País,Validado pelo(a) Representante do País,Validé par le Représentant de pays
IFD,IFD/FMM,45,AR-L1285,Progress Monitoring Report March Validation Workflow,280507,Aprobado,DOBARA,Chief of Operations,748082,Approved-PMI_COO,Satisfactory,,4/16/2024 11:48,6/15/2026 23:04,6/15/2026 23:04,PMI_COO,Validated by Chief of Operations,Validado por los Jefes de Operaciones,Validado pelo(a) Chefe de Operações,Validé par le Chef des opérations
IFD,IFD/FMM,45,AR-L1285,Progress Monitoring Report March Validation Workflow,280507,Aprobado,marianac,Division Chief,752731,Approved-PMI_DC,Satisfactory,,4/29/2024 11:18,6/15/2026 23:04,6/15/2026 23:04,PMI_DC,Validated by Division Chief,Validada por el Jefe de División,Validado pelo(a) Chefe de Divisão,Validé par le Chef de Division
IFD,IFD/FMM,40,BR-L1534,Progress Monitoring Report September Validation Workflow,196542,Approved-PMI_COO,PAOLAA,Chief of Operations,486680,Approved-PMI_COO,Alert,,10/18/2022 9:47,6/15/2026 23:04,6/15/2026 23:04,PMI_COO,Validated by Chief of Operations,Validado por los Jefes de Operaciones,Validado pelo(a) Chefe de Operações,Validé par le Chef des opérations
IFD,IFD/FMM,37,BR-L1534,PMR Cycle & Startup Plan validation,153672,Approved,emiliopi,Division Chief,355985,Approved-PMI_DC,Alert,,10/21/2021 14:28,6/15/2026 23:04,6/15/2026 23:04,PMI_DC,Validated by Division Chief,Validada por el Jefe de División,Validado pelo(a) Chefe de Divisão,Validé par le Chef de Division
IFD,IFD/FMM,45,BR-L1550,Progress Monitoring Report March Validation Workflow,280189,Approved,RMOTTACAFE,Team Leader,747183,Approved-PMI_TL,Satisfactory,,4/4/2024 8:26,6/15/2026 23:04,6/15/2026 23:04,PMI_TL,Completed by Team Leader,Completado por el Líder de Equipo,Completado pelo(a) Líder de Equipe,Complété par le Chef d’équipe
IFD,IFD/FMM,49,UR-L1111,Progress Monitoring Report September Validation Workflow,305864,Approved-PMI_COO,FERNANDOCU,Chief of Operations,830359,Approved-PMI_COO,Alert,,10/7/2024 13:13,6/15/2026 23:04,6/15/2026 23:04,PMI_COO,Validated by Chief of Operations,Validado por los Jefes de Operaciones,Validado pelo(a) Chefe de Operações,Validé par le Chef des opérations
IFD,IFD/FMM,40,CO-L1164,Progress Monitoring Report September Validation Workflow,197009,Approved-PMI_COO,mariosa,Team Leader,488080,Approved-PMI_TL,Problem,,9/30/2022 14:44,6/15/2026 23:04,6/15/2026 23:04,PMI_TL,Completed by Team Leader,Completado por el Líder de Equipo,Completado pelo(a) Líder de Equipe,Complété par le Chef d’équipe
IFD,IFD/FMM,50,EC-L1251,Progress Monitoring Report March Validation Workflow,335196,Approved,VinicioR,Chief of Operations,920393,Approved-PMI_COO,Satisfactory,,4/8/2025 15:23,6/15/2026 23:04,6/15/2026 23:04,PMI_COO,Validated by Chief of Operations,Validado por los Jefes de Operaciones,Validado pelo(a) Chefe de Operações,Validé par le Chef des opérations
IFD,IFD/FMM,45,BR-L1527,Progress Monitoring Report March Validation Workflow,278038,Rejected,mmacdowell,Team Leader,743027,Approved-PMI_TL,Satisfactory,,3/27/2024 15:10,6/15/2026 23:04,6/15/2026 23:04,PMI_TL,Completed by Team Leader,Completado por el Líder de Equipo,Completado pelo(a) Líder de Equipe,Complété par le Chef d’équipe
IFD,IFD/FMM,45,BR-L1527,Progress Monitoring Report March Validation Workflow,278038,Rejected,PAOLAA,Chief of Operations,743028,Rejected,Satisfactory,"Segundo orientações de SPD, serão rejeitados todos os fluxos do ciclo para que o sistema seja reajustado e calcule corretamente a qualificação das operações.  Se infomará as equipes quando poderão ser relanzados os fluxos de validação. Obrigada.",4/2/2024 16:21,6/15/2026 23:04,6/15/2026 23:04,,Rejected,,,
IFD,IFD/FMM,45,PE-L1239,Progress Monitoring Report March Validation Workflow,280085,Approved,AXELRADICS,Team Leader,746905,Approved-PMI_TL,Satisfactory,,4/3/2024 16:41,6/15/2026 23:04,6/15/2026 23:04,PMI_TL,Completed by Team Leader,Completado por el Líder de Equipo,Completado pelo(a) Líder de Equipe,Complété par le Chef d’équipe
IFD,IFD/FMM,49,PN-L1172,Progress Monitoring Report September Validation Workflow,306220,Approved-PMI_COO,ilian,Chief of Operations,831561,Approved-PMI_COO,Problem,,10/24/2024 15:23,6/15/2026 23:04,6/15/2026 23:04,PMI_COO,Validated by Chief of Operations,Validado por los Jefes de Operaciones,Validado pelo(a) Chefe de Operações,Validé par le Chef des opérations
IFD,IFD/FMM,50,AR-L1248,Progress Monitoring Report March Validation Workflow,334736,Aprobado,SOFIAD,Representative,933836,Approved-PMI_CR,Satisfactory,,5/14/2025 10:27,6/15/2026 23:04,6/15/2026 23:04,PMI_CR,Validated by Representative,Validada por el Representante de País,Validado pelo(a) Representante do País,Validé par le Représentant de pays
IFD,IFD/FMM,50,BR-L1599,Progress Monitoring Report March Validation Workflow,335673,Approved,PAOLAA,Representative,933861,Approved-PMI_CR,Satisfactory,,4/30/2025 15:31,6/15/2026 23:04,6/15/2026 23:04,PMI_CR,Validated by Representative,Validada por el Representante de País,Validado pelo(a) Representante do País,Validé par le Représentant de pays
IFD,IFD/FMM,40,BR-L1516,Progress Monitoring Report September Validation Workflow,196830,Approved-PMI_COO,PAOLAA,Chief of Operations,487622,Approved-PMI_COO,Satisfactory,,10/18/2022 9:46,6/15/2026 23:04,6/15/2026 23:04,PMI_COO,Validated by Chief of Operations,Validado por los Jefes de Operaciones,Validado pelo(a) Chefe de Operações,Validé par le Chef des opérations
IFD,IFD/FMM,40,BR-L1540,Progress Monitoring Report September Validation Workflow,196833,Approved-PMI_COO,mmacdowell,Team Leader,487627,Approved-PMI_TL,Satisfactory,,9/30/2022 8:20,6/15/2026 23:04,6/15/2026 23:04,PMI_TL,Completed by Team Leader,Completado por el Líder de Equipo,Completado pelo(a) Líder de Equipe,Complété par le Chef d’équipe
IFD,IFD/FMM,35,PN-L1161,Progress Monitoring Report March Validation Workflow,132195,Approved,josel,Team Leader,289527,Approved-PMI_TL,Satisfactory,,3/28/2021 9:40,6/15/2026 23:04,6/15/2026 23:04,PMI_TL,Completed by Team Leader,Completado por el Líder de Equipo,Completado pelo(a) Líder de Equipe,Complété par le Chef d’équipe
IFD,IFD/FMM,37,PR-L1150,PMR Cycle & Startup Plan validation,151880,Approved,EDNAAR,Representative,356969,Approved-PMI_CR,Problem,,11/5/2021 13:52,6/15/2026 23:04,6/15/2026 23:04,PMI_CR,Validated by Representative,Validada por el Representante de País,Validado pelo(a) Representante do País,Validé par le Représentant de pays
IFD,IFD/FMM,34,EC-L1251,PMR Cycle & Startup Plan validation,113478,Rejected,UBALDOG,Team Leader,235280,Approved-PMI_TL,Satisfactory,,10/19/2020 11:58,6/15/2026 23:04,6/15/2026 23:04,PMI_TL,Completed by Team Leader,Completado por el Líder de Equipo,Completado pelo(a) Líder de Equipe,Complété par le Chef d’équipe
IFD,IFD/FMM,37,PE-L1239,Progress Monitoring Report September Validation Workflow,152192,Approved-PMI_COO,belindap,Team Leader,350251,Approved-PMI_TL,Problem,,10/1/2021 16:54,6/15/2026 23:04,6/15/2026 23:04,PMI_TL,Completed by Team Leader,Completado por el Líder de Equipo,Completado pelo(a) Líder de Equipe,Complété par le Chef d’équipe
IFD,IFD/FMM,38,UR-L1111,Progress Monitoring Report March Validation Workflow,174789,Approved,emiliopi,Division Chief,417836,Approved-PMI_DC,Satisfactory,,4/19/2022 14:19,6/15/2026 23:04,6/15/2026 23:04,PMI_DC,Validated by Division Chief,Validada por el Jefe de División,Validado pelo(a) Chefe de Divisão,Validé par le Chef de Division
IFD,IFD/FMM,32,BR-L1516,Progress Monitoring Report March Validation Workflow,103128,Approved,mmacdowell,Team Leader,212107,Approved-PMI_TL,Satisfactory,,3/19/2020 17:52,6/15/2026 23:04,6/15/2026 23:04,PMI_TL,Completed by Team Leader,Completado por el Líder de Equipo,Completado pelo(a) Líder de Equipe,Complété par le Chef d’équipe
IFD,IFD/FMM,32,BR-L1516,Progress Monitoring Report March Validation Workflow,103128,Approved,paolaa,Representative,214960,Approved-PMI_CR,Satisfactory,,4/9/2020 13:43,6/15/2026 23:04,6/15/2026 23:04,PMI_CR,Validated by Representative,Validada por el Representante de País,Validado pelo(a) Representante do País,Validé par le Représentant de pays
IFD,IFD/FMM,35,PN-L1161,Progress Monitoring Report March Validation Workflow,132195,Approved,GermanZ,Chief of Operations,289528,Approved-PMI_COO,Satisfactory,,4/14/2021 17:52,6/15/2026 23:04,6/15/2026 23:04,PMI_COO,Validated by Chief of Operations,Validado por los Jefes de Operaciones,Validado pelo(a) Chefe de Operações,Validé par le Chef des opérations
IFD,IFD/FMM,35,BR-L1534,Progress Monitoring Report March Validation Workflow,132528,Approved,anapa,Team Leader,290354,Approved-PMI_TL,Satisfactory,,3/30/2021 8:37,6/15/2026 23:04,6/15/2026 23:04,PMI_TL,Completed by Team Leader,Completado por el Líder de Equipo,Completado pelo(a) Líder de Equipe,Complété par le Chef d’équipe
IFD,IFD/FMM,35,BR-L1534,Progress Monitoring Report March Validation Workflow,132528,Approved,emiliopi,Division Chief,292062,Approved-PMI_DC,Satisfactory,,4/7/2021 14:22,6/15/2026 23:04,6/15/2026 23:04,PMI_DC,Validated by Division Chief,Validada por el Jefe de División,Validado pelo(a) Chefe de Divisão,Validé par le Chef de Division
IFD,IFD/FMM,53,BR-L1592,PMR Cycle & Startup Plan validation,365097,Approved,ANNETTEK,Representative,1038688,Approved-PMI_CR,Problem,,11/21/2025 8:53,6/15/2026 23:04,6/15/2026 23:04,PMI_CR,Validated by Representative,Validada por el Representante de País,Validado pelo(a) Representante do País,Validé par le Représentant de pays
IFD,IFD/FMM,54,PN-L1172,Progress Monitoring Report March Validation Workflow,399101,Aprobado,susanar,Division Chief,1128473,Approved-PMI_DC,Problem,,4/23/2026 14:56,6/15/2026 23:04,6/15/2026 23:04,PMI_DC,Validated by Division Chief,Validada por el Jefe de División,Validado pelo(a) Chefe de Divisão,Validé par le Chef de Division
IFD,IFD/FMM,54,EC-L1253,Progress Monitoring Report March Validation Workflow,401388,Rejected,ignezt,Representative,1135272,Rejected,Alert,Mejor el analisis de riesgo.,5/14/2026 23:04,6/15/2026 23:04,6/15/2026 23:04,,Rejected,,,
IFD,IFD/FMM,54,PN-L1161,Progress Monitoring Report March Validation Workflow,399098,Aprobado,UBALDOG,Team Leader,1124063,Approved-PMI_TL,Alert,,4/1/2026 11:35,6/15/2026 23:04,6/15/2026 23:04,PMI_TL,Completed by Team Leader,Completado por el Líder de Equipo,Completado pelo(a) Líder de Equipe,Complété par le Chef d’équipe
IFD,IFD/FMM,54,PE-L1231,Progress Monitoring Report March Validation Workflow,399560,Approved,rhinac,Representative,1139531,Approved-PMI_CR,Satisfactory,,5/15/2026 12:18,6/15/2026 23:04,6/15/2026 23:04,PMI_CR,Validated by Representative,Validada por el Representante de País,Validado pelo(a) Representante do País,Validé par le Représentant de pays
IFD,IFD/FMM,29,UR-L1111,Progress Monitoring Report March Validation Workflow,83792,Approved,axelradics,Team Leader,180004,Approved-PMI_TL,Satisfactory,,3/22/2019 10:02,6/15/2026 23:04,6/15/2026 23:04,PMI_TL,Completed by Team Leader,Completado por el Líder de Equipo,Completado pelo(a) Líder de Equipe,Complété par le Chef d’équipe
IFD,IFD/FMM,29,PR-L1150,Progress Monitoring Report March Validation Workflow,83990,Approved,florenciaa,Representative,184814,Approved-PMI_CR,Satisfactory,,5/7/2019 16:16,6/15/2026 23:04,6/15/2026 23:04,PMI_CR,Validated by Representative,Validada por el Representante de País,Validado pelo(a) Representante do País,Validé par le Représentant de pays
IFD,IFD/FMM,54,BR-L1540,Progress Monitoring Report March Validation Workflow,398778,Approved,susanar,Division Chief,1127416,Approved-PMI_DC,Satisfactory,On behalf of Marta Ruiz Arranz: Se solicita a los equipos mantener actualizado los campos del verificador de contenido.,4/29/2026 11:17,6/15/2026 23:04,6/15/2026 23:04,PMI_DC,Validated by Division Chief,Validada por el Jefe de División,Validado pelo(a) Chefe de Divisão,Validé par le Chef de Division
IFD,IFD/FMM,42,BR-L1533,Progress Monitoring Report March Validation Workflow,223465,Approved,RMOTTACAFE,Team Leader,569007,Approved-PMI_TL,Satisfactory,,3/27/2023 16:55,6/15/2026 23:04,6/15/2026 23:04,PMI_TL,Completed by Team Leader,Completado por el Líder de Equipo,Completado pelo(a) Líder de Equipe,Complété par le Chef d’équipe
IFD,IFD/FMM,42,BL-L1038,PMR Cycle & Startup Plan validation,225659,Approved,MONICASC,Team Leader,575776,Approved-PMI_TL,Satisfactory,,4/12/2023 15:27,6/15/2026 23:04,6/15/2026 23:04,PMI_TL,Completed by Team Leader,Completado por el Líder de Equipo,Completado pelo(a) Líder de Equipe,Complété par le Chef d’équipe
IFD,IFD/FMM,42,BL-L1038,PMR Cycle & Startup Plan validation,225659,Approved,RocioMB,Representative,579500,Approved-PMI_CR,Satisfactory,,5/11/2023 20:15,6/15/2026 23:04,6/15/2026 23:04,PMI_CR,Validated by Representative,Validada por el Representante de País,Validado pelo(a) Representante do País,Validé par le Représentant de pays
IFD,IFD/FMM,45,PE-L1239,Progress Monitoring Report March Validation Workflow,279431,Cancelled,,Chief of Operations,745061,Cancelled,Satisfactory,,4/2/2024 18:41,6/15/2026 23:04,6/15/2026 23:04,,Cancelled,,,
IFD,IFD/FMM,45,CO-L1245,Progress Monitoring Report March Validation Workflow,282292,Aprobado,marianac,Division Chief,755672,Approved-PMI_DC,Alert,,4/29/2024 10:58,6/15/2026 23:04,6/15/2026 23:04,PMI_DC,Validated by Division Chief,Validada por el Jefe de División,Validado pelo(a) Chefe de Divisão,Validé par le Chef de Division
IFD,IFD/FMM,49,BR-L1534,Progress Monitoring Report September Validation Workflow,304555,Approved-PMI_COO,anapa,Team Leader,826394,Approved-PMI_TL,Satisfactory,,9/23/2024 15:56,6/15/2026 23:04,6/15/2026 23:04,PMI_TL,Completed by Team Leader,Completado por el Líder de Equipo,Completado pelo(a) Líder de Equipe,Complété par le Chef d’équipe
IFD,IFD/FMM,49,BR-L1527,Progress Monitoring Report September Validation Workflow,305570,Approved-PMI_COO,PAOLAA,Chief of Operations,829516,Approved-PMI_COO,Problem,,10/4/2024 14:58,6/15/2026 23:04,6/15/2026 23:04,PMI_COO,Validated by Chief of Operations,Validado por los Jefes de Operaciones,Validado pelo(a) Chefe de Operações,Validé par le Chef des opérations
IFD,IFD/FMM,49,PN-L1161,Progress Monitoring Report September Validation Workflow,306578,Approved-PMI_COO,ilian,Chief of Operations,832680,Approved-PMI_COO,Problem,,10/24/2024 15:23,6/15/2026 23:04,6/15/2026 23:04,PMI_COO,Validated by Chief of Operations,Validado por los Jefes de Operaciones,Validado pelo(a) Chefe de Operações,Validé par le Chef des opérations
IFD,IFD/FMM,42,BR-L1501,Progress Monitoring Report March Validation Workflow,223545,Approved,emiliopi,Division Chief,581703,Approved-PMI_DC,Satisfactory,,4/24/2023 17:45,6/15/2026 23:04,6/15/2026 23:04,PMI_DC,Validated by Division Chief,Validada por el Jefe de División,Validado pelo(a) Chefe de Divisão,Validé par le Chef de Division
IFD,IFD/FMM,42,AR-L1285,Progress Monitoring Report March Validation Workflow,225500,Approved,JOSEA,Representative,591527,Approved-PMI_CR,ALERT,,5/15/2023 12:00,6/15/2026 23:04,6/15/2026 23:04,PMI_CR,Validated by Representative,Validada por el Representante de País,Validado pelo(a) Representante do País,Validé par le Représentant de pays
IFD,IFD/FMM,44,BR-L1550,PMR Cycle & Startup Plan validation,250673,Approved,PAOLAA,Representative,665172,Approved-PMI_CR,Problem,,10/26/2023 13:09,6/15/2026 23:04,6/15/2026 23:04,PMI_CR,Validated by Representative,Validada por el Representante de País,Validado pelo(a) Representante do País,Validé par le Représentant de pays
IFD,IFD/FMM,38,BR-L1550,Progress Monitoring Report March Validation Workflow,174421,Approved,PAOLAA,Representative,424608,Approved-PMI_CR,Satisfactory,,4/19/2022 20:14,6/15/2026 23:04,6/15/2026 23:04,PMI_CR,Validated by Representative,Validada por el Representante de País,Validado pelo(a) Representante do País,Validé par le Représentant de pays
IFD,IFD/FMM,38,BR-L1525,Progress Monitoring Report March Validation Workflow,174423,Approved,PAOLAA,Chief of Operations,414458,Approved-PMI_COO,Problem,,4/7/2022 10:37,6/15/2026 23:04,6/15/2026 23:04,PMI_COO,Validated by Chief of Operations,Validado por los Jefes de Operaciones,Validado pelo(a) Chefe de Operações,Validé par le Chef des opérations
IFD,IFD/FMM,44,BR-L1534,Progress Monitoring Report September Validation Workflow,249307,Approved-PMI_COO,PAOLAA,Chief of Operations,654607,Approved-PMI_COO,Satisfactory,,10/20/2023 18:21,6/15/2026 23:04,6/15/2026 23:04,PMI_COO,Validated by Chief of Operations,Validado por los Jefes de Operaciones,Validado pelo(a) Chefe de Operações,Validé par le Chef des opérations
IFD,IFD/FMM,44,EC-L1251,Progress Monitoring Report September Validation Workflow,250443,Approved-PMI_COO,VinicioR,Chief of Operations,657912,Approved-PMI_COO,Problem,,10/6/2023 17:19,6/15/2026 23:04,6/15/2026 23:04,PMI_COO,Validated by Chief of Operations,Validado por los Jefes de Operaciones,Validado pelo(a) Chefe de Operações,Validé par le Chef des opérations
IFD,IFD/FMM,54,BR-L1592,Progress Monitoring Report March Validation Workflow,398438,Approved,ANDREMA,Team Leader,1121987,Approved-PMI_TL,Satisfactory,,3/27/2026 17:57,6/15/2026 23:04,6/15/2026 23:04,PMI_TL,Completed by Team Leader,Completado por el Líder de Equipo,Completado pelo(a) Líder de Equipe,Complété par le Chef d’équipe
IFD,IFD/FMM,50,BR-L1614,Progress Monitoring Report March Validation Workflow,334649,Approved,PAOLAA,Chief of Operations,918948,Approved-PMI_COO,Satisfactory,,4/4/2025 15:01,6/15/2026 23:04,6/15/2026 23:04,PMI_COO,Validated by Chief of Operations,Validado por los Jefes de Operaciones,Validado pelo(a) Chefe de Operações,Validé par le Chef des opérations
IFD,IFD/FMM,53,PN-L1161,Progress Monitoring Report September Validation Workflow,362006,Approved-PMI_COO,UBALDOG,Team Leader,1007275,Approved-PMI_TL,Alert,,9/27/2025 5:20,6/15/2026 23:04,6/15/2026 23:04,PMI_TL,Completed by Team Leader,Completado por el Líder de Equipo,Completado pelo(a) Líder de Equipe,Complété par le Chef d’équipe
IFD,IFD/FMM,53,PN-L1172,Progress Monitoring Report September Validation Workflow,362007,Approved-PMI_COO,UBALDOG,Team Leader,1007277,Approved-PMI_TL,Problem,,9/27/2025 5:22,6/15/2026 23:04,6/15/2026 23:04,PMI_TL,Completed by Team Leader,Completado por el Líder de Equipo,Completado pelo(a) Líder de Equipe,Complété par le Chef d’équipe
IFD,IFD/FMM,53,BR-L1516,Progress Monitoring Report September Validation Workflow,363082,Approved-PMI_COO,mmacdowell,Team Leader,1010614,Approved-PMI_TL,Satisfactory,,10/2/2025 13:42,6/15/2026 23:04,6/15/2026 23:04,PMI_TL,Completed by Team Leader,Completado por el Líder de Equipo,Completado pelo(a) Líder de Equipe,Complété par le Chef d’équipe
IFD,IFD/FMM,31,PE-L1239,Progress Monitoring Report September Validation Workflow,93735,Approved-PMI_COO,javierga,Chief of Operations,197117,Approved-PMI_COO,Satisfactory,,10/13/2019 12:54,6/15/2026 23:04,6/15/2026 23:04,PMI_COO,Validated by Chief of Operations,Validado por los Jefes de Operaciones,Validado pelo(a) Chefe de Operações,Validé par le Chef des opérations
IFD,IFD/FMM,42,BR-L1517,Progress Monitoring Report March Validation Workflow,223592,Approved,MORGAND,Representative,582277,Approved-PMI_CR,Satisfactory,,4/25/2023 10:30,6/15/2026 23:04,6/15/2026 23:04,PMI_CR,Validated by Representative,Validada por el Representante de País,Validado pelo(a) Representante do País,Validé par le Représentant de pays
IFD,IFD/FMM,42,BR-L1534,Progress Monitoring Report March Validation Workflow,223601,Approved,PAOLAA,Chief of Operations,569352,Approved-PMI_COO,Satisfactory,,4/22/2023 18:11,6/15/2026 23:04,6/15/2026 23:04,PMI_COO,Validated by Chief of Operations,Validado por los Jefes de Operaciones,Validado pelo(a) Chefe de Operações,Validé par le Chef des opérations
IFD,IFD/FMM,45,UR-L1164,PMR Cycle & Startup Plan validation,287764,Approved,SERGIOCI,Team Leader,770806,Approved-PMI_TL,Satisfactory,,5/22/2024 3:38,6/15/2026 23:04,6/15/2026 23:04,PMI_TL,Completed by Team Leader,Completado por el Líder de Equipo,Completado pelo(a) Líder de Equipe,Complété par le Chef d’équipe
IFD,IFD/FMM,49,SU-L1060,Progress Monitoring Report September Validation Workflow,306255,Approved-PMI_COO,stevenc,Chief of Operations,831675,Approved-PMI_COO,Alert,,10/3/2024 13:41,6/15/2026 23:04,6/15/2026 23:04,PMI_COO,Validated by Chief of Operations,Validado por los Jefes de Operaciones,Validado pelo(a) Chefe de Operações,Validé par le Chef des opérations
IFD,IFD/FMM,34,BL-L1031,PMR Cycle & Startup Plan validation,113249,Aprobado,JulianB,Representative,235884,Approved-PMI_CR,Problem,I am  approving on behalf of the Country Representative based on his explicit request.,11/19/2020 8:23,6/15/2026 23:04,6/15/2026 23:04,PMI_CR,Validated by Representative,Validada por el Representante de País,Validado pelo(a) Representante do País,Validé par le Représentant de pays
IFD,IFD/FMM,35,AR-L1248,Progress Monitoring Report March Validation Workflow,132069,Approved,jgomezreino,Team Leader,289180,Approved-PMI_TL,Alert,,3/26/2021 14:29,6/15/2026 23:04,6/15/2026 23:04,PMI_TL,Completed by Team Leader,Completado por el Líder de Equipo,Completado pelo(a) Líder de Equipe,Complété par le Chef d’équipe
IFD,IFD/FMM,35,BR-L1525,Progress Monitoring Report March Validation Workflow,132078,Approved,PAOLAA,Chief of Operations,289205,Approved-PMI_COO,Alert,,4/6/2021 17:22,6/15/2026 23:04,6/15/2026 23:04,PMI_COO,Validated by Chief of Operations,Validado por los Jefes de Operaciones,Validado pelo(a) Chefe de Operações,Validé par le Chef des opérations
IFD,IFD/FMM,45,BR-L1516,Progress Monitoring Report March Validation Workflow,278036,Rejected,mmacdowell,Team Leader,743022,Approved-PMI_TL,Satisfactory,,3/27/2024 15:09,6/15/2026 23:04,6/15/2026 23:04,PMI_TL,Completed by Team Leader,Completado por el Líder de Equipo,Completado pelo(a) Líder de Equipe,Complété par le Chef d’équipe
IFD,IFD/FMM,45,BR-L1599,Progress Monitoring Report March Validation Workflow,278041,Rejected,mmacdowell,Team Leader,743032,Approved-PMI_TL,Satisfactory,,3/27/2024 15:13,6/15/2026 23:04,6/15/2026 23:04,PMI_TL,Completed by Team Leader,Completado por el Líder de Equipo,Completado pelo(a) Líder de Equipe,Complété par le Chef d’équipe
IFD,IFD/FMM,45,EC-L1251,Progress Monitoring Report March Validation Workflow,282901,Rejected,VinicioR,Chief of Operations,756482,Approved-PMI_COO,Problem,,4/29/2024 17:31,6/15/2026 23:04,6/15/2026 23:04,PMI_COO,Validated by Chief of Operations,Validado por los Jefes de Operaciones,Validado pelo(a) Chefe de Operações,Validé par le Chef des opérations
IFD,IFD/FMM,45,EC-L1230,Progress Monitoring Report March Validation Workflow,282373,Approved,UBALDOG,Team Leader,754504,Approved-PMI_TL,Problem,,4/18/2024 11:41,6/15/2026 23:04,6/15/2026 23:04,PMI_TL,Completed by Team Leader,Completado por el Líder de Equipo,Completado pelo(a) Líder de Equipe,Complété par le Chef d’équipe
IFD,IFD/FMM,45,EC-L1253,Progress Monitoring Report March Validation Workflow,282385,Approved,VinicioR,Chief of Operations,754578,Approved-PMI_COO,Satisfactory,,4/22/2024 15:59,6/15/2026 23:04,6/15/2026 23:04,PMI_COO,Validated by Chief of Operations,Validado por los Jefes de Operaciones,Validado pelo(a) Chefe de Operações,Validé par le Chef des opérations
IFD,IFD/FMM,50,BR-L1517,Progress Monitoring Report March Validation Workflow,334652,Approved,ANDREMA,Team Leader,918958,Approved-PMI_TL,Satisfactory,,3/28/2025 11:16,6/15/2026 23:04,6/15/2026 23:04,PMI_TL,Completed by Team Leader,Completado por el Líder de Equipo,Completado pelo(a) Líder de Equipe,Complété par le Chef d’équipe
IFD,IFD/FMM,25,AR-L1248,Progress Monitoring Report September Validation Workflow,56114,Approved,emiliopi,Team Leader,124956,Approved-PMI_TL,N/A,,10/2/2017 8:15,6/15/2026 23:04,6/15/2026 23:04,PMI_TL,Completed by Team Leader,Completado por el Líder de Equipo,Completado pelo(a) Líder de Equipe,Complété par le Chef d’équipe
IFD,IFD/FMM,49,BR-L1614,Progress Monitoring Report September Validation Workflow,305516,Approved-PMI_COO,PAOLAA,Chief of Operations,829391,Approved-PMI_COO,Satisfactory,,10/4/2024 14:59,6/15/2026 23:04,6/15/2026 23:04,PMI_COO,Validated by Chief of Operations,Validado por los Jefes de Operaciones,Validado pelo(a) Chefe de Operações,Validé par le Chef des opérations
IFD,IFD/FMM,54,BL-L1038,Progress Monitoring Report March Validation Workflow,400230,Approved,ALEXANDREV,Chief of Operations,1127888,Approved-PMI_COO,Satisfactory,,4/10/2026 10:44,6/15/2026 23:04,6/15/2026 23:04,PMI_COO,Validated by Chief of Operations,Validado por los Jefes de Operaciones,Validado pelo(a) Chefe de Operações,Validé par le Chef des opérations
IFD,IFD/FMM,37,BL-L1031,Progress Monitoring Report September Validation Workflow,152061,Approved-PMI_COO,MONICASC,Team Leader,349933,Approved-PMI_TL,Alert,,10/1/2021 12:28,6/15/2026 23:04,6/15/2026 23:04,PMI_TL,Completed by Team Leader,Completado por el Líder de Equipo,Completado pelo(a) Líder de Equipe,Complété par le Chef d’équipe
IFD,IFD/FMM,40,PE-L1266,PMR Cycle & Startup Plan validation,202474,Aprobado,AXELRADICS,Team Leader,506925,Approved-PMI_TL,Problem,,11/7/2022 22:48,6/15/2026 23:04,6/15/2026 23:04,PMI_TL,Completed by Team Leader,Completado por el Líder de Equipo,Completado pelo(a) Líder de Equipe,Complété par le Chef d’équipe
IFD,IFD/FMM,53,AR-L1248,Progress Monitoring Report September Validation Workflow,362372,Approved-PMI_COO,DOBARA,Chief of Operations,1008377,Approved-PMI_COO,Satisfactory,,10/15/2025 12:08,6/15/2026 23:04,6/15/2026 23:04,PMI_COO,Validated by Chief of Operations,Validado por los Jefes de Operaciones,Validado pelo(a) Chefe de Operações,Validé par le Chef des opérations
IFD,IFD/FMM,53,AR-L1285,Progress Monitoring Report September Validation Workflow,362373,Approved-PMI_COO,DOBARA,Chief of Operations,1008379,Approved-PMI_COO,Problem,,10/15/2025 12:08,6/15/2026 23:04,6/15/2026 23:04,PMI_COO,Validated by Chief of Operations,Validado por los Jefes de Operaciones,Validado pelo(a) Chefe de Operações,Validé par le Chef des opérations
IFD,IFD/FMM,42,BR-L1592,Progress Monitoring Report March Validation Workflow,223468,Approved,emiliopi,Division Chief,581744,Approved-PMI_DC,Satisfactory,,4/24/2023 17:49,6/15/2026 23:04,6/15/2026 23:04,PMI_DC,Validated by Division Chief,Validada por el Jefe de División,Validado pelo(a) Chefe de Divisão,Validé par le Chef de Division
IFD,IFD/FMM,42,BL-L1038,PMR Cycle & Startup Plan validation,225659,Approved,emiliopi,Division Chief,576331,Approved-PMI_DC,Satisfactory,,4/18/2023 14:36,6/15/2026 23:04,6/15/2026 23:04,PMI_DC,Validated by Division Chief,Validada por el Jefe de División,Validado pelo(a) Chefe de Divisão,Validé par le Chef de Division
IFD,IFD/FMM,45,BL-L1031,Progress Monitoring Report March Validation Workflow,281828,Approved,RocioMB,Representative,756448,Approved-PMI_CR,Satisfactory,,5/2/2024 19:35,6/15/2026 23:04,6/15/2026 23:04,PMI_CR,Validated by Representative,Validada por el Representante de País,Validado pelo(a) Representante do País,Validé par le Représentant de pays
IFD,IFD/FMM,42,AR-L1248,Progress Monitoring Report March Validation Workflow,223627,Approved,JOSEA,Representative,579483,Approved-PMI_CR,Satisfactory,,5/15/2023 11:58,6/15/2026 23:04,6/15/2026 23:04,PMI_CR,Validated by Representative,Validada por el Representante de País,Validado pelo(a) Representante do País,Validé par le Représentant de pays
IFD,IFD/FMM,35,CO-L1164,Progress Monitoring Report March Validation Workflow,132961,Rejected,kelvins,Chief of Operations,291622,Rejected,Alert,De acuerdo a lo conversado. Sds,4/19/2021 15:23,6/15/2026 23:04,6/15/2026 23:04,,Rejected,,,
IFD,IFD/FMM,42,BR-L1517,Progress Monitoring Report March Validation Workflow,223592,Approved,PAOLAA,Chief of Operations,569326,Approved-PMI_COO,Satisfactory,,4/22/2023 18:11,6/15/2026 23:04,6/15/2026 23:04,PMI_COO,Validated by Chief of Operations,Validado por los Jefes de Operaciones,Validado pelo(a) Chefe de Operações,Validé par le Chef des opérations
IFD,IFD/FMM,42,BR-L1534,Progress Monitoring Report March Validation Workflow,223601,Approved,MORGAND,Representative,582281,Approved-PMI_CR,Satisfactory,,4/25/2023 10:30,6/15/2026 23:04,6/15/2026 23:04,PMI_CR,Validated by Representative,Validada por el Representante de País,Validado pelo(a) Representante do País,Validé par le Représentant de pays
IFD,IFD/FMM,42,PN-L1161,Progress Monitoring Report March Validation Workflow,225546,Approved,josel,Team Leader,575374,Approved-PMI_TL,Problem,,4/12/2023 9:45,6/15/2026 23:04,6/15/2026 23:04,PMI_TL,Completed by Team Leader,Completado por el Líder de Equipo,Completado pelo(a) Líder de Equipe,Complété par le Chef d’équipe
IFD,IFD/FMM,42,PN-L1161,Progress Monitoring Report March Validation Workflow,225546,Approved,emiliopi,Division Chief,580494,Approved-PMI_DC,Problem,,4/24/2023 18:08,6/15/2026 23:04,6/15/2026 23:04,PMI_DC,Validated by Division Chief,Validada por el Jefe de División,Validado pelo(a) Chefe de Divisão,Validé par le Chef de Division
IFD,IFD/FMM,45,BR-L1377,Progress Monitoring Report March Validation Workflow,278272,Rejected,PAOLAA,Chief of Operations,743623,Rejected,Satisfactory,"Segundo orientações de SPD, serão rejeitados todos os fluxos do ciclo para que o sistema seja reajustado e calcule corretamente a qualificação das operações.  Se infomará as equipes quando poderão ser relanzados os fluxos de validação. Obrigada.",4/2/2024 16:14,6/15/2026 23:04,6/15/2026 23:04,,Rejected,,,
IFD,IFD/FMM,54,PE-L1239,Progress Monitoring Report March Validation Workflow,400436,Approved,MartinA,Team Leader,1128695,Approved-PMI_TL,Satisfactory,,4/10/2026 16:17,6/15/2026 23:04,6/15/2026 23:04,PMI_TL,Completed by Team Leader,Completado por el Líder de Equipo,Completado pelo(a) Líder de Equipe,Complété par le Chef d’équipe
IFD,IFD/FMM,50,BR-L1533,Progress Monitoring Report March Validation Workflow,334630,Approved,RMOTTACAFE,Team Leader,918885,Approved-PMI_TL,Satisfactory,,3/28/2025 10:13,6/15/2026 23:04,6/15/2026 23:04,PMI_TL,Completed by Team Leader,Completado por el Líder de Equipo,Completado pelo(a) Líder de Equipe,Complété par le Chef d’équipe
IFD,IFD/FMM,54,BR-L1501,Progress Monitoring Report March Validation Workflow,398467,Approved,mmacdowell,Team Leader,1122085,Approved-PMI_TL,Satisfactory,,3/27/2026 19:43,6/15/2026 23:04,6/15/2026 23:04,PMI_TL,Completed by Team Leader,Completado por el Líder de Equipo,Completado pelo(a) Líder de Equipe,Complété par le Chef d’équipe
IFD,IFD/FMM,54,BR-L1527,Progress Monitoring Report March Validation Workflow,398469,Approved,mmacdowell,Team Leader,1122089,Approved-PMI_TL,Satisfactory,,3/27/2026 19:48,6/15/2026 23:04,6/15/2026 23:04,PMI_TL,Completed by Team Leader,Completado por el Líder de Equipo,Completado pelo(a) Líder de Equipe,Complété par le Chef d’équipe
IFD,IFD/FMM,50,PE-L1278,Progress Monitoring Report March Validation Workflow,336053,Approved,ecambiasso,Representative,933874,Approved-PMI_CR,Problem,,5/9/2025 16:47,6/15/2026 23:04,6/15/2026 23:04,PMI_CR,Validated by Representative,Validada por el Representante de País,Validado pelo(a) Representante do País,Validé par le Représentant de pays
IFD,IFD/FMM,53,BR-L1535,Progress Monitoring Report September Validation Workflow,361958,Approved-PMI_COO,ANDREMA,Team Leader,1007125,Approved-PMI_TL,Problem,,9/26/2025 17:11,6/15/2026 23:04,6/15/2026 23:04,PMI_TL,Completed by Team Leader,Completado por el Líder de Equipo,Completado pelo(a) Líder de Equipe,Complété par le Chef d’équipe
IFD,IFD/FMM,53,BR-L1614,Progress Monitoring Report September Validation Workflow,361959,Approved-PMI_COO,PAOLAA,Chief of Operations,1007128,Approved-PMI_COO,Satisfactory,,10/15/2025 18:49,6/15/2026 23:04,6/15/2026 23:04,PMI_COO,Validated by Chief of Operations,Validado por los Jefes de Operaciones,Validado pelo(a) Chefe de Operações,Validé par le Chef des opérations
IFD,IFD/FMM,54,BR-L1527,Progress Monitoring Report March Validation Workflow,398469,Approved,ANNETTEK,Representative,1135082,Approved-PMI_CR,Satisfactory,,5/15/2026 18:05,6/15/2026 23:04,6/15/2026 23:04,PMI_CR,Validated by Representative,Validada por el Representante de País,Validado pelo(a) Representante do País,Validé par le Représentant de pays
IFD,IFD/FMM,54,EC-L1253,Progress Monitoring Report March Validation Workflow,406579,Approved,ignezt,Representative,1151240,Approved-PMI_CR,Alert,,5/15/2026 17:52,6/15/2026 23:04,6/15/2026 23:04,PMI_CR,Validated by Representative,Validada por el Representante de País,Validado pelo(a) Representante do País,Validé par le Représentant de pays
IFD,IFD/FMM,35,CO-L1164,Progress Monitoring Report March Validation Workflow,132961,Rejected,arasteletti,Team Leader,291621,Approved-PMI_TL,Alert,,4/4/2021 18:10,6/15/2026 23:04,6/15/2026 23:04,PMI_TL,Completed by Team Leader,Completado por el Líder de Equipo,Completado pelo(a) Líder de Equipe,Complété par le Chef d’équipe
IFD,IFD/FMM,38,CO-L1245,Progress Monitoring Report March Validation Workflow,174881,Aprobado,emiliopi,Division Chief,421647,Approved-PMI_DC,Satisfactory,,4/13/2022 9:52,6/15/2026 23:04,6/15/2026 23:04,PMI_DC,Validated by Division Chief,Validada por el Jefe de División,Validado pelo(a) Chefe de Divisão,Validé par le Chef de Division
IFD,IFD/FMM,45,CO-L1164,Progress Monitoring Report March Validation Workflow,279543,Cancelled,mariosa,Team Leader,745344,Approved-PMI_TL,Satisfactory,,4/1/2024 16:10,6/15/2026 23:04,6/15/2026 23:04,PMI_TL,Completed by Team Leader,Completado por el Líder de Equipo,Completado pelo(a) Líder de Equipe,Complété par le Chef d’équipe
IFD,IFD/FMM,45,PE-L1231,Progress Monitoring Report March Validation Workflow,284262,Approved,ecambiasso,Chief of Operations,761301,Approved-PMI_COO,Satisfactory,,5/3/2024 12:54,6/15/2026 23:04,6/15/2026 23:04,PMI_COO,Validated by Chief of Operations,Validado por los Jefes de Operaciones,Validado pelo(a) Chefe de Operações,Validé par le Chef des opérations
IFD,IFD/FMM,50,EC-L1253,Progress Monitoring Report March Validation Workflow,335171,Rejected,mruizarranz,Division Chief,924420,Approved-PMI_DC,Alert,ajuste a la ejecución financiera del proyecto con información interna que la jefe de proyecto ,4/9/2025 14:26,6/15/2026 23:04,6/15/2026 23:04,PMI_DC,Validated by Division Chief,Validada por el Jefe de División,Validado pelo(a) Chefe de Divisão,Validé par le Chef de Division
IFD,IFD/FMM,44,AR-L1285,Progress Monitoring Report September Validation Workflow,249428,Approved-PMI_COO,DOBARA,Chief of Operations,654844,Approved-PMI_COO,Problem,,10/20/2023 10:33,6/15/2026 23:04,6/15/2026 23:04,PMI_COO,Validated by Chief of Operations,Validado por los Jefes de Operaciones,Validado pelo(a) Chefe de Operações,Validé par le Chef des opérations
IFD,IFD/FMM,44,BR-L1527,Progress Monitoring Report September Validation Workflow,249452,Approved-PMI_COO,PAOLAA,Chief of Operations,654895,Approved-PMI_COO,Satisfactory,,10/20/2023 18:01,6/15/2026 23:04,6/15/2026 23:04,PMI_COO,Validated by Chief of Operations,Validado por los Jefes de Operaciones,Validado pelo(a) Chefe de Operações,Validé par le Chef des opérations
IFD,IFD/FMM,45,PN-L1172,Progress Monitoring Report March Validation Workflow,280087,Approved,GermanZ,Chief of Operations,746913,Approved-PMI_COO,Satisfactory,,4/11/2024 11:28,6/15/2026 23:04,6/15/2026 23:04,PMI_COO,Validated by Chief of Operations,Validado por los Jefes de Operaciones,Validado pelo(a) Chefe de Operações,Validé par le Chef des opérations
IFD,IFD/FMM,50,AR-L1405,Progress Monitoring Report March Validation Workflow,334596,Aprobado,SOFIAD,Representative,933838,Approved-PMI_CR,Satisfactory,,5/14/2025 10:31,6/15/2026 23:04,6/15/2026 23:04,PMI_CR,Validated by Representative,Validada por el Representante de País,Validado pelo(a) Representante do País,Validé par le Représentant de pays
IFD,IFD/FMM,32,PR-L1150,Progress Monitoring Report March Validation Workflow,103323,Approved,pablot,Chief of Operations,212455,Approved-PMI_COO,Satisfactory,,4/6/2020 17:40,6/15/2026 23:04,6/15/2026 23:04,PMI_COO,Validated by Chief of Operations,Validado por los Jefes de Operaciones,Validado pelo(a) Chefe de Operações,Validé par le Chef des opérations
IFD,IFD/FMM,32,CO-L1164,Progress Monitoring Report March Validation Workflow,103362,Approved,arasteletti,Team Leader,212519,Approved-PMI_TL,Satisfactory,,3/20/2020 18:30,6/15/2026 23:04,6/15/2026 23:04,PMI_TL,Completed by Team Leader,Completado por el Líder de Equipo,Completado pelo(a) Líder de Equipe,Complété par le Chef d’équipe
IFD,IFD/FMM,32,CO-L1164,Progress Monitoring Report March Validation Workflow,103362,Approved,JULIANAPAR,Representative,215178,Approved-PMI_CR,Satisfactory,,4/23/2020 13:08,6/15/2026 23:04,6/15/2026 23:04,PMI_CR,Validated by Representative,Validada por el Representante de País,Validado pelo(a) Representante do País,Validé par le Représentant de pays
IFD,IFD/FMM,42,BL-L1031,Progress Monitoring Report March Validation Workflow,225674,Approved,RocioMB,Representative,579498,Approved-PMI_CR,Satisfactory,,5/11/2023 20:12,6/15/2026 23:04,6/15/2026 23:04,PMI_CR,Validated by Representative,Validada por el Representante de País,Validado pelo(a) Representante do País,Validé par le Représentant de pays
IFD,IFD/FMM,50,AR-L1405,Progress Monitoring Report March Validation Workflow,334596,Aprobado,mruizarranz,Division Chief,927437,Approved-PMI_DC,Satisfactory,,4/30/2025 9:09,6/15/2026 23:04,6/15/2026 23:04,PMI_DC,Validated by Division Chief,Validada por el Jefe de División,Validado pelo(a) Chefe de Divisão,Validé par le Chef de Division
IFD,IFD/FMM,50,BL-L1031,Progress Monitoring Report March Validation Workflow,335091,Approved,mruizarranz,Division Chief,923294,Approved-PMI_DC,Satisfactory,,4/30/2025 9:09,6/15/2026 23:04,6/15/2026 23:04,PMI_DC,Validated by Division Chief,Validada por el Jefe de División,Validado pelo(a) Chefe de Divisão,Validé par le Chef de Division
IFD,IFD/FMM,42,BL-L1038,PMR Cycle & Startup Plan validation,224793,Rejected,MONICASC,Team Leader,573123,Approved-PMI_TL,Satisfactory,,4/4/2023 16:14,6/15/2026 23:04,6/15/2026 23:04,PMI_TL,Completed by Team Leader,Completado por el Líder de Equipo,Completado pelo(a) Líder de Equipe,Complété par le Chef d’équipe
IFD,IFD/FMM,44,PE-L1231,Progress Monitoring Report September Validation Workflow,249369,Approved-PMI_COO,AXELRADICS,Team Leader,654721,Approved-PMI_TL,Satisfactory,,9/29/2023 12:01,6/15/2026 23:04,6/15/2026 23:04,PMI_TL,Completed by Team Leader,Completado por el Líder de Equipo,Completado pelo(a) Líder de Equipe,Complété par le Chef d’équipe
IFD,IFD/FMM,44,PE-L1266,Progress Monitoring Report September Validation Workflow,249372,Approved-PMI_COO,AXELRADICS,Team Leader,654727,Approved-PMI_TL,Alert,,9/29/2023 12:07,6/15/2026 23:04,6/15/2026 23:04,PMI_TL,Completed by Team Leader,Completado por el Líder de Equipo,Completado pelo(a) Líder de Equipe,Complété par le Chef d’équipe
IFD,IFD/FMM,44,PE-L1266,Progress Monitoring Report September Validation Workflow,249372,Approved-PMI_COO,ecambiasso,Chief of Operations,654728,Approved-PMI_COO,Alert,,10/19/2023 8:29,6/15/2026 23:04,6/15/2026 23:04,PMI_COO,Validated by Chief of Operations,Validado por los Jefes de Operaciones,Validado pelo(a) Chefe de Operações,Validé par le Chef des opérations
IFD,IFD/FMM,44,EC-L1253,PMR Cycle & Startup Plan validation,251423,Aprobado,marianac,Division Chief,662521,Approved-PMI_DC,Satisfactory,"Se aprueba con el visto bueno de Alejandro Rasteletti, Jefe de División a.i",10/23/2023 14:25,6/15/2026 23:04,6/15/2026 23:04,PMI_DC,Validated by Division Chief,Validada por el Jefe de División,Validado pelo(a) Chefe de Divisão,Validé par le Chef de Division
IFD,IFD/FMM,40,BR-L1533,PMR Cycle & Startup Plan validation,199108,Approved,PAOLAA,Chief of Operations,495692,Approved-PMI_COO,Problem,,10/18/2022 9:47,6/15/2026 23:04,6/15/2026 23:04,PMI_COO,Validated by Chief of Operations,Validado por los Jefes de Operaciones,Validado pelo(a) Chefe de Operações,Validé par le Chef des opérations
IFD,IFD/FMM,44,BR-L1516,Progress Monitoring Report September Validation Workflow,249451,Approved-PMI_COO,PAOLAA,Chief of Operations,654893,Approved-PMI_COO,Alert,,10/20/2023 17:57,6/15/2026 23:04,6/15/2026 23:04,PMI_COO,Validated by Chief of Operations,Validado por los Jefes de Operaciones,Validado pelo(a) Chefe de Operações,Validé par le Chef des opérations
IFD,IFD/FMM,44,BR-L1540,Progress Monitoring Report September Validation Workflow,249454,Approved-PMI_COO,mmacdowell,Team Leader,654898,Approved-PMI_TL,Problem,,9/29/2023 16:00,6/15/2026 23:04,6/15/2026 23:04,PMI_TL,Completed by Team Leader,Completado por el Líder de Equipo,Completado pelo(a) Líder de Equipe,Complété par le Chef d’équipe
IFD,IFD/FMM,44,BR-L1540,Progress Monitoring Report September Validation Workflow,249454,Approved-PMI_COO,PAOLAA,Chief of Operations,654899,Approved-PMI_COO,Problem,,10/20/2023 18:19,6/15/2026 23:04,6/15/2026 23:04,PMI_COO,Validated by Chief of Operations,Validado por los Jefes de Operaciones,Validado pelo(a) Chefe de Operações,Validé par le Chef des opérations
IFD,IFD/FMM,40,PN-L1172,Progress Monitoring Report September Validation Workflow,196997,Approved-PMI_COO,josel,Team Leader,488041,Approved-PMI_TL,Satisfactory,,9/30/2022 14:20,6/15/2026 23:04,6/15/2026 23:04,PMI_TL,Completed by Team Leader,Completado por el Líder de Equipo,Completado pelo(a) Líder de Equipe,Complété par le Chef d’équipe
IFD,IFD/FMM,40,PN-L1161,Progress Monitoring Report September Validation Workflow,196999,Approved-PMI_COO,josel,Team Leader,488051,Approved-PMI_TL,Alert,,9/30/2022 14:23,6/15/2026 23:04,6/15/2026 23:04,PMI_TL,Completed by Team Leader,Completado por el Líder de Equipo,Completado pelo(a) Líder de Equipe,Complété par le Chef d’équipe
IFD,IFD/FMM,40,PN-L1161,Progress Monitoring Report September Validation Workflow,196999,Approved-PMI_COO,GermanZ,Chief of Operations,488052,Approved-PMI_COO,Alert,,11/14/2022 12:47,6/15/2026 23:04,6/15/2026 23:04,PMI_COO,Validated by Chief of Operations,Validado por los Jefes de Operaciones,Validado pelo(a) Chefe de Operações,Validé par le Chef des opérations
IFD,IFD/FMM,38,EC-L1230,Progress Monitoring Report March Validation Workflow,179056,Aprobado,emiliopi,Division Chief,431590,Approved-PMI_DC,Problem,,5/4/2022 17:47,6/15/2026 23:04,6/15/2026 23:04,PMI_DC,Validated by Division Chief,Validada por el Jefe de División,Validado pelo(a) Chefe de Divisão,Validé par le Chef de Division
IFD,IFD/FMM,40,CO-L1164,Progress Monitoring Report September Validation Workflow,197009,Approved-PMI_COO,kelvins,Chief of Operations,488081,Approved-PMI_COO,Problem,,10/14/2022 14:09,6/15/2026 23:04,6/15/2026 23:04,PMI_COO,Validated by Chief of Operations,Validado por los Jefes de Operaciones,Validado pelo(a) Chefe de Operações,Validé par le Chef des opérations
IFD,IFD/FMM,40,BR-L1535,PMR Cycle & Startup Plan validation,197013,Approved,ANDREMA,Team Leader,488090,Approved-PMI_TL,Satisfactory,,9/30/2022 14:50,6/15/2026 23:04,6/15/2026 23:04,PMI_TL,Completed by Team Leader,Completado por el Líder de Equipo,Completado pelo(a) Líder de Equipe,Complété par le Chef d’équipe
IFD,IFD/FMM,40,BR-L1535,PMR Cycle & Startup Plan validation,197013,Approved,emiliopi,Division Chief,496698,Approved-PMI_DC,Satisfactory,,10/18/2022 17:23,6/15/2026 23:04,6/15/2026 23:04,PMI_DC,Validated by Division Chief,Validada por el Jefe de División,Validado pelo(a) Chefe de Divisão,Validé par le Chef de Division
IFD,IFD/FMM,34,UR-L1111,Progress Monitoring Report September Validation Workflow,112128,Approved-PMI_COO,jgomezreino,Team Leader,231438,Approved-PMI_TL,Satisfactory,,10/9/2020 7:40,6/15/2026 23:04,6/15/2026 23:04,PMI_TL,Completed by Team Leader,Completado por el Líder de Equipo,Completado pelo(a) Líder de Equipe,Complété par le Chef d’équipe
IFD,IFD/FMM,35,BL-L1031,Progress Monitoring Report March Validation Workflow,132598,Approved,JulianB,Chief of Operations,290536,Approved-PMI_COO,SATISFACTORY,"The Project Team Leader, noted that at the end of 2020, the project had already signed contracts (committed) in excess of 60% (US$8.4M) of the approved amount and had incurred expenses as well as received invoices under the main contract for the ITAS system with Data Torque Bahamas limited of over US1,758,050.68. Unfortunately, this good financial performance, both in terms of the disbursement’s levels and financial progress, was not reflected in the PMR due to an administrative issue with regards to the advance payment guarantee under the ITAS contract.   According to the signed contract for the ITAS, a first payment of 10% as advance payment of the total implementation price and functional upgrades upon contract signature and receipt of Bank Guarantee for advance payment was projected to be done on June 1, 2020. This was not achieved mainly due to the impact of COVID-19 affecting the normal pace of business of the commercial bank in Bahamas that would have issued the guarantee on behalf of Data Torque Bahamas Limited.   It was noted nonetheless, that this administrative matter with the guarantee was resolved and all outstanding invoices that amount US1,758,050.68 was paid  on March 12th  2021.Though the project's draft classification is ""Alert"", the project is progressing in a satisfactory manner. The reason for the draft classification was the first payment of ITAS that was supposed to happen in the last quarter, occurred in March 2021. However, from now on, the project is expected to progress as planned. Therefore, the Project Team Leader proposed for the consideration of the Chief of Operation a change of the PMR from ""Alert"" to Satisfactory so that the rating better aligns with the real progress that has been happening under the project.  The Chief of Operations accepted the justification and agreed with the change to Satisfactory.   ",4/18/2021 19:25,6/15/2026 23:04,6/15/2026 23:04,PMI_COO,Validated by Chief of Operations,Validado por los Jefes de Operaciones,Validado pelo(a) Chefe de Operações,Validé par le Chef des opérations
IFD,IFD/FMM,35,UR-L1111,Progress Monitoring Report March Validation Workflow,133117,Approved,FERNANDOCU,Chief of Operations,292125,Approved-PMI_COO,Satisfactory,Es importante ver alternativas para acelerar la ejecución dado que a este ritmo el proyecto requeriría una extensión de plazos; esperamos que el equipo presente estas alternativas luego de la revisión de cartera de abril.  ,4/6/2021 12:12,6/15/2026 23:04,6/15/2026 23:04,PMI_COO,Validated by Chief of Operations,Validado por los Jefes de Operaciones,Validado pelo(a) Chefe de Operações,Validé par le Chef des opérations
IFD,IFD/FMM,37,BR-L1525,Progress Monitoring Report September Validation Workflow,151944,Approved-PMI_COO,PATRICIAGB,Team Leader,349623,Approved-PMI_TL,Problem,,9/30/2021 17:32,6/15/2026 23:04,6/15/2026 23:04,PMI_TL,Completed by Team Leader,Completado por el Líder de Equipo,Completado pelo(a) Líder de Equipe,Complété par le Chef d’équipe
IFD,IFD/FMM,35,BR-L1501,Progress Monitoring Report March Validation Workflow,132156,Approved,PAOLAA,Chief of Operations,289412,Approved-PMI_COO,Satisfactory,,4/6/2021 0:01,6/15/2026 23:04,6/15/2026 23:04,PMI_COO,Validated by Chief of Operations,Validado por los Jefes de Operaciones,Validado pelo(a) Chefe de Operações,Validé par le Chef des opérations
IFD,IFD/FMM,35,BR-L1535,Progress Monitoring Report March Validation Workflow,132159,Approved,emiliopi,Division Chief,292063,Approved-PMI_DC,Satisfactory,,4/7/2021 14:23,6/15/2026 23:04,6/15/2026 23:04,PMI_DC,Validated by Division Chief,Validada por el Jefe de División,Validado pelo(a) Chefe de Divisão,Validé par le Chef de Division
IFD,IFD/FMM,37,UR-L1111,Progress Monitoring Report September Validation Workflow,152043,Approved-PMI_COO,jgomezreino,Team Leader,349891,Approved-PMI_TL,Problem,,10/1/2021 11:38,6/15/2026 23:04,6/15/2026 23:04,PMI_TL,Completed by Team Leader,Completado por el Líder de Equipo,Completado pelo(a) Líder de Equipe,Complété par le Chef d’équipe
IFD,IFD/FMM,35,BR-L1517,Progress Monitoring Report March Validation Workflow,131060,Approved,emiliopi,Division Chief,292601,Approved-PMI_DC,Problem,,4/8/2021 16:25,6/15/2026 23:04,6/15/2026 23:04,PMI_DC,Validated by Division Chief,Validada por el Jefe de División,Validado pelo(a) Chefe de Divisão,Validé par le Chef de Division
IFD,IFD/FMM,35,BR-L1517,Progress Monitoring Report March Validation Workflow,131060,Approved,PAOLAA,Representative,293596,Approved-PMI_CR,Problem,,4/8/2021 22:07,6/15/2026 23:04,6/15/2026 23:04,PMI_CR,Validated by Representative,Validada por el Representante de País,Validado pelo(a) Representante do País,Validé par le Représentant de pays
IFD,IFD/FMM,37,PE-L1239,Progress Monitoring Report September Validation Workflow,152192,Approved-PMI_COO,ecambiasso,Chief of Operations,350252,Approved-PMI_COO,Problem,,10/20/2021 17:39,6/15/2026 23:04,6/15/2026 23:04,PMI_COO,Validated by Chief of Operations,Validado por los Jefes de Operaciones,Validado pelo(a) Chefe de Operações,Validé par le Chef des opérations
IFD,IFD/FMM,53,PE-L1231,Progress Monitoring Report September Validation Workflow,362408,Approved-PMI_COO,ecambiasso,Chief of Operations,1008484,Approved-PMI_COO,Satisfactory,,10/7/2025 15:58,6/15/2026 23:04,6/15/2026 23:04,PMI_COO,Validated by Chief of Operations,Validado por los Jefes de Operaciones,Validado pelo(a) Chefe de Operações,Validé par le Chef des opérations
IFD,IFD/FMM,53,PR-L1150,Progress Monitoring Report September Validation Workflow,362420,Approved-PMI_COO,manuelfe,Chief of Operations,1008520,Approved-PMI_COO,Alert,,10/1/2025 16:20,6/15/2026 23:04,6/15/2026 23:04,PMI_COO,Validated by Chief of Operations,Validado por los Jefes de Operaciones,Validado pelo(a) Chefe de Operações,Validé par le Chef des opérations
IFD,IFD/FMM,35,BR-L1533,Progress Monitoring Report March Validation Workflow,132077,Approved,PATRICIAGB,Team Leader,289202,Approved-PMI_TL,Alert,,3/26/2021 14:56,6/15/2026 23:04,6/15/2026 23:04,PMI_TL,Completed by Team Leader,Completado por el Líder de Equipo,Completado pelo(a) Líder de Equipe,Complété par le Chef d’équipe
IFD,IFD/FMM,28,PE-L1231,Progress Monitoring Report September Validation Workflow,74740,Approved,josel,Team Leader,164659,Approved-PMI_TL,N/A,,10/1/2018 17:38,6/15/2026 23:04,6/15/2026 23:04,PMI_TL,Completed by Team Leader,Completado por el Líder de Equipo,Completado pelo(a) Líder de Equipe,Complété par le Chef d’équipe
IFD,IFD/FMM,38,BR-L1377,Progress Monitoring Report March Validation Workflow,174692,Approved,PAOLAA,Chief of Operations,415154,Approved-PMI_COO,Satisfactory,,4/17/2022 19:06,6/15/2026 23:04,6/15/2026 23:04,PMI_COO,Validated by Chief of Operations,Validado por los Jefes de Operaciones,Validado pelo(a) Chefe de Operações,Validé par le Chef des opérations
IFD,IFD/FMM,38,BR-L1516,Progress Monitoring Report March Validation Workflow,174694,Approved,mmacdowell,Team Leader,415157,Approved-PMI_TL,Satisfactory,,3/25/2022 7:40,6/15/2026 23:04,6/15/2026 23:04,PMI_TL,Completed by Team Leader,Completado por el Líder de Equipo,Completado pelo(a) Líder de Equipe,Complété par le Chef d’équipe
IFD,IFD/FMM,29,EC-L1230,Progress Monitoring Report March Validation Workflow,83976,Approved,vicentef,Division Chief,182562,Approved-PMI_DC,Satisfactory,,4/1/2019 15:48,6/15/2026 23:04,6/15/2026 23:04,PMI_DC,Validated by Division Chief,Validada por el Jefe de División,Validado pelo(a) Chefe de Divisão,Validé par le Chef de Division
IFD,IFD/FMM,32,BR-L1534,Progress Monitoring Report March Validation Workflow,103093,Approved,paolaa,Chief of Operations,212041,Approved-PMI_COO,Satisfactory,,3/27/2020 8:21,6/15/2026 23:04,6/15/2026 23:04,PMI_COO,Validated by Chief of Operations,Validado por los Jefes de Operaciones,Validado pelo(a) Chefe de Operações,Validé par le Chef des opérations
IFD,IFD/FMM,34,BR-L1533,Progress Monitoring Report September Validation Workflow,110650,Approved-PMI_COO,PAOLAA,Chief of Operations,226825,Approved-PMI_COO,Satisfactory,,10/20/2020 23:05,6/15/2026 23:04,6/15/2026 23:04,PMI_COO,Validated by Chief of Operations,Validado por los Jefes de Operaciones,Validado pelo(a) Chefe de Operações,Validé par le Chef des opérations
IFD,IFD/FMM,35,BR-L1516,Progress Monitoring Report March Validation Workflow,132157,Approved,emiliopi,Division Chief,292054,Approved-PMI_DC,Satisfactory,,4/7/2021 14:20,6/15/2026 23:04,6/15/2026 23:04,PMI_DC,Validated by Division Chief,Validada por el Jefe de División,Validado pelo(a) Chefe de Divisão,Validé par le Chef de Division
IFD,IFD/FMM,35,BR-L1527,Progress Monitoring Report March Validation Workflow,132158,Approved,emiliopi,Division Chief,292059,Approved-PMI_DC,Satisfactory,,4/7/2021 14:21,6/15/2026 23:04,6/15/2026 23:04,PMI_DC,Validated by Division Chief,Validada por el Jefe de División,Validado pelo(a) Chefe de Divisão,Validé par le Chef de Division
IFD,IFD/FMM,35,BR-L1535,Progress Monitoring Report March Validation Workflow,132159,Approved,PAOLAA,Representative,293018,Approved-PMI_CR,Satisfactory,,4/8/2021 22:05,6/15/2026 23:04,6/15/2026 23:04,PMI_CR,Validated by Representative,Validada por el Representante de País,Validado pelo(a) Representante do País,Validé par le Représentant de pays
IFD,IFD/FMM,35,BL-L1031,Progress Monitoring Report March Validation Workflow,132598,Approved,ramirol,Representative,297888,Approved-PMI_CR,SATISFACTORY,,4/23/2021 13:08,6/15/2026 23:04,6/15/2026 23:04,PMI_CR,Validated by Representative,Validada por el Representante de País,Validado pelo(a) Representante do País,Validé par le Représentant de pays
IFD,IFD/FMM,32,PE-L1231,Progress Monitoring Report March Validation Workflow,103735,Approved,belindap,Team Leader,213269,Approved-PMI_TL,Satisfactory,,3/26/2020 19:42,6/15/2026 23:04,6/15/2026 23:04,PMI_TL,Completed by Team Leader,Completado por el Líder de Equipo,Completado pelo(a) Líder de Equipe,Complété par le Chef d’équipe
IFD,IFD/FMM,35,BR-L1511,Progress Monitoring Report March Validation Workflow,132523,Approved,PAOLAA,Representative,293010,Approved-PMI_CR,Satisfactory,,4/8/2021 22:05,6/15/2026 23:04,6/15/2026 23:04,PMI_CR,Validated by Representative,Validada por el Representante de País,Validado pelo(a) Representante do País,Validé par le Représentant de pays
IFD,IFD/FMM,29,BR-L1516,Progress Monitoring Report March Validation Workflow,83866,Approved,paolaa,Chief of Operations,180140,Approved-PMI_COO,Satisfactory,,3/27/2019 17:58,6/15/2026 23:04,6/15/2026 23:04,PMI_COO,Validated by Chief of Operations,Validado por los Jefes de Operaciones,Validado pelo(a) Chefe de Operações,Validé par le Chef des opérations
IFD,IFD/FMM,25,BR-L1377,Progress Monitoring Report September Validation Workflow,55963,Approved,carolines,Chief of Operations,124634,Approved-PMI_COO,,,10/10/2017 10:54,6/15/2026 23:04,6/15/2026 23:04,PMI_COO,Validated by Chief of Operations,Validado por los Jefes de Operaciones,Validado pelo(a) Chefe de Operações,Validé par le Chef des opérations
IFD,IFD/FMM,32,AR-L1285,Progress Monitoring Report March Validation Workflow,103242,Aprobado,EARRAIZA,Chief of Operations,212306,Approved-PMI_COO,Satisfactory,,4/14/2020 10:18,6/15/2026 23:04,6/15/2026 23:04,PMI_COO,Validated by Chief of Operations,Validado por los Jefes de Operaciones,Validado pelo(a) Chefe de Operações,Validé par le Chef des opérations
IFD,IFD/FMM,35,PE-L1239,Progress Monitoring Report March Validation Workflow,132798,Aprobado,JavierGa,Chief of Operations,291165,Approved-PMI_COO,Alert,"A pesar de los esfuerzos hechos por el equipo de proyecto y la propia unidad ejecutora de la SUNAT, la operación no ha logrado avances significativos en 2020 ni en temas físicos ni financieros que ameriten su reclasificación. Es clave que se refuerce la apropiación por parte de la SUNAT de la operación y sobre todo será crítico el cambio de autoridades en la Superintendencia, cuando se den los cambios también a nivel Gobierno.",4/19/2021 14:46,6/15/2026 23:04,6/15/2026 23:04,PMI_COO,Validated by Chief of Operations,Validado por los Jefes de Operaciones,Validado pelo(a) Chefe de Operações,Validé par le Chef des opérations
IFD,IFD/FMM,35,PE-L1239,Progress Monitoring Report March Validation Workflow,132798,Aprobado,emiliopi,Division Chief,296684,Approved-PMI_DC,Alert,,4/22/2021 9:37,6/15/2026 23:04,6/15/2026 23:04,PMI_DC,Validated by Division Chief,Validada por el Jefe de División,Validado pelo(a) Chefe de Divisão,Validé par le Chef de Division
IFD,IFD/FMM,31,EC-L1230,Progress Monitoring Report September Validation Workflow,93830,Approved-PMI_COO,jgomezreino,Team Leader,197298,Approved-PMI_TL,Satisfactory,,10/7/2019 17:28,6/15/2026 23:04,6/15/2026 23:04,PMI_TL,Completed by Team Leader,Completado por el Líder de Equipo,Completado pelo(a) Líder de Equipe,Complété par le Chef d’équipe
